wall_time,episode_phase,probe_phase,phase_elapsed,active_gate_index,frame_id,detected,track_id,candidate_count,tracking_confidence,tracking_missed_frames,track_switched,track_switch_reason,association_score,rejected_edge_fragments,selected_cx,selected_cy,selected_area_px,candidates_json,cmd_roll_rate,cmd_pitch_rate,cmd_yaw_rate,cmd_thrust,termination_reason
1784258807.6747777,RESET_REQUESTED,RESETTING,,,,False,,0,,,False,,,0,,,,[],0.0,0.0,0.0,0.0,
1784258807.6948757,RESET_REQUESTED,RESETTING,,,517400,True,1,1,1.0,0,True,acquired,,0,325.9831396673502,180.1881977671451,731.5,"[{""bbox"": [306, 158, 38, 38], ""centroid"": [325.9831396673502, 180.1881977671451], ""area_px"": 731.5, ""has_hole"": false}]",0.0,0.0,0.0,0.0,
1784258807.715434,WAITING_FOR_ARM,RESETTING,,0,517401,True,2,1,1.0,0,True,acquired,,0,326.102633969119,180.17370572207085,734.0,"[{""bbox"": [306, 158, 38, 38], ""centroid"": [326.102633969119, 180.17370572207085], ""area_px"": 734.0, ""has_hole"": false}]",0.0,0.0,0.0,0.0,
1784258807.7354727,WAITING_FOR_ARM,RESETTING,,0,517401,True,2,1,1.0,0,True,acquired,,0,326.102633969119,180.17370572207085,734.0,"[{""bbox"": [306, 158, 38, 38], ""centroid"": [326.102633969119, 180.17370572207085], ""area_px"": 734.0, ""has_hole"": false}]",0.0,0.0,0.0,0.0,
1784258807.7551107,WAITING_FOR_ARM,RESETTING,,0,517402,True,2,1,0.9813344477092286,0,False,,0.01866555229077134,0,325.4783365991726,179.2035706509906,765.5,"[{""bbox"": [306, 158, 38, 38], ""centroid"": [325.4783365991726, 179.2035706509906], ""area_px"": 765.5, ""has_hole"": false}]",0.0,0.0,0.0,0.0,
1784258807.7755399,WAITING_FOR_ARM,RESETTING,,0,517403,True,2,1,0.9989971384846599,0,False,,0.0010028615153401736,0,325.58099586866706,179.18960643618175,766.5,"[{""bbox"": [306, 158, 38, 38], ""centroid"": [325.58099586866706, 179.18960643618175], ""area_px"": 766.5, ""has_hole"": false}]",0.0,0.0,0.0,0.0,
1784258807.795302,WAITING_FOR_ARM,RESETTING,,0,517403,True,2,1,0.9989971384846599,0,False,,0.0010028615153401736,0,325.58099586866706,179.18960643618175,766.5,"[{""bbox"": [306, 158, 38, 38], ""centroid"": [325.58099586866706, 179.18960643618175], ""area_px"": 766.5, ""has_hole"": false}]",0.0,0.0,0.0,0.0,
1784258807.8151505,WAITING_FOR_ARM,RESETTING,,0,517404,True,2,1,0.9915679020531373,0,False,,0.008432097946862758,0,325.4837268666241,178.80982769623483,783.5,"[{""bbox"": [306, 158, 38, 38], ""centroid"": [325.4837268666241, 178.80982769623483], ""area_px"": 783.5, ""has_hole"": false}]",0.0,0.0,0.0,0.0,
1784258807.8351872,WAITING_FOR_ARM,RESETTING,,0,517404,True,2,1,0.9915679020531373,0,False,,0.008432097946862758,0,325.4837268666241,178.80982769623483,783.5,"[{""bbox"": [306, 158, 38, 38], ""centroid"": [325.4837268666241, 178.80982769623483], ""area_px"": 783.5, ""has_hole"": false}]",0.0,0.0,0.0,0.0,
1784258807.855458,WAITING_FOR_ARM,RESETTING,,0,517405,True,2,1,0.8396239493443455,0,False,,0.1603760506556545,0,324.87287924151696,176.52345309381235,1336.0,"[{""bbox"": [306, 158, 38, 38], ""centroid"": [324.87287924151696, 176.52345309381235], ""area_px"": 1336.0, ""has_hole"": true}]",0.0,0.0,0.0,0.0,
1784258807.8749752,WAITING_FOR_ARM,RESETTING,,0,517405,True,2,1,0.8396239493443455,0,False,,0.1603760506556545,0,324.87287924151696,176.52345309381235,1336.0,"[{""bbox"": [306, 158, 38, 38], ""centroid"": [324.87287924151696, 176.52345309381235], ""area_px"": 1336.0, ""has_hole"": true}]",0.0,0.0,0.0,0.0,
1784258807.8951726,WAITING_FOR_ARM,RESETTING,,0,517406,True,2,2,0.9986623491445515,0,False,,0.0013376508554484266,0,324.9404404404404,176.57207207207207,1332.0,"[{""bbox"": [306, 158, 38, 38], ""centroid"": [324.9404404404404, 176.57207207207207], ""area_px"": 1332.0, ""has_hole"": true}, {""bbox"": [328, 210, 18, 20], ""centroid"": [336.70700280112044, 219.64033613445378], ""area_px"": 297.5, ""has_hole"": true}]",0.0,0.0,0.0,0.0,
1784258807.9151075,WAITING_FOR_ARM,RESETTING,,0,517407,True,2,2,0.9994843486922782,0,False,,0.0005156513077217475,0,324.89359839959985,176.55513878469617,1333.0,"[{""bbox"": [306, 158, 38, 38], ""centroid"": [324.89359839959985, 176.55513878469617], ""area_px"": 1333.0, ""has_hole"": true}, {""bbox"": [328, 210, 18, 20], ""centroid"": [336.5904605263158, 219.52192982456137], ""area_px"": 304.0, ""has_hole"": true}]",0.0,0.0,0.0,0.0,
1784258807.9350953,WAITING_FOR_ARM,RESETTING,,0,517407,True,2,2,0.9994843486922782,0,False,,0.0005156513077217475,0,324.89359839959985,176.55513878469617,1333.0,"[{""bbox"": [306, 158, 38, 38], ""centroid"": [324.89359839959985, 176.55513878469617], ""area_px"": 1333.0, ""has_hole"": true}, {""bbox"": [328, 210, 18, 20], ""centroid"": [336.5904605263158, 219.52192982456137], ""area_px"": 304.0, ""has_hole"": true}]",0.0,0.0,0.0,0.0,
1784258807.9552643,WAITING_FOR_ARM,RESETTING,,0,517408,True,2,2,0.9994425829187379,0,False,,0.0005574170812620885,0,324.94844844844846,176.5686936936937,1332.0,"[{""bbox"": [306, 158, 38, 38], ""centroid"": [324.94844844844846, 176.5686936936937], ""area_px"": 1332.0, ""has_hole"": true}, {""bbox"": [328, 210, 18, 20], ""centroid"": [336.5571895424837, 219.40795206971677], ""area_px"": 306.0, ""has_hole"": true}]",0.0,0.0,0.0,0.0,
1784258807.9755995,WAITING_FOR_ARM,RESETTING,,0,517409,True,2,2,0.9997074884876509,0,False,,0.00029251151234914625,0,324.94540445780115,176.5823941898322,1331.0,"[{""bbox"": [306, 158, 38, 38], ""centroid"": [324.94540445780115, 176.5823941898322], ""area_px"": 1331.0, ""has_hole"": true}, {""bbox"": [328, 210, 18, 20], ""centroid"": [336.51773049645385, 219.39498090561918], ""area_px"": 305.5, ""has_hole"": true}]",0.0,0.0,0.0,0.0,
1784258807.9951286,WAITING_FOR_ARM,RESETTING,,0,517409,True,2,2,0.9997074884876509,0,False,,0.00029251151234914625,0,324.94540445780115,176.5823941898322,1331.0,"[{""bbox"": [306, 158, 38, 38], ""centroid"": [324.94540445780115, 176.5823941898322], ""area_px"": 1331.0, ""has_hole"": true}, {""bbox"": [328, 210, 18, 20], ""centroid"": [336.51773049645385, 219.39498090561918], ""area_px"": 305.5, ""has_hole"": true}]",0.0,0.0,0.0,0.0,
1784258808.0156283,WAITING_FOR_ARM,RESETTING,,0,517410,True,2,2,0.9994271793079229,0,False,,0.0005728206920771304,0,324.94173543385847,176.55651412853211,1333.0,"[{""bbox"": [306, 158, 38, 38], ""centroid"": [324.94173543385847, 176.55651412853211], ""area_px"": 1333.0, ""has_hole"": true}, {""bbox"": [328, 210, 18, 20], ""centroid"": [336.5194174757282, 219.38241639697947], ""area_px"": 309.0, ""has_hole"": true}]",0.0,0.0,0.0,0.0,
1784258808.035423,WAITING_FOR_ARM,RESETTING,,0,517411,True,2,2,0.9981263051016602,0,False,,0.0018736948983397173,0,325.0119316754584,176.63187641296156,1327.0,"[{""bbox"": [306, 158, 38, 38], ""centroid"": [325.0119316754584, 176.63187641296156], ""area_px"": 1327.0, ""has_hole"": true}, {""bbox"": [328, 210, 18, 20], ""centroid"": [336.48184281842816, 219.339837398374], ""area_px"": 307.5, ""has_hole"": true}]",0.0,0.0,0.0,0.0,
1784258808.055241,WAITING_FOR_ARM,RESETTING,,0,517411,True,2,2,0.9981263051016602,0,False,,0.0018736948983397173,0,325.0119316754584,176.63187641296156,1327.0,"[{""bbox"": [306, 158, 38, 38], ""centroid"": [325.0119316754584, 176.63187641296156], ""area_px"": 1327.0, ""has_hole"": true}, {""bbox"": [328, 210, 18, 20], ""centroid"": [336.48184281842816, 219.339837398374], ""area_px"": 307.5, ""has_hole"": true}]",0.0,0.0,0.0,0.0,
1784258808.075119,WAITING_FOR_ARM,RESETTING,,0,517411,True,2,2,0.9981263051016602,0,False,,0.0018736948983397173,0,325.0119316754584,176.63187641296156,1327.0,"[{""bbox"": [306, 158, 38, 38], ""centroid"": [325.0119316754584, 176.63187641296156], ""area_px"": 1327.0, ""has_hole"": true}, {""bbox"": [328, 210, 18, 20], ""centroid"": [336.48184281842816, 219.339837398374], ""area_px"": 307.5, ""has_hole"": true}]",0.0,0.0,0.0,0.0,
1784258808.094949,WAITING_FOR_ARM,RESETTING,,0,517412,True,2,2,0.9986787587392041,0,False,,0.0013212412607958792,0,324.969196093163,176.5641121963436,1331.0,"[{""bbox"": [306, 158, 38, 38], ""centroid"": [324.969196093163, 176.5641121963436], ""area_px"": 1331.0, ""has_hole"": true}, {""bbox"": [328, 210, 18, 20], ""centroid"": [336.51129032258063, 219.35376344086018], ""area_px"": 310.0, ""has_hole"": true}]",0.0,0.0,0.0,0.0,
1784258808.1148705,WAITING_FOR_ARM,RESETTING,,0,517413,True,2,2,0.9990872741252802,0,False,,0.000912725874719828,0,324.92753623188406,176.5875812093953,1334.0,"[{""bbox"": [306, 158, 38, 38], ""centroid"": [324.92753623188406, 176.5875812093953], ""area_px"": 1334.0, ""has_hole"": true}, {""bbox"": [328, 210, 18, 20], ""centroid"": [336.49676375404533, 219.3247033441208], ""area_px"": 309.0, ""has_hole"": true}]",0.0,0.0,0.0,0.0,
1784258808.1348996,WAITING_FOR_ARM,RESETTING,,0,517413,True,2,2,0.9990872741252802,0,False,,0.000912725874719828,0,324.92753623188406,176.5875812093953,1334.0,"[{""bbox"": [306, 158, 38, 38], ""centroid"": [324.92753623188406, 176.5875812093953], ""area_px"": 1334.0, ""has_hole"": true}, {""bbox"": [328, 210, 18, 20], ""centroid"": [336.49676375404533, 219.3247033441208], ""area_px"": 309.0, ""has_hole"": true}]",0.0,0.0,0.0,0.0,
1784258808.1552107,WAITING_FOR_ARM,RESETTING,,0,517414,True,2,2,0.9987726901281614,0,False,,0.001227309871838589,0,324.8746885899352,176.54845540607872,1338.0,"[{""bbox"": [306, 158, 38, 38], ""centroid"": [324.8746885899352, 176.54845540607872], ""area_px"": 1338.0, ""has_hole"": true}, {""bbox"": [328, 210, 18, 20], ""centroid"": [336.56796116504853, 219.3247033441208], ""area_px"": 309.0, ""has_hole"": true}]",0.0,0.0,0.0,0.0,
1784258808.1749852,WAITING_FOR_ARM,RESETTING,,0,517415,True,2,2,0.9995697309459526,0,False,,0.00043026905404738196,0,324.8547965658828,176.54684583799926,1339.5,"[{""bbox"": [306, 158, 38, 38], ""centroid"": [324.8547965658828, 176.54684583799926], ""area_px"": 1339.5, ""has_hole"": true}, {""bbox"": [328, 210, 18, 20], ""centroid"": [336.5275974025974, 219.35281385281382], ""area_px"": 308.0, ""has_hole"": true}]",0.0,0.0,0.0,0.0,
1784258808.1951451,WAITING_FOR_ARM,RESETTING,,0,517415,True,3,2,1.0,0,True,acquired,,0,324.8547965658828,176.54684583799926,1339.5,"[{""bbox"": [306, 158, 38, 38], ""centroid"": [324.8547965658828, 176.54684583799926], ""area_px"": 1339.5, ""has_hole"": true}, {""bbox"": [328, 210, 18, 20], ""centroid"": [336.5275974025974, 219.35281385281382], ""area_px"": 308.0, ""has_hole"": true}]",0.0,0.0,0.0,0.0,
1784258808.215304,WAITING_FOR_ARM,RESETTING,,0,517416,True,3,2,0.7805992817911701,0,False,,0.21940071820882986,0,324.94252873563215,192.52923538230885,1334.0,"[{""bbox"": [306, 174, 38, 38], ""centroid"": [324.94252873563215, 192.52923538230885], ""area_px"": 1334.0, ""has_hole"": true}, {""bbox"": [328, 226, 19, 20], ""centroid"": [337.1293995859213, 235.5238095238095], ""area_px"": 322.0, ""has_hole"": true}]",0.0,0.0,0.0,0.0,
1784258808.2350879,WAITING_FOR_ARM,RESETTING,,0,517417,True,3,2,0.9978713613231975,0,False,,0.002128638676802459,0,325.0317759356945,192.59532780708363,1327.0,"[{""bbox"": [306, 174, 38, 38], ""centroid"": [325.0317759356945, 192.59532780708363], ""area_px"": 1327.0, ""has_hole"": true}, {""bbox"": [328, 226, 19, 20], ""centroid"": [337.15903106898367, 235.48025276461294], ""area_px"": 316.5, ""has_hole"": true}]",0.0,0.0,0.0,0.0,
1784258808.2550879,WAITING_FOR_ARM,RESETTING,,0,517417,True,3,2,0.9978713613231975,0,False,,0.002128638676802459,0,325.0317759356945,192.59532780708363,1327.0,"[{""bbox"": [306, 174, 38, 38], ""centroid"": [325.0317759356945, 192.59532780708363], ""area_px"": 1327.0, ""has_hole"": true}, {""bbox"": [328, 226, 19, 20], ""centroid"": [337.15903106898367, 235.48025276461294], ""area_px"": 316.5, ""has_hole"": true}]",0.0,0.0,0.0,0.0,
1784258808.2755003,WAITING_FOR_ARM,RESETTING,,0,517417,True,3,2,0.9978713613231975,0,False,,0.002128638676802459,0,325.0317759356945,192.59532780708363,1327.0,"[{""bbox"": [306, 174, 38, 38], ""centroid"": [325.0317759356945, 192.59532780708363], ""area_px"": 1327.0, ""has_hole"": true}, {""bbox"": [328, 226, 19, 20], ""centroid"": [337.15903106898367, 235.48025276461294], ""area_px"": 316.5, ""has_hole"": true}]",0.0,0.0,0.0,0.0,
1784258808.295368,WAITING_FOR_ARM,RESETTING,,0,517418,True,3,2,0.5980515731676886,0,False,,0.40194842683231136,0,325.8390899122807,181.57702850877192,608.0,"[{""bbox"": [307, 158, 37, 38], ""centroid"": [325.8390899122807, 181.57702850877192], ""area_px"": 608.0, ""has_hole"": false}, {""bbox"": [328, 210, 18, 20], ""centroid"": [336.6457300275482, 219.47878787878787], ""area_px"": 302.5, ""has_hole"": true}]",0.0,0.0,0.0,0.0,
1784258808.315442,WAITING_FOR_ARM,RESETTING,,0,517419,True,3,2,0.9930192844495657,0,False,,0.006980715550434288,0,326.0158333333333,182.08666666666667,600.0,"[{""bbox"": [307, 158, 37, 38], ""centroid"": [326.0158333333333, 182.08666666666667], ""area_px"": 600.0, ""has_hole"": false}, {""bbox"": [328, 210, 18, 19], ""centroid"": [336.6433844406587, 219.2998296422487], ""area_px"": 293.5, ""has_hole"": true}]",0.0,0.0,0.0,0.0,
1784258808.334898,WAITING_FOR_ARM,RESETTING,,0,517419,True,3,2,0.9930192844495657,0,False,,0.006980715550434288,0,326.0158333333333,182.08666666666667,600.0,"[{""bbox"": [307, 158, 37, 38], ""centroid"": [326.0158333333333, 182.08666666666667], ""area_px"": 600.0, ""has_hole"": false}, {""bbox"": [328, 210, 18, 19], ""centroid"": [336.6433844406587, 219.2998296422487], ""area_px"": 293.5, ""has_hole"": true}]",0.0,0.0,0.0,0.0,
1784258808.355447,WAITING_FOR_ARM,RESETTING,,0,517420,True,3,2,0.9898055851381973,0,False,,0.010194414861802678,0,326.4115990990991,183.0554617117117,592.0,"[{""bbox"": [307, 158, 37, 38], ""centroid"": [326.4115990990991, 183.0554617117117], ""area_px"": 592.0, ""has_hole"": false}, {""bbox"": [328, 210, 18, 20], ""centroid"": [336.6044817927171, 219.24481792717086], ""area_px"": 297.5, ""has_hole"": true}]",0.0,0.0,0.0,0.0,
1784258808.374891,WAITING_FOR_ARM,RESETTING,,0,517421,True,3,2,0.9604876375136859,0,False,,0.039512362486314026,0,326.561321972631,181.35682933126773,645.5,"[{""bbox"": [306, 158, 38, 38], ""centroid"": [326.561321972631, 181.35682933126773], ""area_px"": 645.5, ""has_hole"": false}, {""bbox"": [328, 210, 18, 20], ""centroid"": [336.6828587381351, 219.3327749860413], ""area_px"": 298.5, ""has_hole"": true}]",0.0,0.0,0.0,0.0,
1784258808.395142,WAITING_FOR_ARM,RESETTING,,0,517421,True,3,2,0.9604876375136859,0,False,,0.039512362486314026,0,326.561321972631,181.35682933126773,645.5,"[{""bbox"": [306, 158, 38, 38], ""centroid"": [326.561321972631, 181.35682933126773], ""area_px"": 645.5, ""has_hole"": false}, {""bbox"": [328, 210, 18, 20], ""centroid"": [336.6828587381351, 219.3327749860413], ""area_px"": 298.5, ""has_hole"": true}]",0.0,0.0,0.0,0.0,
1784258808.4152322,WAITING_FOR_ARM,RESETTING,,0,517421,True,3,2,0.9604876375136859,0,False,,0.039512362486314026,0,326.561321972631,181.35682933126773,645.5,"[{""bbox"": [306, 158, 38, 38], ""centroid"": [326.561321972631, 181.35682933126773], ""area_px"": 645.5, ""has_hole"": false}, {""bbox"": [328, 210, 18, 20], ""centroid"": [336.6828587381351, 219.3327749860413], ""area_px"": 298.5, ""has_hole"": true}]",0.0,0.0,0.0,0.0,
1784258808.4362519,WAITING_FOR_ARM,RESETTING,,0,517423,True,3,2,0.9969183273202296,0,False,,0.003081672679770455,0,327.07321916108214,180.5929511044924,671.5,"[{""bbox"": [306, 158, 38, 38], ""centroid"": [327.07321916108214, 180.5929511044924], ""area_px"": 671.5, ""has_hole"": false}, {""bbox"": [328, 210, 18, 20], ""centroid"": [336.58701582105834, 219.22149481723946], ""area_px"": 305.5, ""has_hole"": true}]",0.0,0.0,0.0,0.0,
1784258808.455049,WAITING_FOR_ARM,RESETTING,,0,517423,True,3,2,0.9969183273202296,0,False,,0.003081672679770455,0,327.07321916108214,180.5929511044924,671.5,"[{""bbox"": [306, 158, 38, 38], ""centroid"": [327.07321916108214, 180.5929511044924], ""area_px"": 671.5, ""has_hole"": false}, {""bbox"": [328, 210, 18, 20], ""centroid"": [336.58701582105834, 219.22149481723946], ""area_px"": 305.5, ""has_hole"": true}]",0.0,0.0,0.0,0.0,
1784258808.476479,WAITING_FOR_ARM,RESETTING,,0,517423,True,3,2,0.9969183273202296,0,False,,0.003081672679770455,0,327.07321916108214,180.5929511044924,671.5,"[{""bbox"": [306, 158, 38, 38], ""centroid"": [327.07321916108214, 180.5929511044924], ""area_px"": 671.5, ""has_hole"": false}, {""bbox"": [328, 210, 18, 20], ""centroid"": [336.58701582105834, 219.22149481723946], ""area_px"": 305.5, ""has_hole"": true}]",0.0,0.0,0.0,0.0,
1784258808.5047398,WAITING_FOR_ARM,RESETTING,,0,517424,True,3,2,0.9879038248161268,0,False,,0.012096175183873136,0,326.0676399026764,180.23357664233578,685.0,"[{""bbox"": [306, 158, 38, 38], ""centroid"": [326.0676399026764, 180.23357664233578], ""area_px"": 685.0, ""has_hole"": false}, {""bbox"": [328, 210, 18, 20], ""centroid"": [336.6001091107474, 219.16257501363881], ""area_px"": 305.5, ""has_hole"": true}]",0.0,0.0,0.0,0.0,
1784258808.5172136,WAITING_FOR_ARM,RESETTING,,0,517424,True,3,2,0.9879038248161268,0,False,,0.012096175183873136,0,326.0676399026764,180.23357664233578,685.0,"[{""bbox"": [306, 158, 38, 38], ""centroid"": [326.0676399026764, 180.23357664233578], ""area_px"": 685.0, ""has_hole"": false}, {""bbox"": [328, 210, 18, 20], ""centroid"": [336.6001091107474, 219.16257501363881], ""area_px"": 305.5, ""has_hole"": true}]",0.0,0.0,0.0,0.0,
1784258808.5356572,WAITING_FOR_ARM,RESETTING,,0,517425,True,3,2,0.9957207084593582,0,False,,0.004279291540641783,0,326.1104693140794,180.4387484957882,692.5,"[{""bbox"": [306, 158, 38, 38], ""centroid"": [326.1104693140794, 180.4387484957882], ""area_px"": 692.5, ""has_hole"": false}, {""bbox"": [328, 210, 18, 20], ""centroid"": [336.5916258836324, 219.19303969548665], ""area_px"": 306.5, ""has_hole"": true}]",0.0,0.0,0.0,0.0,
1784258808.5554564,WAITING_FOR_ARM,RESETTING,,0,517426,True,3,2,0.7994893135794099,0,False,,0.20051068642059014,0,325.1253787878788,176.63787878787878,1320.0,"[{""bbox"": [306, 158, 38, 38], ""centroid"": [325.1253787878788, 176.63787878787878], ""area_px"": 1320.0, ""has_hole"": true}, {""bbox"": [328, 210, 18, 20], ""centroid"": [336.631636562671, 219.2501368363437], ""area_px"": 304.5, ""has_hole"": true}]",0.0,0.0,0.0,0.0,
1784258808.575346,WAITING_FOR_ARM,RESETTING,,0,517426,True,3,2,0.7994893135794099,0,False,,0.20051068642059014,0,325.1253787878788,176.63787878787878,1320.0,"[{""bbox"": [306, 158, 38, 38], ""centroid"": [325.1253787878788, 176.63787878787878], ""area_px"": 1320.0, ""has_hole"": true}, {""bbox"": [328, 210, 18, 20], ""centroid"": [336.631636562671, 219.2501368363437], ""area_px"": 304.5, ""has_hole"": true}]",0.0,0.0,0.0,0.0,
1784258808.5953543,WAITING_FOR_ARM,RESETTING,,0,517427,True,3,2,0.998057021997374,0,False,,0.001942978002625981,0,325.17415587712617,176.57590759075907,1313.0,"[{""bbox"": [306, 158, 38, 38], ""centroid"": [325.17415587712617, 176.57590759075907], ""area_px"": 1313.0, ""has_hole"": true}, {""bbox"": [328, 210, 18, 20], ""centroid"": [336.6424242424242, 219.30853994490357], ""area_px"": 302.5, ""has_hole"": true}]",0.0,0.0,0.0,0.0,
1784258808.6151345,WAITING_FOR_ARM,RESETTING,,0,517427,True,3,2,0.998057021997374,0,False,,0.001942978002625981,0,325.17415587712617,176.57590759075907,1313.0,"[{""bbox"": [306, 158, 38, 38], ""centroid"": [325.17415587712617, 176.57590759075907], ""area_px"": 1313.0, ""has_hole"": true}, {""bbox"": [328, 210, 18, 20], ""centroid"": [336.6424242424242, 219.30853994490357], ""area_px"": 302.5, ""has_hole"": true}]",0.0,0.0,0.0,0.0,
1784258808.6405075,WAITING_FOR_ARM,RESETTING,,0,517428,True,3,2,0.9973061405421533,0,False,,0.002693859457846715,0,325.02397173858185,176.5050466818067,1321.0,"[{""bbox"": [306, 158, 38, 38], ""centroid"": [325.02397173858185, 176.5050466818067], ""area_px"": 1321.0, ""has_hole"": true}, {""bbox"": [328, 210, 18, 20], ""centroid"": [336.6711334450028, 219.47738693467338], ""area_px"": 298.5, ""has_hole"": true}]",0.0,0.0,0.0,0.0,
1784258808.6552348,WAITING_FOR_ARM,RESETTING,,0,517429,True,3,2,0.9968333832161892,0,False,,0.003166616783810845,0,324.92860715178796,176.44623655913978,1333.0,"[{""bbox"": [306, 158, 38, 38], ""centroid"": [324.92860715178796, 176.44623655913978], ""area_px"": 1333.0, ""has_hole"": true}, {""bbox"": [328, 210, 18, 20], ""centroid"": [336.74886621315187, 219.656462585034], ""area_px"": 294.0, ""has_hole"": true}]",0.0,0.0,0.0,0.0,
1784258808.6751523,WAITING_FOR_ARM,RESETTING,,0,517429,True,3,2,0.9968333832161892,0,False,,0.003166616783810845,0,324.92860715178796,176.44623655913978,1333.0,"[{""bbox"": [306, 158, 38, 38], ""centroid"": [324.92860715178796, 176.44623655913978], ""area_px"": 1333.0, ""has_hole"": true}, {""bbox"": [328, 210, 18, 20], ""centroid"": [336.74886621315187, 219.656462585034], ""area_px"": 294.0, ""has_hole"": true}]",0.0,0.0,0.0,0.0,
1784258808.6951773,WAITING_FOR_ARM,RESETTING,,0,517429,True,3,2,0.9968333832161892,0,False,,0.003166616783810845,0,324.92860715178796,176.44623655913978,1333.0,"[{""bbox"": [306, 158, 38, 38], ""centroid"": [324.92860715178796, 176.44623655913978], ""area_px"": 1333.0, ""has_hole"": true}, {""bbox"": [328, 210, 18, 20], ""centroid"": [336.74886621315187, 219.656462585034], ""area_px"": 294.0, ""has_hole"": true}]",0.0,0.0,0.0,0.0,
1784258808.7153368,WAITING_FOR_ARM,RESETTING,,0,517429,True,4,2,1.0,0,True,acquired,,0,324.92860715178796,176.44623655913978,1333.0,"[{""bbox"": [306, 158, 38, 38], ""centroid"": [324.92860715178796, 176.44623655913978], ""area_px"": 1333.0, ""has_hole"": true}, {""bbox"": [328, 210, 18, 20], ""centroid"": [336.74886621315187, 219.656462585034], ""area_px"": 294.0, ""has_hole"": true}]",0.0,0.0,0.0,0.0,
1784258808.7351766,WAITING_FOR_ARM,RESETTING,,0,517429,True,4,2,1.0,0,True,acquired,,0,324.92860715178796,176.44623655913978,1333.0,"[{""bbox"": [306, 158, 38, 38], ""centroid"": [324.92860715178796, 176.44623655913978], ""area_px"": 1333.0, ""has_hole"": true}, {""bbox"": [328, 210, 18, 20], ""centroid"": [336.74886621315187, 219.656462585034], ""area_px"": 294.0, ""has_hole"": true}]",0.0,0.0,0.0,0.0,
1784258808.755372,WAITING_FOR_ARM,RESETTING,,0,517429,True,4,2,1.0,0,True,acquired,,0,324.92860715178796,176.44623655913978,1333.0,"[{""bbox"": [306, 158, 38, 38], ""centroid"": [324.92860715178796, 176.44623655913978], ""area_px"": 1333.0, ""has_hole"": true}, {""bbox"": [328, 210, 18, 20], ""centroid"": [336.74886621315187, 219.656462585034], ""area_px"": 294.0, ""has_hole"": true}]",0.0,0.0,0.0,0.0,
1784258808.775112,WAITING_FOR_ARM,RESETTING,,0,517429,True,4,2,1.0,0,True,acquired,,0,324.92860715178796,176.44623655913978,1333.0,"[{""bbox"": [306, 158, 38, 38], ""centroid"": [324.92860715178796, 176.44623655913978], ""area_px"": 1333.0, ""has_hole"": true}, {""bbox"": [328, 210, 18, 20], ""centroid"": [336.74886621315187, 219.656462585034], ""area_px"": 294.0, ""has_hole"": true}]",0.0,0.0,0.0,0.0,
1784258808.795129,WAITING_FOR_ARM,RESETTING,,0,517429,True,4,2,1.0,0,True,acquired,,0,324.92860715178796,176.44623655913978,1333.0,"[{""bbox"": [306, 158, 38, 38], ""centroid"": [324.92860715178796, 176.44623655913978], ""area_px"": 1333.0, ""has_hole"": true}, {""bbox"": [328, 210, 18, 20], ""centroid"": [336.74886621315187, 219.656462585034], ""area_px"": 294.0, ""has_hole"": true}]",0.0,0.0,0.0,0.0,
1784258808.8150082,WAITING_FOR_ARM,RESETTING,,0,517429,True,4,2,1.0,0,True,acquired,,0,324.92860715178796,176.44623655913978,1333.0,"[{""bbox"": [306, 158, 38, 38], ""centroid"": [324.92860715178796, 176.44623655913978], ""area_px"": 1333.0, ""has_hole"": true}, {""bbox"": [328, 210, 18, 20], ""centroid"": [336.74886621315187, 219.656462585034], ""area_px"": 294.0, ""has_hole"": true}]",0.0,0.0,0.0,0.0,
1784258808.8351138,WAITING_FOR_ARM,RESETTING,,0,517429,True,4,2,1.0,0,True,acquired,,0,324.92860715178796,176.44623655913978,1333.0,"[{""bbox"": [306, 158, 38, 38], ""centroid"": [324.92860715178796, 176.44623655913978], ""area_px"": 1333.0, ""has_hole"": true}, {""bbox"": [328, 210, 18, 20], ""centroid"": [336.74886621315187, 219.656462585034], ""area_px"": 294.0, ""has_hole"": true}]",0.0,0.0,0.0,0.0,
1784258808.8549674,WAITING_FOR_ARM,RESETTING,,0,517429,True,4,2,1.0,0,True,acquired,,0,324.92860715178796,176.44623655913978,1333.0,"[{""bbox"": [306, 158, 38, 38], ""centroid"": [324.92860715178796, 176.44623655913978], ""area_px"": 1333.0, ""has_hole"": true}, {""bbox"": [328, 210, 18, 20], ""centroid"": [336.74886621315187, 219.656462585034], ""area_px"": 294.0, ""has_hole"": true}]",0.0,0.0,0.0,0.0,
1784258808.8750365,WAITING_FOR_ARM,RESETTING,,0,517429,True,4,2,1.0,0,True,acquired,,0,324.92860715178796,176.44623655913978,1333.0,"[{""bbox"": [306, 158, 38, 38], ""centroid"": [324.92860715178796, 176.44623655913978], ""area_px"": 1333.0, ""has_hole"": true}, {""bbox"": [328, 210, 18, 20], ""centroid"": [336.74886621315187, 219.656462585034], ""area_px"": 294.0, ""has_hole"": true}]",0.0,0.0,0.0,0.0,
1784258808.8952663,WAITING_FOR_ARM,RESETTING,,0,517429,True,4,2,1.0,0,True,acquired,,0,324.92860715178796,176.44623655913978,1333.0,"[{""bbox"": [306, 158, 38, 38], ""centroid"": [324.92860715178796, 176.44623655913978], ""area_px"": 1333.0, ""has_hole"": true}, {""bbox"": [328, 210, 18, 20], ""centroid"": [336.74886621315187, 219.656462585034], ""area_px"": 294.0, ""has_hole"": true}]",0.0,0.0,0.0,0.0,
1784258808.9151058,WAITING_FOR_ARM,RESETTING,,0,517429,True,4,2,1.0,0,True,acquired,,0,324.92860715178796,176.44623655913978,1333.0,"[{""bbox"": [306, 158, 38, 38], ""centroid"": [324.92860715178796, 176.44623655913978], ""area_px"": 1333.0, ""has_hole"": true}, {""bbox"": [328, 210, 18, 20], ""centroid"": [336.74886621315187, 219.656462585034], ""area_px"": 294.0, ""has_hole"": true}]",0.0,0.0,0.0,0.0,
1784258808.9353323,WAITING_FOR_ARM,RESETTING,,0,517429,True,4,2,1.0,0,True,acquired,,0,324.92860715178796,176.44623655913978,1333.0,"[{""bbox"": [306, 158, 38, 38], ""centroid"": [324.92860715178796, 176.44623655913978], ""area_px"": 1333.0, ""has_hole"": true}, {""bbox"": [328, 210, 18, 20], ""centroid"": [336.74886621315187, 219.656462585034], ""area_px"": 294.0, ""has_hole"": true}]",0.0,0.0,0.0,0.0,
1784258808.9552443,WAITING_FOR_ARM,RESETTING,,0,517429,True,4,2,1.0,0,True,acquired,,0,324.92860715178796,176.44623655913978,1333.0,"[{""bbox"": [306, 158, 38, 38], ""centroid"": [324.92860715178796, 176.44623655913978], ""area_px"": 1333.0, ""has_hole"": true}, {""bbox"": [328, 210, 18, 20], ""centroid"": [336.74886621315187, 219.656462585034], ""area_px"": 294.0, ""has_hole"": true}]",0.0,0.0,0.0,0.0,
1784258808.9751377,WAITING_FOR_ARM,RESETTING,,0,517429,True,4,2,1.0,0,True,acquired,,0,324.92860715178796,176.44623655913978,1333.0,"[{""bbox"": [306, 158, 38, 38], ""centroid"": [324.92860715178796, 176.44623655913978], ""area_px"": 1333.0, ""has_hole"": true}, {""bbox"": [328, 210, 18, 20], ""centroid"": [336.74886621315187, 219.656462585034], ""area_px"": 294.0, ""has_hole"": true}]",0.0,0.0,0.0,0.0,
1784258808.994867,WAITING_FOR_ARM,RESETTING,,0,517429,True,4,2,1.0,0,True,acquired,,0,324.92860715178796,176.44623655913978,1333.0,"[{""bbox"": [306, 158, 38, 38], ""centroid"": [324.92860715178796, 176.44623655913978], ""area_px"": 1333.0, ""has_hole"": true}, {""bbox"": [328, 210, 18, 20], ""centroid"": [336.74886621315187, 219.656462585034], ""area_px"": 294.0, ""has_hole"": true}]",0.0,0.0,0.0,0.0,
1784258809.0150645,WAITING_FOR_ARM,RESETTING,,0,517429,True,4,2,1.0,0,True,acquired,,0,324.92860715178796,176.44623655913978,1333.0,"[{""bbox"": [306, 158, 38, 38], ""centroid"": [324.92860715178796, 176.44623655913978], ""area_px"": 1333.0, ""has_hole"": true}, {""bbox"": [328, 210, 18, 20], ""centroid"": [336.74886621315187, 219.656462585034], ""area_px"": 294.0, ""has_hole"": true}]",0.0,0.0,0.0,0.0,
1784258809.0354648,WAITING_FOR_ARM,RESETTING,,0,517429,True,4,2,1.0,0,True,acquired,,0,324.92860715178796,176.44623655913978,1333.0,"[{""bbox"": [306, 158, 38, 38], ""centroid"": [324.92860715178796, 176.44623655913978], ""area_px"": 1333.0, ""has_hole"": true}, {""bbox"": [328, 210, 18, 20], ""centroid"": [336.74886621315187, 219.656462585034], ""area_px"": 294.0, ""has_hole"": true}]",0.0,0.0,0.0,0.0,
1784258809.055166,WAITING_FOR_ARM,RESETTING,,0,517429,True,4,2,1.0,0,True,acquired,,0,324.92860715178796,176.44623655913978,1333.0,"[{""bbox"": [306, 158, 38, 38], ""centroid"": [324.92860715178796, 176.44623655913978], ""area_px"": 1333.0, ""has_hole"": true}, {""bbox"": [328, 210, 18, 20], ""centroid"": [336.74886621315187, 219.656462585034], ""area_px"": 294.0, ""has_hole"": true}]",0.0,0.0,0.0,0.0,
1784258809.0749862,WAITING_FOR_ARM,RESETTING,,0,517429,True,4,2,1.0,0,True,acquired,,0,324.92860715178796,176.44623655913978,1333.0,"[{""bbox"": [306, 158, 38, 38], ""centroid"": [324.92860715178796, 176.44623655913978], ""area_px"": 1333.0, ""has_hole"": true}, {""bbox"": [328, 210, 18, 20], ""centroid"": [336.74886621315187, 219.656462585034], ""area_px"": 294.0, ""has_hole"": true}]",0.0,0.0,0.0,0.0,
1784258809.0952697,WAITING_FOR_ARM,RESETTING,,0,517429,True,4,2,1.0,0,True,acquired,,0,324.92860715178796,176.44623655913978,1333.0,"[{""bbox"": [306, 158, 38, 38], ""centroid"": [324.92860715178796, 176.44623655913978], ""area_px"": 1333.0, ""has_hole"": true}, {""bbox"": [328, 210, 18, 20], ""centroid"": [336.74886621315187, 219.656462585034], ""area_px"": 294.0, ""has_hole"": true}]",0.0,0.0,0.0,0.0,
1784258809.1152651,WAITING_FOR_ARM,RESETTING,,0,517429,True,4,2,1.0,0,True,acquired,,0,324.92860715178796,176.44623655913978,1333.0,"[{""bbox"": [306, 158, 38, 38], ""centroid"": [324.92860715178796, 176.44623655913978], ""area_px"": 1333.0, ""has_hole"": true}, {""bbox"": [328, 210, 18, 20], ""centroid"": [336.74886621315187, 219.656462585034], ""area_px"": 294.0, ""has_hole"": true}]",0.0,0.0,0.0,0.0,
1784258809.137425,WAITING_FOR_ARM,RESETTING,,0,517429,True,4,2,1.0,0,True,acquired,,0,324.92860715178796,176.44623655913978,1333.0,"[{""bbox"": [306, 158, 38, 38], ""centroid"": [324.92860715178796, 176.44623655913978], ""area_px"": 1333.0, ""has_hole"": true}, {""bbox"": [328, 210, 18, 20], ""centroid"": [336.74886621315187, 219.656462585034], ""area_px"": 294.0, ""has_hole"": true}]",0.0,0.0,0.0,0.0,
1784258809.1550424,WAITING_FOR_ARM,RESETTING,,0,517429,True,4,2,1.0,0,True,acquired,,0,324.92860715178796,176.44623655913978,1333.0,"[{""bbox"": [306, 158, 38, 38], ""centroid"": [324.92860715178796, 176.44623655913978], ""area_px"": 1333.0, ""has_hole"": true}, {""bbox"": [328, 210, 18, 20], ""centroid"": [336.74886621315187, 219.656462585034], ""area_px"": 294.0, ""has_hole"": true}]",0.0,0.0,0.0,0.0,
1784258809.1749084,WAITING_FOR_ARM,RESETTING,,0,517429,True,4,2,1.0,0,True,acquired,,0,324.92860715178796,176.44623655913978,1333.0,"[{""bbox"": [306, 158, 38, 38], ""centroid"": [324.92860715178796, 176.44623655913978], ""area_px"": 1333.0, ""has_hole"": true}, {""bbox"": [328, 210, 18, 20], ""centroid"": [336.74886621315187, 219.656462585034], ""area_px"": 294.0, ""has_hole"": true}]",0.0,0.0,0.0,0.0,
1784258809.19536,WAITING_FOR_ARM,RESETTING,,0,517429,True,4,2,1.0,0,True,acquired,,0,324.92860715178796,176.44623655913978,1333.0,"[{""bbox"": [306, 158, 38, 38], ""centroid"": [324.92860715178796, 176.44623655913978], ""area_px"": 1333.0, ""has_hole"": true}, {""bbox"": [328, 210, 18, 20], ""centroid"": [336.74886621315187, 219.656462585034], ""area_px"": 294.0, ""has_hole"": true}]",0.0,0.0,0.0,0.0,
1784258809.215027,WAITING_FOR_ARM,RESETTING,,0,517429,True,4,2,1.0,0,True,acquired,,0,324.92860715178796,176.44623655913978,1333.0,"[{""bbox"": [306, 158, 38, 38], ""centroid"": [324.92860715178796, 176.44623655913978], ""area_px"": 1333.0, ""has_hole"": true}, {""bbox"": [328, 210, 18, 20], ""centroid"": [336.74886621315187, 219.656462585034], ""area_px"": 294.0, ""has_hole"": true}]",0.0,0.0,0.0,0.0,
1784258809.2355912,WAITING_FOR_ARM,RESETTING,,0,517429,True,4,2,1.0,0,True,acquired,,0,324.92860715178796,176.44623655913978,1333.0,"[{""bbox"": [306, 158, 38, 38], ""centroid"": [324.92860715178796, 176.44623655913978], ""area_px"": 1333.0, ""has_hole"": true}, {""bbox"": [328, 210, 18, 20], ""centroid"": [336.74886621315187, 219.656462585034], ""area_px"": 294.0, ""has_hole"": true}]",0.0,0.0,0.0,0.0,
1784258809.2550318,WAITING_FOR_ARM,RESETTING,,0,517429,True,4,2,1.0,0,True,acquired,,0,324.92860715178796,176.44623655913978,1333.0,"[{""bbox"": [306, 158, 38, 38], ""centroid"": [324.92860715178796, 176.44623655913978], ""area_px"": 1333.0, ""has_hole"": true}, {""bbox"": [328, 210, 18, 20], ""centroid"": [336.74886621315187, 219.656462585034], ""area_px"": 294.0, ""has_hole"": true}]",0.0,0.0,0.0,0.0,
1784258809.2751522,WAITING_FOR_ARM,RESETTING,,0,517429,True,4,2,1.0,0,True,acquired,,0,324.92860715178796,176.44623655913978,1333.0,"[{""bbox"": [306, 158, 38, 38], ""centroid"": [324.92860715178796, 176.44623655913978], ""area_px"": 1333.0, ""has_hole"": true}, {""bbox"": [328, 210, 18, 20], ""centroid"": [336.74886621315187, 219.656462585034], ""area_px"": 294.0, ""has_hole"": true}]",0.0,0.0,0.0,0.0,
1784258809.295491,WAITING_FOR_ARM,RESETTING,,0,517429,True,4,2,1.0,0,True,acquired,,0,324.92860715178796,176.44623655913978,1333.0,"[{""bbox"": [306, 158, 38, 38], ""centroid"": [324.92860715178796, 176.44623655913978], ""area_px"": 1333.0, ""has_hole"": true}, {""bbox"": [328, 210, 18, 20], ""centroid"": [336.74886621315187, 219.656462585034], ""area_px"": 294.0, ""has_hole"": true}]",0.0,0.0,0.0,0.0,
1784258809.3150113,WAITING_FOR_ARM,RESETTING,,0,517434,True,4,1,1.0,0,False,,0.0,0,324.88501872659174,176.4669163545568,1335.0,"[{""bbox"": [306, 158, 38, 38], ""centroid"": [324.88501872659174, 176.4669163545568], ""area_px"": 1335.0, ""has_hole"": true}]",0.0,0.0,0.0,0.0,
1784258809.3351946,WAITING_FOR_ARM,RESETTING,,0,517439,True,4,1,1.0,0,False,,0.0,0,324.88501872659174,176.4669163545568,1335.0,"[{""bbox"": [306, 158, 38, 38], ""centroid"": [324.88501872659174, 176.4669163545568], ""area_px"": 1335.0, ""has_hole"": true}]",0.0,0.0,0.0,0.0,
1784258809.3554864,WAITING_FOR_ARM,RESETTING,,0,517441,True,4,1,1.0,0,False,,0.0,0,324.88501872659174,176.4669163545568,1335.0,"[{""bbox"": [306, 158, 38, 38], ""centroid"": [324.88501872659174, 176.4669163545568], ""area_px"": 1335.0, ""has_hole"": true}]",0.0,0.0,0.0,0.0,
1784258809.3751135,WAITING_FOR_ARM,RESETTING,,0,517443,True,4,2,0.9987199455133524,0,False,,0.0012800544866475713,0,324.8451404424559,176.4088988317176,1341.0,"[{""bbox"": [306, 158, 38, 38], ""centroid"": [324.8451404424559, 176.4088988317176], ""area_px"": 1341.0, ""has_hole"": true}, {""bbox"": [328, 210, 18, 20], ""centroid"": [336.4788961038961, 219.23647186147184], ""area_px"": 308.0, ""has_hole"": true}]",0.0,0.0,0.0,0.0,
1784258809.3952758,WAITING_FOR_ARM,RESETTING,,0,517443,True,4,2,0.9987199455133524,0,False,,0.0012800544866475713,0,324.8451404424559,176.4088988317176,1341.0,"[{""bbox"": [306, 158, 38, 38], ""centroid"": [324.8451404424559, 176.4088988317176], ""area_px"": 1341.0, ""has_hole"": true}, {""bbox"": [328, 210, 18, 20], ""centroid"": [336.4788961038961, 219.23647186147184], ""area_px"": 308.0, ""has_hole"": true}]",0.0,0.0,0.0,0.0,
1784258809.4152324,WAITING_FOR_ARM,RESETTING,,0,517443,True,4,2,0.9987199455133524,0,False,,0.0012800544866475713,0,324.8451404424559,176.4088988317176,1341.0,"[{""bbox"": [306, 158, 38, 38], ""centroid"": [324.8451404424559, 176.4088988317176], ""area_px"": 1341.0, ""has_hole"": true}, {""bbox"": [328, 210, 18, 20], ""centroid"": [336.4788961038961, 219.23647186147184], ""area_px"": 308.0, ""has_hole"": true}]",0.0,0.0,0.0,0.0,
1784258809.4354749,WAITING_FOR_ARM,RESETTING,,0,517445,True,4,2,0.9991376879986084,0,False,,0.0008623120013916924,0,324.84837186179465,176.4220730797912,1341.0,"[{""bbox"": [306, 158, 38, 38], ""centroid"": [324.84837186179465, 176.4220730797912], ""area_px"": 1341.0, ""has_hole"": true}, {""bbox"": [328, 210, 18, 20], ""centroid"": [336.50986842105266, 219.11787280701753], ""area_px"": 304.0, ""has_hole"": true}]",0.0,0.0,0.0,0.0,
1784258809.455072,WAITING_FOR_ARM,RESETTING,,0,517445,True,4,2,0.9991376879986084,0,False,,0.0008623120013916924,0,324.84837186179465,176.4220730797912,1341.0,"[{""bbox"": [306, 158, 38, 38], ""centroid"": [324.84837186179465, 176.4220730797912], ""area_px"": 1341.0, ""has_hole"": true}, {""bbox"": [328, 210, 18, 20], ""centroid"": [336.50986842105266, 219.11787280701753], ""area_px"": 304.0, ""has_hole"": true}]",0.0,0.0,0.0,0.0,
1784258809.4755363,WAITING_FOR_ARM,RESETTING,,0,517445,True,4,2,0.9991376879986084,0,False,,0.0008623120013916924,0,324.84837186179465,176.4220730797912,1341.0,"[{""bbox"": [306, 158, 38, 38], ""centroid"": [324.84837186179465, 176.4220730797912], ""area_px"": 1341.0, ""has_hole"": true}, {""bbox"": [328, 210, 18, 20], ""centroid"": [336.50986842105266, 219.11787280701753], ""area_px"": 304.0, ""has_hole"": true}]",0.0,0.0,0.0,0.0,
1784258809.4955385,WAITING_FOR_ARM,RESETTING,,0,517446,True,4,2,0.838736249522009,0,False,,0.16126375047799105,0,326.39082687338504,175.47071490094743,774.0,"[{""bbox"": [306, 158, 38, 38], ""centroid"": [326.39082687338504, 175.47071490094743], ""area_px"": 774.0, ""has_hole"": false}, {""bbox"": [328, 210, 18, 20], ""centroid"": [336.6705555555555, 219.4355555555555], ""area_px"": 300.0, ""has_hole"": true}]",0.0,0.0,0.0,0.0,
1784258809.5150354,WAITING_FOR_ARM,RESETTING,,0,517447,True,4,2,0.9816173726229688,0,False,,0.018382627377031224,0,326.80906812485756,175.24242424242425,731.5,"[{""bbox"": [306, 158, 38, 38], ""centroid"": [326.80906812485756, 175.24242424242425], ""area_px"": 731.5, ""has_hole"": false}, {""bbox"": [328, 210, 18, 20], ""centroid"": [336.6259073143495, 219.41987716359574], ""area_px"": 298.5, ""has_hole"": true}]",0.0,0.0,0.0,0.0,
1784258809.535153,WAITING_FOR_ARM,RESETTING,,0,517447,True,4,2,0.9816173726229688,0,False,,0.018382627377031224,0,326.80906812485756,175.24242424242425,731.5,"[{""bbox"": [306, 158, 38, 38], ""centroid"": [326.80906812485756, 175.24242424242425], ""area_px"": 731.5, ""has_hole"": false}, {""bbox"": [328, 210, 18, 20], ""centroid"": [336.6259073143495, 219.41987716359574], ""area_px"": 298.5, ""has_hole"": true}]",0.0,0.0,0.0,0.0,
1784258809.5553436,WAITING_FOR_ARM,RESETTING,,0,517448,True,4,2,0.9347324900735174,0,False,,0.06526750992648252,0,327.74486966167495,174.8269550748752,601.0,"[{""bbox"": [307, 158, 37, 38], ""centroid"": [327.74486966167495, 174.8269550748752], ""area_px"": 601.0, ""has_hole"": false}, {""bbox"": [328, 210, 18, 20], ""centroid"": [336.6455203116305, 219.4195882025598], ""area_px"": 299.5, ""has_hole"": true}]",0.0,0.0,0.0,0.0,
1784258809.57511,WAITING_FOR_ARM,RESETTING,,0,517449,True,4,2,0.9854901913598435,0,False,,0.014509808640156545,0,327.8568950563747,175.31974559121133,576.5,"[{""bbox"": [307, 158, 37, 38], ""centroid"": [327.8568950563747, 175.31974559121133], ""area_px"": 576.5, ""has_hole"": false}, {""bbox"": [328, 210, 18, 20], ""centroid"": [336.6872222222222, 219.3772222222222], ""area_px"": 300.0, ""has_hole"": true}]",0.0,0.0,0.0,0.0,
1784258809.5953245,WAITING_FOR_ARM,RESETTING,,0,517449,True,4,2,0.9854901913598435,0,False,,0.014509808640156545,0,327.8568950563747,175.31974559121133,576.5,"[{""bbox"": [307, 158, 37, 38], ""centroid"": [327.8568950563747, 175.31974559121133], ""area_px"": 576.5, ""has_hole"": false}, {""bbox"": [328, 210, 18, 20], ""centroid"": [336.6872222222222, 219.3772222222222], ""area_px"": 300.0, ""has_hole"": true}]",0.0,0.0,0.0,0.0,
1784258809.6160967,WAITING_FOR_ARM,RESETTING,,0,517450,True,4,2,0.9639943866882558,0,False,,0.036005613311744185,0,327.91112848579616,175.70784467031532,639.5,"[{""bbox"": [306, 158, 38, 38], ""centroid"": [327.91112848579616, 175.70784467031532], ""area_px"": 639.5, ""has_hole"": false}, {""bbox"": [328, 210, 18, 20], ""centroid"": [336.58743169398906, 219.2934426229508], ""area_px"": 305.0, ""has_hole"": true}]",0.0,0.0,0.0,0.0,
1784258809.6360803,WAITING_FOR_ARM,RESETTING,,0,517450,True,4,2,0.9639943866882558,0,False,,0.036005613311744185,0,327.91112848579616,175.70784467031532,639.5,"[{""bbox"": [306, 158, 38, 38], ""centroid"": [327.91112848579616, 175.70784467031532], ""area_px"": 639.5, ""has_hole"": false}, {""bbox"": [328, 210, 18, 20], ""centroid"": [336.58743169398906, 219.2934426229508], ""area_px"": 305.0, ""has_hole"": true}]",0.0,0.0,0.0,0.0,
1784258809.6550453,WAITING_FOR_ARM,RESETTING,,0,517451,True,4,2,0.9689934840448,0,False,,0.03100651595519995,0,326.9507878787879,175.73478787878787,687.5,"[{""bbox"": [307, 158, 37, 38], ""centroid"": [326.9507878787879, 175.73478787878787], ""area_px"": 687.5, ""has_hole"": false}, {""bbox"": [328, 210, 18, 20], ""centroid"": [336.5902891434806, 219.22094926350246], ""area_px"": 305.5, ""has_hole"": true}]",0.0,0.0,0.0,0.0,
1784258809.6754298,WAITING_FOR_ARM,RESETTING,,0,517451,True,4,2,0.9689934840448,0,False,,0.03100651595519995,0,326.9507878787879,175.73478787878787,687.5,"[{""bbox"": [307, 158, 37, 38], ""centroid"": [326.9507878787879, 175.73478787878787], ""area_px"": 687.5, ""has_hole"": false}, {""bbox"": [328, 210, 18, 20], ""centroid"": [336.5902891434806, 219.22094926350246], ""area_px"": 305.5, ""has_hole"": true}]",0.0,0.0,0.0,0.0,
1784258809.6958032,WAITING_FOR_ARM,RESETTING,,0,517452,True,4,2,0.8166634433771374,0,False,,0.18333655662286263,0,325.3326771653543,176.26548556430444,1270.0,"[{""bbox"": [306, 158, 38, 38], ""centroid"": [325.3326771653543, 176.26548556430444], ""area_px"": 1270.0, ""has_hole"": true}, {""bbox"": [328, 210, 18, 20], ""centroid"": [336.59222769567594, 219.1910235358511], ""area_px"": 304.5, ""has_hole"": true}]",0.0,0.0,0.0,0.0,
1784258809.7149622,WAITING_FOR_ARM,RESETTING,,0,517453,True,4,2,0.9993320028632094,0,False,,0.0006679971367905205,0,325.3305828421742,176.2445317616241,1272.5,"[{""bbox"": [306, 158, 38, 38], ""centroid"": [325.3305828421742, 176.2445317616241], ""area_px"": 1272.5, ""has_hole"": true}, {""bbox"": [328, 210, 18, 20], ""centroid"": [336.52637302882, 219.07504078303427], ""area_px"": 306.5, ""has_hole"": true}]",0.0,0.0,0.0,0.0,
1784258809.7356365,WAITING_FOR_ARM,RESETTING,,0,517453,True,4,2,0.9993320028632094,0,False,,0.0006679971367905205,0,325.3305828421742,176.2445317616241,1272.5,"[{""bbox"": [306, 158, 38, 38], ""centroid"": [325.3305828421742, 176.2445317616241], ""area_px"": 1272.5, ""has_hole"": true}, {""bbox"": [328, 210, 18, 20], ""centroid"": [336.52637302882, 219.07504078303427], ""area_px"": 306.5, ""has_hole"": true}]",0.0,0.0,0.0,0.0,
1784258809.7551312,WAITING_FOR_ARM,RESETTING,,0,517454,True,4,2,0.9925726043316626,0,False,,0.007427395668337434,0,325.1674347158218,176.15079365079364,1302.0,"[{""bbox"": [306, 158, 38, 38], ""centroid"": [325.1674347158218, 176.15079365079364], ""area_px"": 1302.0, ""has_hole"": true}, {""bbox"": [328, 210, 18, 20], ""centroid"": [336.5441734417344, 219.10514905149049], ""area_px"": 307.5, ""has_hole"": true}]",0.0,0.0,0.0,0.0,
1784258809.7749717,WAITING_FOR_ARM,RESETTING,,0,517455,True,4,2,0.9995626166185237,0,False,,0.0004373833814763001,0,325.1889400921659,176.2174859190988,1302.0,"[{""bbox"": [306, 158, 38, 38], ""centroid"": [325.1889400921659, 176.2174859190988], ""area_px"": 1302.0, ""has_hole"": true}, {""bbox"": [328, 210, 18, 20], ""centroid"": [336.5441734417344, 219.10514905149049], ""area_px"": 307.5, ""has_hole"": true}]",0.0,0.0,0.0,0.0,
1784258809.7951727,WAITING_FOR_ARM,RESETTING,,0,517455,True,4,2,0.9995626166185237,0,False,,0.0004373833814763001,0,325.1889400921659,176.2174859190988,1302.0,"[{""bbox"": [306, 158, 38, 38], ""centroid"": [325.1889400921659, 176.2174859190988], ""area_px"": 1302.0, ""has_hole"": true}, {""bbox"": [328, 210, 18, 20], ""centroid"": [336.5441734417344, 219.10514905149049], ""area_px"": 307.5, ""has_hole"": true}]",0.0,0.0,0.0,0.0,
1784258809.8148844,WAITING_FOR_ARM,RESETTING,,0,517455,True,4,2,0.9995626166185237,0,False,,0.0004373833814763001,0,325.1889400921659,176.2174859190988,1302.0,"[{""bbox"": [306, 158, 38, 38], ""centroid"": [325.1889400921659, 176.2174859190988], ""area_px"": 1302.0, ""has_hole"": true}, {""bbox"": [328, 210, 18, 20], ""centroid"": [336.5441734417344, 219.10514905149049], ""area_px"": 307.5, ""has_hole"": true}]",0.0,0.0,0.0,0.0,
1784258809.8352754,WAITING_FOR_ARM,RESETTING,,0,517457,True,4,2,0.9987221043110762,0,False,,0.001277895688923765,0,325.054462934947,176.3780887544125,1322.0,"[{""bbox"": [306, 158, 38, 38], ""centroid"": [325.054462934947, 176.3780887544125], ""area_px"": 1322.0, ""has_hole"": true}, {""bbox"": [328, 210, 18, 20], ""centroid"": [336.58817025981205, 219.21835268103922], ""area_px"": 301.5, ""has_hole"": true}]",0.0,0.0,0.0,0.0,
1784258809.8552885,WAITING_FOR_ARM,RESETTING,,0,517457,True,4,2,0.9987221043110762,0,False,,0.001277895688923765,0,325.054462934947,176.3780887544125,1322.0,"[{""bbox"": [306, 158, 38, 38], ""centroid"": [325.054462934947, 176.3780887544125], ""area_px"": 1322.0, ""has_hole"": true}, {""bbox"": [328, 210, 18, 20], ""centroid"": [336.58817025981205, 219.21835268103922], ""area_px"": 301.5, ""has_hole"": true}]",0.0,0.0,0.0,0.0,
1784258809.8751554,WAITING_FOR_ARM,RESETTING,,0,517457,True,4,2,0.9987221043110762,0,False,,0.001277895688923765,0,325.054462934947,176.3780887544125,1322.0,"[{""bbox"": [306, 158, 38, 38], ""centroid"": [325.054462934947, 176.3780887544125], ""area_px"": 1322.0, ""has_hole"": true}, {""bbox"": [328, 210, 18, 20], ""centroid"": [336.58817025981205, 219.21835268103922], ""area_px"": 301.5, ""has_hole"": true}]",0.0,0.0,0.0,0.0,
1784258809.8951778,WAITING_FOR_ARM,RESETTING,,0,517458,True,4,2,0.9987807565140295,0,False,,0.0012192434859704454,0,325.0090463626084,176.38937052393516,1326.5,"[{""bbox"": [306, 158, 38, 38], ""centroid"": [325.0090463626084, 176.38937052393516], ""area_px"": 1326.5, ""has_hole"": true}, {""bbox"": [328, 210, 18, 20], ""centroid"": [336.65118850193477, 219.39635157545607], ""area_px"": 301.5, ""has_hole"": true}]",0.0,0.0,0.0,0.0,
1784258809.9152725,WAITING_FOR_ARM,RESETTING,,0,517459,True,4,2,0.9988269895341129,0,False,,0.0011730104658870854,0,324.95352624326694,176.37993235625706,1330.5,"[{""bbox"": [306, 158, 38, 38], ""centroid"": [324.95352624326694, 176.37993235625706], ""area_px"": 1330.5, ""has_hole"": true}, {""bbox"": [328, 210, 18, 20], ""centroid"": [336.67117879300616, 219.38578680203045], ""area_px"": 295.5, ""has_hole"": true}]",0.0,0.0,0.0,0.0,
1784258809.9353173,WAITING_FOR_ARM,RESETTING,,0,517459,True,4,2,0.9988269895341129,0,False,,0.0011730104658870854,0,324.95352624326694,176.37993235625706,1330.5,"[{""bbox"": [306, 158, 38, 38], ""centroid"": [324.95352624326694, 176.37993235625706], ""area_px"": 1330.5, ""has_hole"": true}, {""bbox"": [328, 210, 18, 20], ""centroid"": [336.67117879300616, 219.38578680203045], ""area_px"": 295.5, ""has_hole"": true}]",0.0,0.0,0.0,0.0,
1784258809.9550295,WAITING_FOR_ARM,RESETTING,,0,517460,True,4,1,0.9990141342016783,0,False,,0.0009858657983217224,0,324.9482564679415,176.4391951006124,1333.5,"[{""bbox"": [306, 158, 38, 38], ""centroid"": [324.9482564679415, 176.4391951006124], ""area_px"": 1333.5, ""has_hole"": true}]",0.0,0.0,0.0,0.0,
1784258809.9753175,WAITING_FOR_ARM,RESETTING,,0,517461,True,4,1,0.9982730781791221,0,False,,0.001726921820877884,0,324.86786114221724,176.44170710464104,1339.5,"[{""bbox"": [306, 158, 38, 38], ""centroid"": [324.86786114221724, 176.44170710464104], ""area_px"": 1339.5, ""has_hole"": true}]",0.0,0.0,0.0,0.0,
1784258809.9954674,WAITING_FOR_ARM,RESETTING,,0,517461,True,4,1,0.9982730781791221,0,False,,0.001726921820877884,0,324.86786114221724,176.44170710464104,1339.5,"[{""bbox"": [306, 158, 38, 38], ""centroid"": [324.86786114221724, 176.44170710464104], ""area_px"": 1339.5, ""has_hole"": true}]",0.0,0.0,0.0,0.0,
1784258810.015254,WAITING_FOR_ARM,RESETTING,,0,517461,True,4,1,0.9982730781791221,0,False,,0.001726921820877884,0,324.86786114221724,176.44170710464104,1339.5,"[{""bbox"": [306, 158, 38, 38], ""centroid"": [324.86786114221724, 176.44170710464104], ""area_px"": 1339.5, ""has_hole"": true}]",0.0,0.0,0.0,0.0,
1784258810.0356612,WAITING_FOR_ARM,RESETTING,,0,517462,True,4,1,0.9989512684767134,0,False,,0.0010487315232865328,0,324.9172904191617,176.4625748502994,1336.0,"[{""bbox"": [306, 158, 38, 38], ""centroid"": [324.9172904191617, 176.4625748502994], ""area_px"": 1336.0, ""has_hole"": true}]",0.0,0.0,0.0,0.0,
1784258810.0554826,WAITING_FOR_ARM,RESETTING,,0,517463,True,4,1,0.9987878386416145,0,False,,0.0012121613583855884,0,324.9724724724725,176.49324324324326,1332.0,"[{""bbox"": [306, 158, 38, 38], ""centroid"": [324.9724724724725, 176.49324324324326], ""area_px"": 1332.0, ""has_hole"": true}]",0.0,0.0,0.0,0.0,
1784258810.0754793,WAITING_FOR_ARM,RESETTING,,0,517463,True,4,1,0.9987878386416145,0,False,,0.0012121613583855884,0,324.9724724724725,176.49324324324326,1332.0,"[{""bbox"": [306, 158, 38, 38], ""centroid"": [324.9724724724725, 176.49324324324326], ""area_px"": 1332.0, ""has_hole"": true}]",0.0,0.0,0.0,0.0,
1784258810.095482,WAITING_FOR_ARM,RESETTING,,0,517464,True,4,2,0.9981720795350724,0,False,,0.0018279204649275954,0,324.88963627304435,176.44394618834082,1338.0,"[{""bbox"": [306, 158, 38, 38], ""centroid"": [324.88963627304435, 176.44394618834082], ""area_px"": 1338.0, ""has_hole"": true}, {""bbox"": [328, 210, 18, 20], ""centroid"": [336.65764241398756, 219.7005076142132], ""area_px"": 295.5, ""has_hole"": true}]",0.0,0.0,0.0,0.0,
1784258810.1154077,WAITING_FOR_ARM,RESETTING,,0,517465,True,4,2,0.999705152423205,0,False,,0.0002948475767949834,0,324.87590241473737,176.44884241971621,1339.0,"[{""bbox"": [306, 158, 38, 38], ""centroid"": [324.87590241473737, 176.44884241971621], ""area_px"": 1339.0, ""has_hole"": true}, {""bbox"": [328, 210, 18, 20], ""centroid"": [336.6330532212885, 219.64817927170867], ""area_px"": 297.5, ""has_hole"": true}]",0.0,0.0,0.0,0.0,
1784258810.135118,WAITING_FOR_ARM,RESETTING,,0,517465,True,4,2,0.999705152423205,0,False,,0.0002948475767949834,0,324.87590241473737,176.44884241971621,1339.0,"[{""bbox"": [306, 158, 38, 38], ""centroid"": [324.87590241473737, 176.44884241971621], ""area_px"": 1339.0, ""has_hole"": true}, {""bbox"": [328, 210, 18, 20], ""centroid"": [336.6330532212885, 219.64817927170867], ""area_px"": 297.5, ""has_hole"": true}]",0.0,0.0,0.0,0.0,
1784258810.155179,WAITING_FOR_ARM,RESETTING,,0,517466,True,4,2,0.999689959911084,0,False,,0.00031004008891602995,0,324.86218905472634,176.4589552238806,1340.0,"[{""bbox"": [306, 158, 38, 38], ""centroid"": [324.86218905472634, 176.4589552238806], ""area_px"": 1340.0, ""has_hole"": true}, {""bbox"": [328, 210, 18, 20], ""centroid"": [336.6400443704936, 219.56295063782582], ""area_px"": 300.5, ""has_hole"": true}]",0.0,0.0,0.0,0.0,
1784258810.1749208,WAITING_FOR_ARM,RESETTING,,0,517467,True,4,2,0.9997042145318388,0,False,,0.0002957854681612353,0,324.84849614715387,176.45339299030573,1341.0,"[{""bbox"": [306, 158, 38, 38], ""centroid"": [324.84849614715387, 176.45339299030573], ""area_px"": 1341.0, ""has_hole"": true}, {""bbox"": [328, 210, 18, 20], ""centroid"": [336.53934426229506, 219.38196721311476], ""area_px"": 305.0, ""has_hole"": true}]",0.0,0.0,0.0,0.0,
1784258810.194987,WAITING_FOR_ARM,RESETTING,,0,517467,True,4,2,0.9997042145318388,0,False,,0.0002957854681612353,0,324.84849614715387,176.45339299030573,1341.0,"[{""bbox"": [306, 158, 38, 38], ""centroid"": [324.84849614715387, 176.45339299030573], ""area_px"": 1341.0, ""has_hole"": true}, {""bbox"": [328, 210, 18, 20], ""centroid"": [336.53934426229506, 219.38196721311476], ""area_px"": 305.0, ""has_hole"": true}]",0.0,0.0,0.0,0.0,
1784258810.2150178,WAITING_FOR_ARM,RESETTING,,0,517467,True,4,2,0.9997042145318388,0,False,,0.0002957854681612353,0,324.84849614715387,176.45339299030573,1341.0,"[{""bbox"": [306, 158, 38, 38], ""centroid"": [324.84849614715387, 176.45339299030573], ""area_px"": 1341.0, ""has_hole"": true}, {""bbox"": [328, 210, 18, 20], ""centroid"": [336.53934426229506, 219.38196721311476], ""area_px"": 305.0, ""has_hole"": true}]",0.0,0.0,0.0,0.0,
1784258810.2351635,WAITING_FOR_ARM,RESETTING,,0,517468,True,4,2,0.9993407770132469,0,False,,0.0006592229867531641,0,324.8211715065773,176.48324646314222,1343.0,"[{""bbox"": [306, 158, 38, 38], ""centroid"": [324.8211715065773, 176.48324646314222], ""area_px"": 1343.0, ""has_hole"": true}, {""bbox"": [328, 210, 18, 20], ""centroid"": [336.6185002736727, 219.50903119868636], ""area_px"": 304.5, ""has_hole"": true}]",0.0,0.0,0.0,0.0,
1784258810.255663,WAITING_FOR_ARM,RESETTING,,0,517469,True,4,2,0.999767619065768,0,False,,0.0002323809342319933,0,324.8211715065773,176.5204765450484,1343.0,"[{""bbox"": [306, 158, 38, 38], ""centroid"": [324.8211715065773, 176.5204765450484], ""area_px"": 1343.0, ""has_hole"": true}, {""bbox"": [328, 210, 18, 20], ""centroid"": [336.4688524590164, 219.29398907103823], ""area_px"": 305.0, ""has_hole"": true}]",0.0,0.0,0.0,0.0,
1784258810.2752235,WAITING_FOR_ARM,RESETTING,,0,517469,True,4,2,0.999767619065768,0,False,,0.0002323809342319933,0,324.8211715065773,176.5204765450484,1343.0,"[{""bbox"": [306, 158, 38, 38], ""centroid"": [324.8211715065773, 176.5204765450484], ""area_px"": 1343.0, ""has_hole"": true}, {""bbox"": [328, 210, 18, 20], ""centroid"": [336.4688524590164, 219.29398907103823], ""area_px"": 305.0, ""has_hole"": true}]",0.0,0.0,0.0,0.0,
1784258810.2953105,WAITING_FOR_ARM,RESETTING,,0,517470,True,4,2,0.9972542888646078,0,False,,0.0027457111353922617,0,324.9503812023497,176.51056117985252,1333.5,"[{""bbox"": [306, 158, 38, 38], ""centroid"": [324.9503812023497, 176.51056117985252], ""area_px"": 1333.5, ""has_hole"": true}, {""bbox"": [328, 210, 18, 20], ""centroid"": [336.56759715380406, 219.2200328407225], ""area_px"": 304.5, ""has_hole"": true}]",0.0,0.0,0.0,0.0,
1784258810.315374,WAITING_FOR_ARM,RESETTING,,0,517471,True,4,2,0.9994835661149475,0,False,,0.0005164338850524836,0,324.93096129837704,176.48314606741573,1335.0,"[{""bbox"": [306, 158, 38, 38], ""centroid"": [324.93096129837704, 176.48314606741573], ""area_px"": 1335.0, ""has_hole"": true}, {""bbox"": [328, 210, 18, 20], ""centroid"": [336.50657894736844, 219.1184210526316], ""area_px"": 304.0, ""has_hole"": true}]",0.0,0.0,0.0,0.0,
1784258810.335271,WAITING_FOR_ARM,RESETTING,,0,517471,True,4,2,0.9994835661149475,0,False,,0.0005164338850524836,0,324.93096129837704,176.48314606741573,1335.0,"[{""bbox"": [306, 158, 38, 38], ""centroid"": [324.93096129837704, 176.48314606741573], ""area_px"": 1335.0, ""has_hole"": true}, {""bbox"": [328, 210, 18, 20], ""centroid"": [336.50657894736844, 219.1184210526316], ""area_px"": 304.0, ""has_hole"": true}]",0.0,0.0,0.0,0.0,
1784258810.3553843,WAITING_FOR_ARM,RESETTING,,0,517472,True,4,2,0.9996518472755254,0,False,,0.00034815272447465503,0,324.93643062320467,176.52216810290994,1334.5,"[{""bbox"": [306, 158, 38, 38], ""centroid"": [324.93643062320467, 176.52216810290994], ""area_px"": 1334.5, ""has_hole"": true}, {""bbox"": [328, 210, 18, 20], ""centroid"": [336.4967320261438, 219.0610021786492], ""area_px"": 306.0, ""has_hole"": true}]",0.0,0.0,0.0,0.0,
1784258810.374971,WAITING_FOR_ARM,RESETTING,,0,517472,True,4,2,0.9996518472755254,0,False,,0.00034815272447465503,0,324.93643062320467,176.52216810290994,1334.5,"[{""bbox"": [306, 158, 38, 38], ""centroid"": [324.93643062320467, 176.52216810290994], ""area_px"": 1334.5, ""has_hole"": true}, {""bbox"": [328, 210, 18, 20], ""centroid"": [336.4967320261438, 219.0610021786492], ""area_px"": 306.0, ""has_hole"": true}]",0.0,0.0,0.0,0.0,
1784258810.395378,WAITING_FOR_ARM,RESETTING,,0,517473,True,4,2,0.9991065815503455,0,False,,0.0008934184496545665,0,324.8953271028037,176.54043613707162,1337.5,"[{""bbox"": [306, 158, 38, 38], ""centroid"": [324.8953271028037, 176.54043613707162], ""area_px"": 1337.5, ""has_hole"": true}, {""bbox"": [328, 210, 18, 20], ""centroid"": [336.5431081823174, 219.07138934651286], ""area_px"": 303.5, ""has_hole"": true}]",0.0,0.0,0.0,0.0,
1784258810.4151547,WAITING_FOR_ARM,RESETTING,,0,517474,True,4,2,0.9995756673477686,0,False,,0.00042433265223143415,0,324.8815838625327,176.50790686091395,1338.5,"[{""bbox"": [306, 158, 38, 38], ""centroid"": [324.8815838625327, 176.50790686091395], ""area_px"": 1338.5, ""has_hole"": true}, {""bbox"": [328, 210, 18, 20], ""centroid"": [336.5231860338243, 219.13256955810147], ""area_px"": 305.5, ""has_hole"": true}]",0.0,0.0,0.0,0.0,
1784258810.4352553,WAITING_FOR_ARM,RESETTING,,0,517474,True,4,2,0.9995756673477686,0,False,,0.00042433265223143415,0,324.8815838625327,176.50790686091395,1338.5,"[{""bbox"": [306, 158, 38, 38], ""centroid"": [324.8815838625327, 176.50790686091395], ""area_px"": 1338.5, ""has_hole"": true}, {""bbox"": [328, 210, 18, 20], ""centroid"": [336.5231860338243, 219.13256955810147], ""area_px"": 305.5, ""has_hole"": true}]",0.0,0.0,0.0,0.0,
1784258810.455147,WAITING_FOR_ARM,RESETTING,,0,517475,True,4,2,0.9999584575605086,0,False,,4.154243949138458e-05,0,324.87959158261737,176.51425725314405,1338.5,"[{""bbox"": [306, 158, 38, 38], ""centroid"": [324.87959158261737, 176.51425725314405], ""area_px"": 1338.5, ""has_hole"": true}, {""bbox"": [328, 210, 18, 19], ""centroid"": [336.6272522522522, 219.1447072072072], ""area_px"": 296.0, ""has_hole"": true}]",0.0,0.0,0.0,0.0,
1784258810.4752023,WAITING_FOR_ARM,RESETTING,,0,517476,True,4,2,0.9990072695577603,0,False,,0.0009927304422396998,0,324.8026348496147,176.52324136216754,1341.0,"[{""bbox"": [306, 158, 38, 38], ""centroid"": [324.8026348496147, 176.52324136216754], ""area_px"": 1341.0, ""has_hole"": true}, {""bbox"": [328, 210, 18, 19], ""centroid"": [336.7537227949599, 219.23310423825887], ""area_px"": 291.0, ""has_hole"": true}]",0.0,0.0,0.0,0.0,
1784258810.4952037,WAITING_FOR_ARM,RESETTING,,0,517476,True,4,2,0.9990072695577603,0,False,,0.0009927304422396998,0,324.8026348496147,176.52324136216754,1341.0,"[{""bbox"": [306, 158, 38, 38], ""centroid"": [324.8026348496147, 176.52324136216754], ""area_px"": 1341.0, ""has_hole"": true}, {""bbox"": [328, 210, 18, 19], ""centroid"": [336.7537227949599, 219.23310423825887], ""area_px"": 291.0, ""has_hole"": true}]",0.0,0.0,0.0,0.0,
1784258810.515068,WAITING_FOR_ARM,RESETTING,,0,517476,True,4,2,0.9990072695577603,0,False,,0.0009927304422396998,0,324.8026348496147,176.52324136216754,1341.0,"[{""bbox"": [306, 158, 38, 38], ""centroid"": [324.8026348496147, 176.52324136216754], ""area_px"": 1341.0, ""has_hole"": true}, {""bbox"": [328, 210, 18, 19], ""centroid"": [336.7537227949599, 219.23310423825887], ""area_px"": 291.0, ""has_hole"": true}]",0.0,0.0,0.0,0.0,
1784258810.535426,WAITING_FOR_ARM,RESETTING,,0,517478,True,4,2,0.9881384386393605,0,False,,0.011861561360639553,0,324.7150653453971,178.80252764612953,1160.5,"[{""bbox"": [306, 159, 38, 37], ""centroid"": [324.7150653453971, 178.80252764612953], ""area_px"": 1160.5, ""has_hole"": true}, {""bbox"": [328, 210, 18, 19], ""centroid"": [336.87242798353907, 219.34626690182245], ""area_px"": 283.5, ""has_hole"": true}]",0.0,0.0,0.0,0.0,
1784258810.5551667,WAITING_FOR_ARM,RESETTING,,0,517478,True,4,2,0.9881384386393605,0,False,,0.011861561360639553,0,324.7150653453971,178.80252764612953,1160.5,"[{""bbox"": [306, 159, 38, 37], ""centroid"": [324.7150653453971, 178.80252764612953], ""area_px"": 1160.5, ""has_hole"": true}, {""bbox"": [328, 210, 18, 19], ""centroid"": [336.87242798353907, 219.34626690182245], ""area_px"": 283.5, ""has_hole"": true}]",0.0,0.0,0.0,0.0,
1784258810.5748734,WAITING_FOR_ARM,RESETTING,,0,517478,True,4,2,0.9881384386393605,0,False,,0.011861561360639553,0,324.7150653453971,178.80252764612953,1160.5,"[{""bbox"": [306, 159, 38, 37], ""centroid"": [324.7150653453971, 178.80252764612953], ""area_px"": 1160.5, ""has_hole"": true}, {""bbox"": [328, 210, 18, 19], ""centroid"": [336.87242798353907, 219.34626690182245], ""area_px"": 283.5, ""has_hole"": true}]",0.0,0.0,0.0,0.0,
1784258810.5952702,WAITING_FOR_ARM,RESETTING,,0,517479,True,4,2,0.973541442421354,0,False,,0.026458557578646003,0,324.750257997936,179.29736104968302,1130.5,"[{""bbox"": [306, 162, 38, 34], ""centroid"": [324.750257997936, 179.29736104968302], ""area_px"": 1130.5, ""has_hole"": true}, {""bbox"": [328, 210, 18, 19], ""centroid"": [336.56560580681185, 219.15633724176436], ""area_px"": 298.5, ""has_hole"": true}]",0.0,0.0,0.0,0.0,
1784258810.6149068,WAITING_FOR_ARM,RESETTING,,0,517480,True,4,2,0.9976753057971007,0,False,,0.002324694202899269,0,324.78520146520145,179.2008791208791,1137.5,"[{""bbox"": [306, 162, 38, 34], ""centroid"": [324.78520146520145, 179.2008791208791], ""area_px"": 1137.5, ""has_hole"": true}, {""bbox"": [328, 210, 18, 19], ""centroid"": [336.5400773908236, 219.06965174129354], ""area_px"": 301.5, ""has_hole"": true}]",0.0,0.0,0.0,0.0,
1784258810.635276,WAITING_FOR_ARM,RESETTING,,0,517480,True,4,2,0.9976753057971007,0,False,,0.002324694202899269,0,324.78520146520145,179.2008791208791,1137.5,"[{""bbox"": [306, 162, 38, 34], ""centroid"": [324.78520146520145, 179.2008791208791], ""area_px"": 1137.5, ""has_hole"": true}, {""bbox"": [328, 210, 18, 19], ""centroid"": [336.5400773908236, 219.06965174129354], ""area_px"": 301.5, ""has_hole"": true}]",0.0,0.0,0.0,0.0,
1784258810.6554463,WAITING_FOR_ARM,RESETTING,,0,517481,True,4,2,0.9887443587797928,0,False,,0.01125564122020712,0,324.87440450411435,178.97877869207448,1154.5,"[{""bbox"": [306, 161, 38, 35], ""centroid"": [324.87440450411435, 178.97877869207448], ""area_px"": 1154.5, ""has_hole"": true}, {""bbox"": [328, 210, 18, 20], ""centroid"": [336.5836047774158, 219.17589576547232], ""area_px"": 307.0, ""has_hole"": true}]",0.0,0.0,0.0,0.0,
1784258810.6763427,WAITING_FOR_ARM,RESETTING,,0,517482,True,4,2,0.9834213017321987,0,False,,0.016578698267801378,0,324.9664248114952,178.70892018779344,1171.5,"[{""bbox"": [306, 159, 38, 37], ""centroid"": [324.9664248114952, 178.70892018779344], ""area_px"": 1171.5, ""has_hole"": true}, {""bbox"": [328, 210, 18, 20], ""centroid"": [336.57431693989065, 219.1158469945355], ""area_px"": 305.0, ""has_hole"": true}]",0.0,0.0,0.0,0.0,
1784258810.6953557,WAITING_FOR_ARM,RESETTING,,0,517482,True,4,2,0.9834213017321987,0,False,,0.016578698267801378,0,324.9664248114952,178.70892018779344,1171.5,"[{""bbox"": [306, 159, 38, 37], ""centroid"": [324.9664248114952, 178.70892018779344], ""area_px"": 1171.5, ""has_hole"": true}, {""bbox"": [328, 210, 18, 20], ""centroid"": [336.57431693989065, 219.1158469945355], ""area_px"": 305.0, ""has_hole"": true}]",0.0,0.0,0.0,0.0,
1784258810.7151833,WAITING_FOR_ARM,RESETTING,,0,517482,True,4,2,0.9834213017321987,0,False,,0.016578698267801378,0,324.9664248114952,178.70892018779344,1171.5,"[{""bbox"": [306, 159, 38, 37], ""centroid"": [324.9664248114952, 178.70892018779344], ""area_px"": 1171.5, ""has_hole"": true}, {""bbox"": [328, 210, 18, 20], ""centroid"": [336.57431693989065, 219.1158469945355], ""area_px"": 305.0, ""has_hole"": true}]",0.0,0.0,0.0,0.0,
1784258810.7353234,WAITING_FOR_ARM,RESETTING,,0,517484,True,4,2,0.9815482178866943,0,False,,0.018451782113305715,0,325.54681353265147,182.0957251507999,635.5,"[{""bbox"": [306, 159, 38, 37], ""centroid"": [325.54681353265147, 182.0957251507999], ""area_px"": 635.5, ""has_hole"": false}, {""bbox"": [328, 210, 18, 20], ""centroid"": [336.5644808743169, 219.0349726775956], ""area_px"": 305.0, ""has_hole"": true}]",0.0,0.0,0.0,0.0,
1784258810.754977,WAITING_FOR_ARM,RESETTING,,0,517484,True,4,2,0.9815482178866943,0,False,,0.018451782113305715,0,325.54681353265147,182.0957251507999,635.5,"[{""bbox"": [306, 159, 38, 37], ""centroid"": [325.54681353265147, 182.0957251507999], ""area_px"": 635.5, ""has_hole"": false}, {""bbox"": [328, 210, 18, 20], ""centroid"": [336.5644808743169, 219.0349726775956], ""area_px"": 305.0, ""has_hole"": true}]",0.0,0.0,0.0,0.0,
1784258810.7753246,WAITING_FOR_ARM,RESETTING,,0,517484,True,4,2,0.9815482178866943,0,False,,0.018451782113305715,0,325.54681353265147,182.0957251507999,635.5,"[{""bbox"": [306, 159, 38, 37], ""centroid"": [325.54681353265147, 182.0957251507999], ""area_px"": 635.5, ""has_hole"": false}, {""bbox"": [328, 210, 18, 20], ""centroid"": [336.5644808743169, 219.0349726775956], ""area_px"": 305.0, ""has_hole"": true}]",0.0,0.0,0.0,0.0,
1784258810.7951531,WAITING_FOR_ARM,RESETTING,,0,517485,True,4,2,0.9855328900793439,0,False,,0.014467109920656085,0,325.622545269064,181.85360877327213,653.5,"[{""bbox"": [306, 158, 38, 38], ""centroid"": [325.622545269064, 181.85360877327213], ""area_px"": 653.5, ""has_hole"": false}, {""bbox"": [328, 210, 18, 20], ""centroid"": [336.5771958537916, 219.10365521003817], ""area_px"": 305.5, ""has_hole"": true}]",0.0,0.0,0.0,0.0,
1784258810.8148987,WAITING_FOR_ARM,RESETTING,,0,517486,True,4,2,0.9981242917714169,0,False,,0.0018757082285831123,0,325.6781962592877,181.93594670766078,650.5,"[{""bbox"": [306, 158, 38, 38], ""centroid"": [325.6781962592877, 181.93594670766078], ""area_px"": 650.5, ""has_hole"": false}, {""bbox"": [328, 210, 18, 20], ""centroid"": [336.575807334428, 219.13191023535848], ""area_px"": 304.5, ""has_hole"": true}]",0.0,0.0,0.0,0.0,
1784258810.8351643,WAITING_FOR_ARM,RESETTING,,0,517486,True,4,2,0.9981242917714169,0,False,,0.0018757082285831123,0,325.6781962592877,181.93594670766078,650.5,"[{""bbox"": [306, 158, 38, 38], ""centroid"": [325.6781962592877, 181.93594670766078], ""area_px"": 650.5, ""has_hole"": false}, {""bbox"": [328, 210, 18, 20], ""centroid"": [336.575807334428, 219.13191023535848], ""area_px"": 304.5, ""has_hole"": true}]",0.0,0.0,0.0,0.0,
1784258810.8549793,WAITING_FOR_ARM,RESETTING,,0,517487,True,4,2,0.9900328574297972,0,False,,0.009967142570202824,0,325.57553058676655,181.47815230961297,667.5,"[{""bbox"": [306, 158, 38, 38], ""centroid"": [325.57553058676655, 181.47815230961297], ""area_px"": 667.5, ""has_hole"": false}, {""bbox"": [328, 210, 18, 20], ""centroid"": [336.6167498613422, 219.30671103716026], ""area_px"": 300.5, ""has_hole"": true}]",0.0,0.0,0.0,0.0,
1784258810.876298,WAITING_FOR_ARM,RESETTING,,0,517488,True,4,2,0.9857769264552594,0,False,,0.014223073544740587,0,325.8386627906977,180.55862403100775,688.0,"[{""bbox"": [306, 158, 38, 38], ""centroid"": [325.8386627906977, 180.55862403100775], ""area_px"": 688.0, ""has_hole"": false}, {""bbox"": [328, 210, 18, 20], ""centroid"": [336.5862258953168, 219.36694214876033], ""area_px"": 302.5, ""has_hole"": true}]",0.0,0.0,0.0,0.0,
1784258810.8951254,WAITING_FOR_ARM,RESETTING,,0,517488,True,4,2,0.9857769264552594,0,False,,0.014223073544740587,0,325.8386627906977,180.55862403100775,688.0,"[{""bbox"": [306, 158, 38, 38], ""centroid"": [325.8386627906977, 180.55862403100775], ""area_px"": 688.0, ""has_hole"": false}, {""bbox"": [328, 210, 18, 20], ""centroid"": [336.5862258953168, 219.36694214876033], ""area_px"": 302.5, ""has_hole"": true}]",0.0,0.0,0.0,0.0,
1784258810.9155693,WAITING_FOR_ARM,RESETTING,,0,517489,True,4,2,0.7971294859964557,0,False,,0.20287051400354428,0,325.05635400907715,176.68343419062026,1322.0,"[{""bbox"": [306, 158, 38, 38], ""centroid"": [325.05635400907715, 176.68343419062026], ""area_px"": 1322.0, ""has_hole"": true}, {""bbox"": [328, 210, 18, 20], ""centroid"": [336.5414579855314, 219.50639955481356], ""area_px"": 299.5, ""has_hole"": true}]",0.0,0.0,0.0,0.0,
1784258810.935573,WAITING_FOR_ARM,RESETTING,,0,517490,True,4,1,0.9990669955341867,0,False,,0.0009330044658133052,0,325.0401257861635,176.63572327044022,1325.0,"[{""bbox"": [306, 158, 38, 38], ""centroid"": [325.0401257861635, 176.63572327044022], ""area_px"": 1325.0, ""has_hole"": true}]",0.0,0.0,0.0,0.0,
1784258810.9550455,WAITING_FOR_ARM,RESETTING,,0,517490,True,4,1,0.9990669955341867,0,False,,0.0009330044658133052,0,325.0401257861635,176.63572327044022,1325.0,"[{""bbox"": [306, 158, 38, 38], ""centroid"": [325.0401257861635, 176.63572327044022], ""area_px"": 1325.0, ""has_hole"": true}]",0.0,0.0,0.0,0.0,
1784258810.9752767,WAITING_FOR_ARM,RESETTING,,0,517490,True,4,1,0.9990669955341867,0,False,,0.0009330044658133052,0,325.0401257861635,176.63572327044022,1325.0,"[{""bbox"": [306, 158, 38, 38], ""centroid"": [325.0401257861635, 176.63572327044022], ""area_px"": 1325.0, ""has_hole"": true}]",0.0,0.0,0.0,0.0,
1784258810.9957814,WAITING_FOR_ARM,RESETTING,,0,517491,True,4,1,0.9980626275938562,0,False,,0.0019373724061438273,0,324.9143143896625,176.48663906661648,1328.5,"[{""bbox"": [306, 158, 38, 38], ""centroid"": [324.9143143896625, 176.48663906661648], ""area_px"": 1328.5, ""has_hole"": true}]",0.0,0.0,0.0,0.0,
1784258811.0150447,WAITING_FOR_ARM,RESETTING,,0,517492,True,4,1,0.9982967905835749,0,False,,0.0017032094164250826,0,325.0068001511145,176.54250094446544,1323.5,"[{""bbox"": [306, 158, 38, 38], ""centroid"": [325.0068001511145, 176.54250094446544], ""area_px"": 1323.5, ""has_hole"": true}]",0.0,0.0,0.0,0.0,
1784258811.034962,WAITING_FOR_ARM,RESETTING,,0,517492,True,4,1,0.9982967905835749,0,False,,0.0017032094164250826,0,325.0068001511145,176.54250094446544,1323.5,"[{""bbox"": [306, 158, 38, 38], ""centroid"": [325.0068001511145, 176.54250094446544], ""area_px"": 1323.5, ""has_hole"": true}]",0.0,0.0,0.0,0.0,
1784258811.0550768,WAITING_FOR_ARM,RESETTING,,0,517493,True,4,2,0.9992266634767839,0,False,,0.0007733365232160572,0,324.9873928391326,176.47075138678767,1322.0,"[{""bbox"": [306, 158, 38, 38], ""centroid"": [324.9873928391326, 176.47075138678767], ""area_px"": 1322.0, ""has_hole"": true}, {""bbox"": [328, 210, 18, 20], ""centroid"": [336.5561056105611, 219.32178217821783], ""area_px"": 303.0, ""has_hole"": true}]",0.0,0.0,0.0,0.0,
1784258811.0751214,WAITING_FOR_ARM,RESETTING,,0,517494,True,4,2,0.9996046965601205,0,False,,0.0003953034398795121,0,324.99798437893674,176.4991181657848,1323.0,"[{""bbox"": [306, 158, 38, 38], ""centroid"": [324.99798437893674, 176.4991181657848], ""area_px"": 1323.0, ""has_hole"": true}, {""bbox"": [328, 210, 18, 20], ""centroid"": [336.567880794702, 219.23233995584985], ""area_px"": 302.0, ""has_hole"": true}]",0.0,0.0,0.0,0.0,
1784258811.0949404,WAITING_FOR_ARM,RESETTING,,0,517494,True,4,2,0.9996046965601205,0,False,,0.0003953034398795121,0,324.99798437893674,176.4991181657848,1323.0,"[{""bbox"": [306, 158, 38, 38], ""centroid"": [324.99798437893674, 176.4991181657848], ""area_px"": 1323.0, ""has_hole"": true}, {""bbox"": [328, 210, 18, 20], ""centroid"": [336.567880794702, 219.23233995584985], ""area_px"": 302.0, ""has_hole"": true}]",0.0,0.0,0.0,0.0,
1784258811.1150062,WAITING_FOR_ARM,RESETTING,,0,517495,True,4,2,0.9994596653003709,0,False,,0.0005403346996291302,0,324.9908176100629,176.5183647798742,1325.0,"[{""bbox"": [306, 158, 38, 38], ""centroid"": [324.9908176100629, 176.5183647798742], ""area_px"": 1325.0, ""has_hole"": true}, {""bbox"": [328, 210, 18, 20], ""centroid"": [336.5864498644986, 219.16476964769643], ""area_px"": 307.5, ""has_hole"": true}]",0.0,0.0,0.0,0.0,
1784258811.1350234,WAITING_FOR_ARM,RESETTING,,0,517496,True,4,2,0.9997492299612276,0,False,,0.0002507700387724281,0,324.9737106918239,176.48201257861635,1325.0,"[{""bbox"": [306, 158, 38, 38], ""centroid"": [324.9737106918239, 176.48201257861635], ""area_px"": 1325.0, ""has_hole"": true}, {""bbox"": [328, 210, 18, 20], ""centroid"": [336.5902891434806, 219.16257501363881], ""area_px"": 305.5, ""has_hole"": true}]",0.0,0.0,0.0,0.0,
1784258811.1549873,WAITING_FOR_ARM,RESETTING,,0,517496,True,4,2,0.9997492299612276,0,False,,0.0002507700387724281,0,324.9737106918239,176.48201257861635,1325.0,"[{""bbox"": [306, 158, 38, 38], ""centroid"": [324.9737106918239, 176.48201257861635], ""area_px"": 1325.0, ""has_hole"": true}, {""bbox"": [328, 210, 18, 20], ""centroid"": [336.5902891434806, 219.16257501363881], ""area_px"": 305.5, ""has_hole"": true}]",0.0,0.0,0.0,0.0,
1784258811.1750793,WAITING_FOR_ARM,RESETTING,,0,517496,True,4,2,0.9997492299612276,0,False,,0.0002507700387724281,0,324.9737106918239,176.48201257861635,1325.0,"[{""bbox"": [306, 158, 38, 38], ""centroid"": [324.9737106918239, 176.48201257861635], ""area_px"": 1325.0, ""has_hole"": true}, {""bbox"": [328, 210, 18, 20], ""centroid"": [336.5902891434806, 219.16257501363881], ""area_px"": 305.5, ""has_hole"": true}]",0.0,0.0,0.0,0.0,
1784258811.195372,WAITING_FOR_ARM,RESETTING,,0,517497,True,4,2,0.9983913453589925,0,False,,0.0016086546410074495,0,324.8333333333333,176.40763052208834,1328.0,"[{""bbox"": [306, 158, 38, 38], ""centroid"": [324.8333333333333, 176.40763052208834], ""area_px"": 1328.0, ""has_hole"": true}, {""bbox"": [328, 210, 18, 20], ""centroid"": [336.5114006514658, 219.0912052117264], ""area_px"": 307.0, ""has_hole"": true}]",0.0,0.0,0.0,0.0,
1784258811.2151234,WAITING_FOR_ARM,RESETTING,,0,517498,True,4,2,0.9993409022638481,0,False,,0.0006590977361519123,0,324.82092731829573,176.36979949874686,1330.0,"[{""bbox"": [306, 158, 38, 38], ""centroid"": [324.82092731829573, 176.36979949874686], ""area_px"": 1330.0, ""has_hole"": true}, {""bbox"": [328, 210, 18, 20], ""centroid"": [336.4967320261438, 219.0610021786492], ""area_px"": 306.0, ""has_hole"": true}]",0.0,0.0,0.0,0.0,
1784258811.2350378,WAITING_FOR_ARM,RESETTING,,0,517498,True,4,2,0.9993409022638481,0,False,,0.0006590977361519123,0,324.82092731829573,176.36979949874686,1330.0,"[{""bbox"": [306, 158, 38, 38], ""centroid"": [324.82092731829573, 176.36979949874686], ""area_px"": 1330.0, ""has_hole"": true}, {""bbox"": [328, 210, 18, 20], ""centroid"": [336.4967320261438, 219.0610021786492], ""area_px"": 306.0, ""has_hole"": true}]",0.0,0.0,0.0,0.0,
1784258811.2553966,WAITING_FOR_ARM,RESETTING,,0,517499,True,4,2,0.9990198071799908,0,False,,0.0009801928200091135,0,324.87364983672444,176.39475006279827,1327.0,"[{""bbox"": [306, 158, 38, 38], ""centroid"": [324.87364983672444, 176.39475006279827], ""area_px"": 1327.0, ""has_hole"": true}, {""bbox"": [328, 210, 18, 20], ""centroid"": [336.5258666666667, 219.2549333333333], ""area_px"": 312.5, ""has_hole"": true}]",0.0,0.0,0.0,0.0,
1784258811.2750452,WAITING_FOR_ARM,RESETTING,,0,517500,True,4,2,0.9994183473832396,0,False,,0.0005816526167604083,0,324.8760973162779,176.4219964885879,1329.0,"[{""bbox"": [306, 158, 38, 38], ""centroid"": [324.8760973162779, 176.4219964885879], ""area_px"": 1329.0, ""has_hole"": true}, {""bbox"": [328, 210, 18, 20], ""centroid"": [336.5535810446957, 219.16532040926222], ""area_px"": 309.5, ""has_hole"": true}]",0.0,0.0,0.0,0.0,
1784258811.2953691,WAITING_FOR_ARM,RESETTING,,0,517500,True,4,2,0.9994183473832396,0,False,,0.0005816526167604083,0,324.8760973162779,176.4219964885879,1329.0,"[{""bbox"": [306, 158, 38, 38], ""centroid"": [324.8760973162779, 176.4219964885879], ""area_px"": 1329.0, ""has_hole"": true}, {""bbox"": [328, 210, 18, 20], ""centroid"": [336.5535810446957, 219.16532040926222], ""area_px"": 309.5, ""has_hole"": true}]",0.0,0.0,0.0,0.0,
1784258811.3151581,WAITING_FOR_ARM,RESETTING,,0,517500,True,4,2,0.9994183473832396,0,False,,0.0005816526167604083,0,324.8760973162779,176.4219964885879,1329.0,"[{""bbox"": [306, 158, 38, 38], ""centroid"": [324.8760973162779, 176.4219964885879], ""area_px"": 1329.0, ""has_hole"": true}, {""bbox"": [328, 210, 18, 20], ""centroid"": [336.5535810446957, 219.16532040926222], ""area_px"": 309.5, ""has_hole"": true}]",0.0,0.0,0.0,0.0,
1784258811.3356407,WAITING_FOR_ARM,RESETTING,,0,517502,True,4,2,0.9996345384611642,0,False,,0.00036546153883573024,0,324.87779452398894,176.40793770409442,1327.0,"[{""bbox"": [306, 158, 38, 38], ""centroid"": [324.87779452398894, 176.40793770409442], ""area_px"": 1327.0, ""has_hole"": true}, {""bbox"": [328, 210, 18, 20], ""centroid"": [336.5468164794007, 219.22578919208132], ""area_px"": 311.5, ""has_hole"": true}]",0.0,0.0,0.0,0.0,
1784258811.3551824,WAITING_FOR_ARM,RESETTING,,0,517502,True,4,2,0.9996345384611642,0,False,,0.00036546153883573024,0,324.87779452398894,176.40793770409442,1327.0,"[{""bbox"": [306, 158, 38, 38], ""centroid"": [324.87779452398894, 176.40793770409442], ""area_px"": 1327.0, ""has_hole"": true}, {""bbox"": [328, 210, 18, 20], ""centroid"": [336.5468164794007, 219.22578919208132], ""area_px"": 311.5, ""has_hole"": true}]",0.0,0.0,0.0,0.0,
1784258811.3753395,WAITING_FOR_ARM,RESETTING,,0,517502,True,4,2,0.9996345384611642,0,False,,0.00036546153883573024,0,324.87779452398894,176.40793770409442,1327.0,"[{""bbox"": [306, 158, 38, 38], ""centroid"": [324.87779452398894, 176.40793770409442], ""area_px"": 1327.0, ""has_hole"": true}, {""bbox"": [328, 210, 18, 20], ""centroid"": [336.5468164794007, 219.22578919208132], ""area_px"": 311.5, ""has_hole"": true}]",0.0,0.0,0.0,0.0,
1784258811.3953128,WAITING_FOR_ARM,RESETTING,,0,517503,True,4,2,0.997590876505446,0,False,,0.0024091234945540197,0,324.8812375249501,176.49837824351295,1336.0,"[{""bbox"": [306, 158, 38, 38], ""centroid"": [324.8812375249501, 176.49837824351295], ""area_px"": 1336.0, ""has_hole"": true}, {""bbox"": [328, 210, 18, 20], ""centroid"": [336.53397538790796, 219.22525414660242], ""area_px"": 311.5, ""has_hole"": true}]",0.0,0.0,0.0,0.0,
1784258811.4150655,WAITING_FOR_ARM,RESETTING,,0,517504,True,4,2,0.9993913230419609,0,False,,0.0006086769580391435,0,324.8455497382199,176.44427823485415,1337.0,"[{""bbox"": [306, 158, 38, 38], ""centroid"": [324.8455497382199, 176.44427823485415], ""area_px"": 1337.0, ""has_hole"": true}, {""bbox"": [328, 210, 18, 20], ""centroid"": [336.54889249054565, 219.13560237709345], ""area_px"": 308.5, ""has_hole"": true}]",0.0,0.0,0.0,0.0,
1784258811.4351823,WAITING_FOR_ARM,RESETTING,,0,517504,True,4,2,0.9993913230419609,0,False,,0.0006086769580391435,0,324.8455497382199,176.44427823485415,1337.0,"[{""bbox"": [306, 158, 38, 38], ""centroid"": [324.8455497382199, 176.44427823485415], ""area_px"": 1337.0, ""has_hole"": true}, {""bbox"": [328, 210, 18, 20], ""centroid"": [336.54889249054565, 219.13560237709345], ""area_px"": 308.5, ""has_hole"": true}]",0.0,0.0,0.0,0.0,
1784258811.4549868,WAITING_FOR_ARM,RESETTING,,0,517505,True,4,2,0.9983210544997257,0,False,,0.001678945500274283,0,324.9557389347337,176.52738184546138,1333.0,"[{""bbox"": [306, 158, 38, 38], ""centroid"": [324.9557389347337, 176.52738184546138], ""area_px"": 1333.0, ""has_hole"": true}, {""bbox"": [328, 210, 18, 20], ""centroid"": [336.53791598472446, 219.0447354064375], ""area_px"": 305.5, ""has_hole"": true}]",0.0,0.0,0.0,0.0,
1784258811.4749107,WAITING_FOR_ARM,RESETTING,,0,517506,True,4,2,0.9887318346107373,0,False,,0.011268165389262636,0,325.0727018079959,176.6478227654698,1309.0,"[{""bbox"": [307, 158, 37, 38], ""centroid"": [325.0727018079959, 176.6478227654698], ""area_px"": 1309.0, ""has_hole"": true}, {""bbox"": [328, 210, 18, 20], ""centroid"": [336.5691721132897, 219.20533769063178], ""area_px"": 306.0, ""has_hole"": true}]",0.0,0.0,0.0,0.0,
1784258811.4953387,WAITING_FOR_ARM,RESETTING,,0,517506,True,4,2,0.9887318346107373,0,False,,0.011268165389262636,0,325.0727018079959,176.6478227654698,1309.0,"[{""bbox"": [307, 158, 37, 38], ""centroid"": [325.0727018079959, 176.6478227654698], ""area_px"": 1309.0, ""has_hole"": true}, {""bbox"": [328, 210, 18, 20], ""centroid"": [336.5691721132897, 219.20533769063178], ""area_px"": 306.0, ""has_hole"": true}]",0.0,0.0,0.0,0.0,
1784258811.5151246,WAITING_FOR_ARM,RESETTING,,0,517507,False,4,1,0.75,1,False,,,0,,,,"[{""bbox"": [328, 210, 18, 20], ""centroid"": [336.5899558498896, 219.2019867549669], ""area_px"": 302.0, ""has_hole"": true}]",0.0,0.0,0.0,0.0,
1784258811.535106,WAITING_FOR_ARM,RESETTING,,0,517508,False,4,1,0.5,2,False,,,0,,,,"[{""bbox"": [328, 210, 18, 20], ""centroid"": [336.5926535087719, 219.14473684210526], ""area_px"": 304.0, ""has_hole"": true}]",0.0,0.0,0.0,0.0,
1784258811.5550096,WAITING_FOR_ARM,RESETTING,,0,517508,False,4,1,0.5,2,False,,,0,,,,"[{""bbox"": [328, 210, 18, 20], ""centroid"": [336.5926535087719, 219.14473684210526], ""area_px"": 304.0, ""has_hole"": true}]",0.0,0.0,0.0,0.0,
1784258811.5751534,WAITING_FOR_ARM,RESETTING,,0,517508,False,4,1,0.5,2,False,,,0,,,,"[{""bbox"": [328, 210, 18, 20], ""centroid"": [336.5926535087719, 219.14473684210526], ""area_px"": 304.0, ""has_hole"": true}]",0.0,0.0,0.0,0.0,
1784258811.596953,WAITING_FOR_ARM,RESETTING,,0,517509,False,4,2,0.25,3,False,,,0,,,,"[{""bbox"": [307, 167, 37, 29], ""centroid"": [325.46802030456854, 186.282910321489], ""area_px"": 492.5, ""has_hole"": false}, {""bbox"": [328, 210, 18, 20], ""centroid"": [336.56004308023694, 219.16532040926222], ""area_px"": 309.5, ""has_hole"": true}]",0.0,0.0,0.0,0.0,
1784258811.6152797,WAITING_FOR_ARM,RESETTING,,0,517510,True,5,2,1.0,0,True,association_lost,,0,325.65312190287415,185.96101750908488,504.5,"[{""bbox"": [307, 166, 37, 30], ""centroid"": [325.65312190287415, 185.96101750908488], ""area_px"": 504.5, ""has_hole"": false}, {""bbox"": [328, 210, 18, 20], ""centroid"": [336.54240950837385, 219.1350621285791], ""area_px"": 308.5, ""has_hole"": true}]",0.0,0.0,0.0,0.0,
1784258811.6350572,WAITING_FOR_ARM,RESETTING,,0,517510,True,5,2,1.0,0,True,association_lost,,0,325.65312190287415,185.96101750908488,504.5,"[{""bbox"": [307, 166, 37, 30], ""centroid"": [325.65312190287415, 185.96101750908488], ""area_px"": 504.5, ""has_hole"": false}, {""bbox"": [328, 210, 18, 20], ""centroid"": [336.54240950837385, 219.1350621285791], ""area_px"": 308.5, ""has_hole"": true}]",0.0,0.0,0.0,0.0,
1784258811.6552773,WAITING_FOR_ARM,RESETTING,,0,517511,True,5,2,0.9420481453618177,0,False,,0.057951854638182254,0,326.500306936771,184.65561694290977,543.0,"[{""bbox"": [306, 162, 38, 34], ""centroid"": [326.500306936771, 184.65561694290977], ""area_px"": 543.0, ""has_hole"": false}, {""bbox"": [328, 210, 18, 20], ""centroid"": [336.53592652620205, 219.1350621285791], ""area_px"": 308.5, ""has_hole"": true}]",0.0,0.0,0.0,0.0,
1784258811.6752028,AWAIT_FRESH_FRAME,RESETTING,,0,517512,True,5,2,0.9727885915934497,0,False,,0.027211408406550314,0,326.83878787878785,184.30393939393937,550.0,"[{""bbox"": [307, 159, 37, 37], ""centroid"": [326.83878787878785, 184.30393939393937], ""area_px"": 550.0, ""has_hole"": false}, {""bbox"": [328, 210, 18, 20], ""centroid"": [336.53742595584276, 219.16478190630048], ""area_px"": 309.5, ""has_hole"": true}]",0.0,0.0,0.0,0.0,
1784258811.6954007,ACTIVE,SETTLE,0.0,0,517512,True,5,2,0.9727885915934497,0,False,,0.027211408406550314,0,326.83878787878785,184.30393939393937,550.0,"[{""bbox"": [307, 159, 37, 37], ""centroid"": [326.83878787878785, 184.30393939393937], ""area_px"": 550.0, ""has_hole"": false}, {""bbox"": [328, 210, 18, 20], ""centroid"": [336.53742595584276, 219.16478190630048], ""area_px"": 309.5, ""has_hole"": true}]",0.0,0.0,0.0,0.265,
1784258811.7156065,ACTIVE,SETTLE,0.02032459998736158,0,517512,True,5,2,0.9727885915934497,0,False,,0.027211408406550314,0,326.83878787878785,184.30393939393937,550.0,"[{""bbox"": [307, 159, 37, 37], ""centroid"": [326.83878787878785, 184.30393939393937], ""area_px"": 550.0, ""has_hole"": false}, {""bbox"": [328, 210, 18, 20], ""centroid"": [336.53742595584276, 219.16478190630048], ""area_px"": 309.5, ""has_hole"": true}]",0.0,0.0,0.0,0.265,
1784258811.7366118,ACTIVE,SETTLE,0.04009939997922629,0,517514,True,5,2,0.9984819030533852,0,False,,0.0015180969466147942,0,325.72612470402527,182.10313075506446,633.5,"[{""bbox"": [306, 158, 38, 38], ""centroid"": [325.72612470402527, 182.10313075506446], ""area_px"": 633.5, ""has_hole"": false}, {""bbox"": [328, 210, 18, 20], ""centroid"": [336.5632740980075, 219.165858912224], ""area_px"": 309.5, ""has_hole"": true}]",0.0,0.0,0.0,0.265,
1784258811.7551737,ACTIVE,SETTLE,0.06002530001569539,0,517514,True,5,2,0.9984819030533852,0,False,,0.0015180969466147942,0,325.72612470402527,182.10313075506446,633.5,"[{""bbox"": [306, 158, 38, 38], ""centroid"": [325.72612470402527, 182.10313075506446], ""area_px"": 633.5, ""has_hole"": false}, {""bbox"": [328, 210, 18, 20], ""centroid"": [336.5632740980075, 219.165858912224], ""area_px"": 309.5, ""has_hole"": true}]",0.0,0.0,0.0,0.265,
1784258811.7754405,ACTIVE,SETTLE,0.08021189999999478,0,517514,True,5,2,0.9984819030533852,0,False,,0.0015180969466147942,0,325.72612470402527,182.10313075506446,633.5,"[{""bbox"": [306, 158, 38, 38], ""centroid"": [325.72612470402527, 182.10313075506446], ""area_px"": 633.5, ""has_hole"": false}, {""bbox"": [328, 210, 18, 20], ""centroid"": [336.5632740980075, 219.165858912224], ""area_px"": 309.5, ""has_hole"": true}]",0.0,0.0,0.0,0.265,
1784258811.79537,ACTIVE,SETTLE,0.10024249996058643,0,517515,True,5,2,0.9656314721877838,0,False,,0.03436852781221627,0,325.31031976744185,180.25048449612402,688.0,"[{""bbox"": [306, 158, 38, 38], ""centroid"": [325.31031976744185, 180.25048449612402], ""area_px"": 688.0, ""has_hole"": false}, {""bbox"": [328, 210, 19, 20], ""centroid"": [336.81942257217844, 219.2692913385827], ""area_px"": 317.5, ""has_hole"": true}]",0.0,0.0,0.0,0.265,
1784258811.8151627,ACTIVE,SETTLE,0.11995199997909367,0,517516,True,5,2,0.9794722012799206,0,False,,0.02052779872007942,0,325.55479452054794,181.50025367833587,657.0,"[{""bbox"": [306, 158, 38, 38], ""centroid"": [325.55479452054794, 181.50025367833587], ""area_px"": 657.0, ""has_hole"": false}, {""bbox"": [328, 210, 19, 20], ""centroid"": [336.886280646844, 219.30829420970267], ""area_px"": 319.5, ""has_hole"": true}]",0.0,0.0,0.0,0.265,
1784258811.835402,ACTIVE,SETTLE,0.14001370000187308,0,517516,True,5,2,0.9794722012799206,0,False,,0.02052779872007942,0,325.55479452054794,181.50025367833587,657.0,"[{""bbox"": [306, 158, 38, 38], ""centroid"": [325.55479452054794, 181.50025367833587], ""area_px"": 657.0, ""has_hole"": false}, {""bbox"": [328, 210, 19, 20], ""centroid"": [336.886280646844, 219.30829420970267], ""area_px"": 319.5, ""has_hole"": true}]",0.0,0.0,0.0,0.265,
1784258811.8558977,ACTIVE,SETTLE,0.16056639997987077,0,517517,True,5,2,0.9870945429292436,0,False,,0.0129054570707564,0,325.55089526612704,180.90458670591119,679.5,"[{""bbox"": [306, 158, 38, 38], ""centroid"": [325.55089526612704, 180.90458670591119], ""area_px"": 679.5, ""has_hole"": false}, {""bbox"": [328, 210, 19, 20], ""centroid"": [336.9548556430446, 219.44619422572174], ""area_px"": 317.5, ""has_hole"": true}]",0.0,0.0,0.0,0.265,
1784258811.8752582,ACTIVE,SETTLE,0.18002520001027733,0,517518,True,5,2,0.9931318768087691,0,False,,0.006868123191230899,0,325.44492648831044,180.58664738491203,691.5,"[{""bbox"": [306, 158, 38, 38], ""centroid"": [325.44492648831044, 180.58664738491203], ""area_px"": 691.5, ""has_hole"": false}, {""bbox"": [328, 210, 19, 20], ""centroid"": [337.01796090861063, 219.44585314315898], ""area_px"": 315.5, ""has_hole"": true}]",0.0,0.0,0.0,0.265,
1784258811.8954964,ACTIVE,SETTLE,0.20027329999720678,0,517518,True,5,2,0.9931318768087691,0,False,,0.006868123191230899,0,325.44492648831044,180.58664738491203,691.5,"[{""bbox"": [306, 158, 38, 38], ""centroid"": [325.44492648831044, 180.58664738491203], ""area_px"": 691.5, ""has_hole"": false}, {""bbox"": [328, 210, 19, 20], ""centroid"": [337.01796090861063, 219.44585314315898], ""area_px"": 315.5, ""has_hole"": true}]",0.0,0.0,0.0,0.265,
1784258811.9151483,ACTIVE,SETTLE,0.2200081999762915,0,517519,True,5,1,0.9670966115187557,0,False,,0.032903388481244286,0,325.1265514184397,179.01329787234042,752.0,"[{""bbox"": [306, 158, 38, 38], ""centroid"": [325.1265514184397, 179.01329787234042], ""area_px"": 752.0, ""has_hole"": false}]",0.0,0.0,0.0,0.265,
1784258811.9352334,ACTIVE,SETTLE,0.2400715000112541,0,517520,True,5,1,0.8279352903979075,0,False,,0.17206470960209255,0,324.9170524691358,176.08976337448559,1296.0,"[{""bbox"": [306, 158, 38, 37], ""centroid"": [324.9170524691358, 176.08976337448559], ""area_px"": 1296.0, ""has_hole"": true}]",0.0,0.0,0.0,0.265,
1784258811.9556653,ACTIVE,SETTLE,0.2604728000005707,0,517520,True,5,1,0.8279352903979075,0,False,,0.17206470960209255,0,324.9170524691358,176.08976337448559,1296.0,"[{""bbox"": [306, 158, 38, 37], ""centroid"": [324.9170524691358, 176.08976337448559], ""area_px"": 1296.0, ""has_hole"": true}]",0.0,0.0,0.0,0.265,
1784258811.9756677,ACTIVE,SETTLE,0.28043719998095185,0,517520,True,5,1,0.8279352903979075,0,False,,0.17206470960209255,0,324.9170524691358,176.08976337448559,1296.0,"[{""bbox"": [306, 158, 38, 37], ""centroid"": [324.9170524691358, 176.08976337448559], ""area_px"": 1296.0, ""has_hole"": true}]",0.0,0.0,0.0,0.265,
1784258811.9952707,ACTIVE,SETTLE,0.3000513999722898,0,517521,True,5,1,0.8304593899843574,0,False,,0.16954061001564258,0,325.10027472527474,178.03319597069597,728.0,"[{""bbox"": [306, 158, 38, 37], ""centroid"": [325.10027472527474, 178.03319597069597], ""area_px"": 728.0, ""has_hole"": false}]",0.0,0.0,0.0,0.265,
1784258812.0162275,ACTIVE,SETTLE,0.3202989000128582,0,517522,True,5,1,0.99008492838985,0,False,,0.009915071610150004,0,324.8170677361854,177.74532085561498,748.0,"[{""bbox"": [306, 158, 38, 37], ""centroid"": [324.8170677361854, 177.74532085561498], ""area_px"": 748.0, ""has_hole"": false}]",0.0,0.0,0.0,0.265,
1784258812.0358312,ACTIVE,SETTLE,0.3402693999814801,0,517522,True,5,1,0.99008492838985,0,False,,0.009915071610150004,0,324.8170677361854,177.74532085561498,748.0,"[{""bbox"": [306, 158, 38, 37], ""centroid"": [324.8170677361854, 177.74532085561498], ""area_px"": 748.0, ""has_hole"": false}]",0.0,0.0,0.0,0.265,
1784258812.05541,ACTIVE,SETTLE,0.3602375999907963,0,517523,True,5,2,0.8485191040570598,0,False,,0.15148089594294023,0,324.96048992493087,176.46898459107072,1265.5,"[{""bbox"": [306, 158, 38, 37], ""centroid"": [324.96048992493087, 176.46898459107072], ""area_px"": 1265.5, ""has_hole"": true}, {""bbox"": [328, 210, 19, 20], ""centroid"": [336.99104791995785, 219.18694049499734], ""area_px"": 316.5, ""has_hole"": true}]",0.0,0.0,0.0,0.265,
1784258812.0754538,ACTIVE,SETTLE,0.3803176999790594,0,517524,True,5,2,0.9989353843193853,0,False,,0.001064615680614675,0,325.0190023752969,176.5294272895223,1263.0,"[{""bbox"": [306, 158, 38, 37], ""centroid"": [325.0190023752969, 176.5294272895223], ""area_px"": 1263.0, ""has_hole"": true}, {""bbox"": [328, 210, 19, 20], ""centroid"": [337.0302556077204, 219.15701617110065], ""area_px"": 319.5, ""has_hole"": true}]",0.0,0.0,0.0,0.265,
1784258812.095427,ACTIVE,SETTLE,0.4000352000002749,0,517524,True,5,2,0.9989353843193853,0,False,,0.001064615680614675,0,325.0190023752969,176.5294272895223,1263.0,"[{""bbox"": [306, 158, 38, 37], ""centroid"": [325.0190023752969, 176.5294272895223], ""area_px"": 1263.0, ""has_hole"": true}, {""bbox"": [328, 210, 19, 20], ""centroid"": [337.0302556077204, 219.15701617110065], ""area_px"": 319.5, ""has_hole"": true}]",0.0,0.0,0.0,0.265,
1784258812.1158383,ACTIVE,SETTLE,0.42070109996711835,0,517524,True,5,2,0.9989353843193853,0,False,,0.001064615680614675,0,325.0190023752969,176.5294272895223,1263.0,"[{""bbox"": [306, 158, 38, 37], ""centroid"": [325.0190023752969, 176.5294272895223], ""area_px"": 1263.0, ""has_hole"": true}, {""bbox"": [328, 210, 19, 20], ""centroid"": [337.0302556077204, 219.15701617110065], ""area_px"": 319.5, ""has_hole"": true}]",0.0,0.0,0.0,0.265,
1784258812.1350956,ACTIVE,SETTLE,0.4399175000144169,0,517526,True,5,2,0.9979259996041597,0,False,,0.0020740003958402346,0,324.79092177000126,175.85304932166855,1314.5,"[{""bbox"": [306, 157, 38, 38], ""centroid"": [324.79092177000126, 175.85304932166855], ""area_px"": 1314.5, ""has_hole"": true}, {""bbox"": [328, 210, 19, 20], ""centroid"": [336.98030067392426, 219.1524105754277], ""area_px"": 321.5, ""has_hole"": true}]",0.0,0.0,0.0,0.265,
1784258812.1555192,ACTIVE,SETTLE,0.46030619996599853,0,517526,True,5,2,0.9979259996041597,0,False,,0.0020740003958402346,0,324.79092177000126,175.85304932166855,1314.5,"[{""bbox"": [306, 157, 38, 38], ""centroid"": [324.79092177000126, 175.85304932166855], ""area_px"": 1314.5, ""has_hole"": true}, {""bbox"": [328, 210, 19, 20], ""centroid"": [336.98030067392426, 219.1524105754277], ""area_px"": 321.5, ""has_hole"": true}]",0.0,0.0,0.0,0.265,
1784258812.175364,ACTIVE,SETTLE,0.4802100000088103,0,517526,True,5,2,0.9979259996041597,0,False,,0.0020740003958402346,0,324.79092177000126,175.85304932166855,1314.5,"[{""bbox"": [306, 157, 38, 38], ""centroid"": [324.79092177000126, 175.85304932166855], ""area_px"": 1314.5, ""has_hole"": true}, {""bbox"": [328, 210, 19, 20], ""centroid"": [336.98030067392426, 219.1524105754277], ""area_px"": 321.5, ""has_hole"": true}]",0.0,0.0,0.0,0.265,
1784258812.1951296,ACTIVE,SETTLE,0.4999954999657348,0,517527,True,5,2,0.9865515349109295,0,False,,0.013448465089070518,0,325.06825938566556,176.14081658450257,1318.5,"[{""bbox"": [306, 157, 39, 39], ""centroid"": [325.06825938566556, 176.14081658450257], ""area_px"": 1318.5, ""has_hole"": true}, {""bbox"": [328, 210, 19, 19], ""centroid"": [337.021875, 219.05416666666665], ""area_px"": 320.0, ""has_hole"": true}]",0.0,0.0,0.0,0.265,
1784258812.21575,ACTIVE,CLIMB,0.5206160999950953,0,517528,True,5,2,0.9921664743288193,0,False,,0.00783352567118068,0,325.16023261568915,175.83407572383072,1347.0,"[{""bbox"": [306, 157, 39, 39], ""centroid"": [325.16023261568915, 175.83407572383072], ""area_px"": 1347.0, ""has_hole"": true}, {""bbox"": [328, 210, 19, 20], ""centroid"": [336.96175710594315, 219.12558139534883], ""area_px"": 322.5, ""has_hole"": true}]",0.0,0.0,0.0,0.28,
1784258812.2361546,ACTIVE,CLIMB,0.5409839999629185,0,517528,True,5,2,0.9921664743288193,0,False,,0.00783352567118068,0,325.16023261568915,175.83407572383072,1347.0,"[{""bbox"": [306, 157, 39, 39], ""centroid"": [325.16023261568915, 175.83407572383072], ""area_px"": 1347.0, ""has_hole"": true}, {""bbox"": [328, 210, 19, 20], ""centroid"": [336.96175710594315, 219.12558139534883], ""area_px"": 322.5, ""has_hole"": true}]",0.0,0.0,0.0,0.28,
1784258812.2557106,ACTIVE,CLIMB,0.5604887999943458,0,517529,True,5,2,0.9886309722975187,0,False,,0.011369027702481257,0,325.37950409185294,175.45767680469035,1364.5,"[{""bbox"": [306, 157, 39, 38], ""centroid"": [325.37950409185294, 175.45767680469035], ""area_px"": 1364.5, ""has_hole"": true}, {""bbox"": [328, 210, 19, 20], ""centroid"": [336.96175710594315, 219.12558139534883], ""area_px"": 322.5, ""has_hole"": true}]",0.0,0.0,0.0,0.28,
1784258812.2755053,ACTIVE,CLIMB,0.5803106999956071,0,517530,True,5,2,0.9980375312689419,0,False,,0.001962468731058077,0,325.44276590518297,175.42028985507244,1357.0,"[{""bbox"": [306, 157, 39, 38], ""centroid"": [325.44276590518297, 175.42028985507244], ""area_px"": 1357.0, ""has_hole"": true}, {""bbox"": [328, 210, 20, 20], ""centroid"": [336.9692780337942, 219.19150025601638], ""area_px"": 325.5, ""has_hole"": true}]",0.0,0.0,0.0,0.28,
1784258812.2952871,ACTIVE,CLIMB,0.6001069999765605,0,517530,True,5,2,0.9980375312689419,0,False,,0.001962468731058077,0,325.44276590518297,175.42028985507244,1357.0,"[{""bbox"": [306, 157, 39, 38], ""centroid"": [325.44276590518297, 175.42028985507244], ""area_px"": 1357.0, ""has_hole"": true}, {""bbox"": [328, 210, 20, 20], ""centroid"": [336.9692780337942, 219.19150025601638], ""area_px"": 325.5, ""has_hole"": true}]",0.0,0.0,0.0,0.28,
1784258812.3155916,ACTIVE,CLIMB,0.6203939999686554,0,517530,True,5,2,0.9980375312689419,0,False,,0.001962468731058077,0,325.44276590518297,175.42028985507244,1357.0,"[{""bbox"": [306, 157, 39, 38], ""centroid"": [325.44276590518297, 175.42028985507244], ""area_px"": 1357.0, ""has_hole"": true}, {""bbox"": [328, 210, 20, 20], ""centroid"": [336.9692780337942, 219.19150025601638], ""area_px"": 325.5, ""has_hole"": true}]",0.0,0.0,0.0,0.28,
1784258812.336124,ACTIVE,CLIMB,0.6408621000009589,0,517532,True,5,2,0.9997616302692194,0,False,,0.00023836973078065552,0,325.46547096144457,174.535383113714,1366.0,"[{""bbox"": [306, 156, 39, 38], ""centroid"": [325.46547096144457, 174.535383113714], ""area_px"": 1366.0, ""has_hole"": true}, {""bbox"": [328, 210, 19, 20], ""centroid"": [336.9741602067183, 219.12506459948318], ""area_px"": 322.5, ""has_hole"": true}]",0.0,0.0,0.0,0.28,
1784258812.3552182,ACTIVE,CLIMB,0.6600672999629751,0,517532,True,5,2,0.9997616302692194,0,False,,0.00023836973078065552,0,325.46547096144457,174.535383113714,1366.0,"[{""bbox"": [306, 156, 39, 38], ""centroid"": [325.46547096144457, 174.535383113714], ""area_px"": 1366.0, ""has_hole"": true}, {""bbox"": [328, 210, 19, 20], ""centroid"": [336.9741602067183, 219.12506459948318], ""area_px"": 322.5, ""has_hole"": true}]",0.0,0.0,0.0,0.28,
1784258812.3757122,ACTIVE,CLIMB,0.6804808999877423,0,517532,True,5,2,0.9997616302692194,0,False,,0.00023836973078065552,0,325.46547096144457,174.535383113714,1366.0,"[{""bbox"": [306, 156, 39, 38], ""centroid"": [325.46547096144457, 174.535383113714], ""area_px"": 1366.0, ""has_hole"": true}, {""bbox"": [328, 210, 19, 20], ""centroid"": [336.9741602067183, 219.12506459948318], ""area_px"": 322.5, ""has_hole"": true}]",0.0,0.0,0.0,0.28,
1784258812.395499,ACTIVE,CLIMB,0.7003681999631226,0,517533,True,5,2,0.9951477618986174,0,False,,0.0048522381013825795,0,325.23306820920703,174.58050132562062,1383.0,"[{""bbox"": [306, 156, 39, 38], ""centroid"": [325.23306820920703, 174.58050132562062], ""area_px"": 1383.0, ""has_hole"": true}, {""bbox"": [328, 210, 19, 19], ""centroid"": [337.0, 219.02699896157836], ""area_px"": 321.0, ""has_hole"": true}]",0.0,0.0,0.0,0.28,
1784258812.4152882,ACTIVE,CLIMB,0.7201127000153065,0,517534,True,5,2,0.9987879468427923,0,False,,0.0012120531572076994,0,325.19894218055055,174.65692991946145,1386.5,"[{""bbox"": [306, 156, 39, 38], ""centroid"": [325.19894218055055, 174.65692991946145], ""area_px"": 1386.5, ""has_hole"": true}, {""bbox"": [328, 210, 19, 19], ""centroid"": [337.0, 219.02699896157836], ""area_px"": 321.0, ""has_hole"": true}]",0.0,0.0,0.0,0.28,
1784258812.435529,ACTIVE,CLIMB,0.7403398999595083,0,517534,True,5,2,0.9987879468427923,0,False,,0.0012120531572076994,0,325.19894218055055,174.65692991946145,1386.5,"[{""bbox"": [306, 156, 39, 38], ""centroid"": [325.19894218055055, 174.65692991946145], ""area_px"": 1386.5, ""has_hole"": true}, {""bbox"": [328, 210, 19, 19], ""centroid"": [337.0, 219.02699896157836], ""area_px"": 321.0, ""has_hole"": true}]",0.0,0.0,0.0,0.28,
1784258812.4552152,ACTIVE,CLIMB,0.7600368999992497,0,517535,True,5,2,0.9849088008340587,0,False,,0.01509119916594129,0,324.9894588896697,174.24701335207308,1423.0,"[{""bbox"": [306, 155, 39, 39], ""centroid"": [324.9894588896697, 174.24701335207308], ""area_px"": 1423.0, ""has_hole"": true}, {""bbox"": [328, 210, 19, 20], ""centroid"": [337.01863354037266, 219.055900621118], ""area_px"": 322.0, ""has_hole"": true}]",0.0,0.0,0.0,0.28,
1784258812.4754806,ACTIVE,CLIMB,0.7803746999707073,0,517536,True,5,2,0.9975710917596129,0,False,,0.0024289082403870883,0,325.0049504950495,174.3577322017916,1414.0,"[{""bbox"": [306, 155, 39, 39], ""centroid"": [325.0049504950495, 174.3577322017916], ""area_px"": 1414.0, ""has_hole"": true}, {""bbox"": [328, 210, 19, 20], ""centroid"": [337.01857585139317, 219.02889576883385], ""area_px"": 323.0, ""has_hole"": true}]",0.0,0.0,0.0,0.28,
1784258812.4955626,ACTIVE,CLIMB,0.8002028999617323,0,517536,True,5,2,0.9975710917596129,0,False,,0.0024289082403870883,0,325.0049504950495,174.3577322017916,1414.0,"[{""bbox"": [306, 155, 39, 39], ""centroid"": [325.0049504950495, 174.3577322017916], ""area_px"": 1414.0, ""has_hole"": true}, {""bbox"": [328, 210, 19, 20], ""centroid"": [337.01857585139317, 219.02889576883385], ""area_px"": 323.0, ""has_hole"": true}]",0.0,0.0,0.0,0.28,
1784258812.5158458,ACTIVE,CLIMB,0.8203007999691181,0,517537,True,5,2,0.9930024077441635,0,False,,0.006997592255836477,0,325.03416075650114,174.16371158392434,1410.0,"[{""bbox"": [306, 154, 39, 40], ""centroid"": [325.03416075650114, 174.16371158392434], ""area_px"": 1410.0, ""has_hole"": true}, {""bbox"": [328, 210, 20, 20], ""centroid"": [337.0764102564102, 219.04410256410256], ""area_px"": 325.0, ""has_hole"": true}]",0.0,0.0,0.0,0.28,
1784258812.5356457,ACTIVE,CLIMB,0.840343399962876,0,517538,True,5,2,0.9993916837796386,0,False,,0.0006083162203614138,0,325.0561864206293,174.2264017033357,1409.0,"[{""bbox"": [306, 154, 39, 40], ""centroid"": [325.0561864206293, 174.2264017033357], ""area_px"": 1409.0, ""has_hole"": true}, {""bbox"": [328, 210, 19, 19], ""centroid"": [337.0, 219.0], ""area_px"": 322.0, ""has_hole"": true}]",0.0,0.0,0.0,0.28,
1784258812.555197,ACTIVE,CLIMB,0.8599846999859437,0,517538,True,5,2,0.9993916837796386,0,False,,0.0006083162203614138,0,325.0561864206293,174.2264017033357,1409.0,"[{""bbox"": [306, 154, 39, 40], ""centroid"": [325.0561864206293, 174.2264017033357], ""area_px"": 1409.0, ""has_hole"": true}, {""bbox"": [328, 210, 19, 19], ""centroid"": [337.0, 219.0], ""area_px"": 322.0, ""has_hole"": true}]",0.0,0.0,0.0,0.28,
1784258812.5752614,ACTIVE,CLIMB,0.8800878999754786,0,517538,True,5,2,0.9993916837796386,0,False,,0.0006083162203614138,0,325.0561864206293,174.2264017033357,1409.0,"[{""bbox"": [306, 154, 39, 40], ""centroid"": [325.0561864206293, 174.2264017033357], ""area_px"": 1409.0, ""has_hole"": true}, {""bbox"": [328, 210, 19, 19], ""centroid"": [337.0, 219.0], ""area_px"": 322.0, ""has_hole"": true}]",0.0,0.0,0.0,0.28,
1784258812.5953538,ACTIVE,CLIMB,0.9001428000046872,0,517539,True,5,2,0.9940864109161788,0,False,,0.0059135890838212125,0,325.0521831735889,174.0956099869838,1408.5,"[{""bbox"": [306, 155, 39, 39], ""centroid"": [325.0521831735889, 174.0956099869838], ""area_px"": 1408.5, ""has_hole"": true}, {""bbox"": [328, 209, 19, 21], ""centroid"": [337.02185792349724, 218.67660208643815], ""area_px"": 335.5, ""has_hole"": true}]",0.0,0.0,0.0,0.28,
1784258812.6156812,ACTIVE,CLIMB,0.9202518999809399,0,517540,True,5,2,0.98215718499063,0,False,,0.01784281500937004,0,325.0769321118158,173.1640826873385,1419.0,"[{""bbox"": [306, 154, 39, 39], ""centroid"": [325.0769321118158, 173.1640826873385], ""area_px"": 1419.0, ""has_hole"": true}, {""bbox"": [328, 209, 19, 21], ""centroid"": [336.9851632047478, 218.71859545004943], ""area_px"": 337.0, ""has_hole"": true}]",0.0,0.0,0.0,0.28,
1784258812.635599,ACTIVE,CLIMB,0.940426999994088,0,517540,True,5,2,0.98215718499063,0,False,,0.01784281500937004,0,325.0769321118158,173.1640826873385,1419.0,"[{""bbox"": [306, 154, 39, 39], ""centroid"": [325.0769321118158, 173.1640826873385], ""area_px"": 1419.0, ""has_hole"": true}, {""bbox"": [328, 209, 19, 21], ""centroid"": [336.9851632047478, 218.71859545004943], ""area_px"": 337.0, ""has_hole"": true}]",0.0,0.0,0.0,0.28,
1784258812.655593,ACTIVE,CLIMB,0.9603600999689661,0,517541,True,5,2,0.9976247039360242,0,False,,0.0023752960639757594,0,325.0034989503149,173.1687660368556,1429.0,"[{""bbox"": [306, 154, 39, 39], ""centroid"": [325.0034989503149, 173.1687660368556], ""area_px"": 1429.0, ""has_hole"": true}, {""bbox"": [328, 209, 19, 21], ""centroid"": [336.9731343283582, 218.77363184079599], ""area_px"": 335.0, ""has_hole"": true}]",0.0,0.0,0.0,0.28,
1784258812.675638,ACTIVE,CLIMB,0.9803829999873415,0,517542,True,5,2,0.9930719184671075,0,False,,0.006928081532892503,0,325.19469750058397,173.3262088297127,1427.0,"[{""bbox"": [306, 154, 40, 39], ""centroid"": [325.19469750058397, 173.3262088297127], ""area_px"": 1427.0, ""has_hole"": true}, {""bbox"": [328, 209, 19, 20], ""centroid"": [337.0250626566416, 218.70275689223055], ""area_px"": 332.5, ""has_hole"": true}]",0.0,0.0,0.0,0.28,
1784258812.6953464,ACTIVE,CLIMB,1.000175199995283,0,517542,True,5,2,0.9930719184671075,0,False,,0.006928081532892503,0,325.19469750058397,173.3262088297127,1427.0,"[{""bbox"": [306, 154, 40, 39], ""centroid"": [325.19469750058397, 173.3262088297127], ""area_px"": 1427.0, ""has_hole"": true}, {""bbox"": [328, 209, 19, 20], ""centroid"": [337.0250626566416, 218.70275689223055], ""area_px"": 332.5, ""has_hole"": true}]",0.0,0.0,0.0,0.28,
1784258812.71608,ACTIVE,CLIMB,1.0208738999790512,0,517543,True,5,2,0.997673522096838,0,False,,0.0023264779031620386,0,325.37390389337077,173.59943879340582,1425.5,"[{""bbox"": [306, 154, 40, 39], ""centroid"": [325.37390389337077, 173.59943879340582], ""area_px"": 1425.5, ""has_hole"": true}, {""bbox"": [328, 209, 19, 20], ""centroid"": [337.0581453634085, 218.70275689223055], ""area_px"": 332.5, ""has_hole"": true}]",0.0,0.0,0.0,0.28,
1784258812.7352803,ACTIVE,CLIMB,1.040132399997674,0,517544,True,5,2,0.9954522936111824,0,False,,0.004547706388817628,0,325.53333333333336,173.79290780141844,1410.0,"[{""bbox"": [306, 154, 40, 39], ""centroid"": [325.53333333333336, 173.79290780141844], ""area_px"": 1410.0, ""has_hole"": true}, {""bbox"": [328, 209, 19, 21], ""centroid"": [337.0208333333333, 218.66468253968253], ""area_px"": 336.0, ""has_hole"": true}]",0.0,0.0,0.0,0.28,
1784258812.7550817,ACTIVE,CLIMB,1.0599725999636576,0,517544,True,5,2,0.9954522936111824,0,False,,0.004547706388817628,0,325.53333333333336,173.79290780141844,1410.0,"[{""bbox"": [306, 154, 40, 39], ""centroid"": [325.53333333333336, 173.79290780141844], ""area_px"": 1410.0, ""has_hole"": true}, {""bbox"": [328, 209, 19, 21], ""centroid"": [337.0208333333333, 218.66468253968253], ""area_px"": 336.0, ""has_hole"": true}]",0.0,0.0,0.0,0.28,
1784258812.775491,ACTIVE,CLIMB,1.0803178999922238,0,517544,True,5,2,0.9954522936111824,0,False,,0.004547706388817628,0,325.53333333333336,173.79290780141844,1410.0,"[{""bbox"": [306, 154, 40, 39], ""centroid"": [325.53333333333336, 173.79290780141844], ""area_px"": 1410.0, ""has_hole"": true}, {""bbox"": [328, 209, 19, 21], ""centroid"": [337.0208333333333, 218.66468253968253], ""area_px"": 336.0, ""has_hole"": true}]",0.0,0.0,0.0,0.28,
1784258812.7952383,ACTIVE,CLIMB,1.0999891000101343,0,517545,True,5,2,0.8226777999767323,0,False,,0.17732220002326776,0,325.6085053158224,176.59954138002917,799.5,"[{""bbox"": [306, 153, 40, 40], ""centroid"": [325.6085053158224, 176.59954138002917], ""area_px"": 799.5, ""has_hole"": false}, {""bbox"": [328, 209, 19, 21], ""centroid"": [337.04597701149424, 218.73213393303345], ""area_px"": 333.5, ""has_hole"": true}]",0.0,0.0,0.0,0.28,
1784258812.8150709,ACTIVE,CLIMB,1.1198739999672398,0,517546,True,5,2,0.9944204621842612,0,False,,0.00557953781573878,0,325.56376539344603,176.56313921936965,798.5,"[{""bbox"": [306, 152, 40, 41], ""centroid"": [325.56376539344603, 176.56313921936965], ""area_px"": 798.5, ""has_hole"": false}, {""bbox"": [328, 209, 19, 21], ""centroid"": [337.0491228070175, 218.7593984962406], ""area_px"": 332.5, ""has_hole"": true}]",0.0,0.0,0.0,0.28,
1784258812.8356082,ACTIVE,CLIMB,1.1404251999920234,0,517547,True,5,2,0.9935733153863606,0,False,,0.006426684613639386,0,325.60789200415365,176.5827622014538,802.5,"[{""bbox"": [306, 152, 40, 42], ""centroid"": [325.60789200415365, 176.5827622014538], ""area_px"": 802.5, ""has_hole"": false}, {""bbox"": [328, 209, 20, 21], ""centroid"": [337.2031793343268, 219.00248385494285], ""area_px"": 335.5, ""has_hole"": true}]",0.0,0.0,0.0,0.28,
1784258812.8551323,ACTIVE,CLIMB,1.1599874999956228,0,517547,True,5,2,0.9935733153863606,0,False,,0.006426684613639386,0,325.60789200415365,176.5827622014538,802.5,"[{""bbox"": [306, 152, 40, 42], ""centroid"": [325.60789200415365, 176.5827622014538], ""area_px"": 802.5, ""has_hole"": false}, {""bbox"": [328, 209, 20, 21], ""centroid"": [337.2031793343268, 219.00248385494285], ""area_px"": 335.5, ""has_hole"": true}]",0.0,0.0,0.0,0.28,
1784258812.8756793,ACTIVE,CLIMB,1.1804903000011109,0,517547,True,5,2,0.9935733153863606,0,False,,0.006426684613639386,0,325.60789200415365,176.5827622014538,802.5,"[{""bbox"": [306, 152, 40, 42], ""centroid"": [325.60789200415365, 176.5827622014538], ""area_px"": 802.5, ""has_hole"": false}, {""bbox"": [328, 209, 20, 21], ""centroid"": [337.2031793343268, 219.00248385494285], ""area_px"": 335.5, ""has_hole"": true}]",0.0,0.0,0.0,0.28,
1784258812.8955235,ACTIVE,CLIMB,1.200372299994342,0,517548,True,5,2,0.9902312869199024,0,False,,0.009768713080097594,0,325.70514403292174,176.19938271604937,810.0,"[{""bbox"": [306, 152, 40, 41], ""centroid"": [325.70514403292174, 176.19938271604937], ""area_px"": 810.0, ""has_hole"": false}, {""bbox"": [328, 210, 20, 20], ""centroid"": [337.55120481927713, 219.3082329317269], ""area_px"": 332.0, ""has_hole"": true}]",0.0,0.0,0.0,0.28,
1784258812.9156077,ACTIVE,CLIMB,1.220445099985227,0,517549,True,5,2,0.9970974743092915,0,False,,0.0029025256907085255,0,325.6013472137171,176.14839763216983,816.5,"[{""bbox"": [306, 152, 40, 41], ""centroid"": [325.6013472137171, 176.14839763216983], ""area_px"": 816.5, ""has_hole"": false}, {""bbox"": [328, 210, 20, 20], ""centroid"": [337.8605769230769, 220.15304487179486], ""area_px"": 208.0, ""has_hole"": false}]",0.0,0.0,0.0,0.28,
1784258812.93539,ACTIVE,CLIMB,1.2402465000050142,0,517549,True,5,2,0.9970974743092915,0,False,,0.0029025256907085255,0,325.6013472137171,176.14839763216983,816.5,"[{""bbox"": [306, 152, 40, 41], ""centroid"": [325.6013472137171, 176.14839763216983], ""area_px"": 816.5, ""has_hole"": false}, {""bbox"": [328, 210, 20, 20], ""centroid"": [337.8605769230769, 220.15304487179486], ""area_px"": 208.0, ""has_hole"": false}]",0.0,0.0,0.0,0.28,
1784258812.9550917,ACTIVE,CLIMB,1.2598879999713972,0,517550,True,5,2,0.9774699429851054,0,False,,0.02253005701489464,0,326.0411832946636,176.02204176334106,862.0,"[{""bbox"": [306, 152, 41, 41], ""centroid"": [326.0411832946636, 176.02204176334106], ""area_px"": 862.0, ""has_hole"": false}, {""bbox"": [328, 210, 20, 20], ""centroid"": [338.10141313383207, 220.7248545303408], ""area_px"": 200.5, ""has_hole"": false}]",0.0,0.0,0.0,0.28,
1784258812.9753375,ACTIVE,CLIMB,1.2801992999739014,0,517551,True,5,2,0.9928205261797558,0,False,,0.0071794738202442185,0,326.0896630496859,175.5535884256615,875.5,"[{""bbox"": [306, 152, 41, 41], ""centroid"": [326.0896630496859, 175.5535884256615], ""area_px"": 875.5, ""has_hole"": false}, {""bbox"": [328, 210, 20, 20], ""centroid"": [337.77936507936505, 220.3984126984127], ""area_px"": 210.0, ""has_hole"": false}]",0.0,0.0,0.0,0.28,
1784258812.9950676,ACTIVE,CLIMB,1.299930899986066,0,517551,True,5,2,0.9928205261797558,0,False,,0.0071794738202442185,0,326.0896630496859,175.5535884256615,875.5,"[{""bbox"": [306, 152, 41, 41], ""centroid"": [326.0896630496859, 175.5535884256615], ""area_px"": 875.5, ""has_hole"": false}, {""bbox"": [328, 210, 20, 20], ""centroid"": [337.77936507936505, 220.3984126984127], ""area_px"": 210.0, ""has_hole"": false}]",0.0,0.0,0.0,0.28,
1784258813.015756,ACTIVE,CLIMB,1.3206283999606967,0,517552,True,5,2,0.798942550085583,0,False,,0.201057449914417,0,325.53335401799563,171.5578653428483,1611.5,"[{""bbox"": [305, 151, 42, 42], ""centroid"": [325.53335401799563, 171.5578653428483], ""area_px"": 1611.5, ""has_hole"": true}, {""bbox"": [328, 210, 20, 20], ""centroid"": [337.6549570647931, 220.3583138173302], ""area_px"": 213.5, ""has_hole"": false}]",0.0,0.0,0.0,0.28,
1784258813.0363696,ACTIVE,CLIMB,1.3412040999974124,0,517553,True,5,2,0.9960329286390699,0,False,,0.003967071360930072,0,325.6242721422004,171.52579425886196,1631.5,"[{""bbox"": [305, 151, 42, 42], ""centroid"": [325.6242721422004, 171.52579425886196], ""area_px"": 1631.5, ""has_hole"": true}, {""bbox"": [328, 210, 20, 20], ""centroid"": [337.52490421455934, 220.09731800766284], ""area_px"": 217.5, ""has_hole"": false}]",0.0,0.0,0.0,0.28,
1784258813.0554357,ACTIVE,CLIMB,1.360246800002642,0,517553,True,5,2,0.9960329286390699,0,False,,0.003967071360930072,0,325.6242721422004,171.52579425886196,1631.5,"[{""bbox"": [305, 151, 42, 42], ""centroid"": [325.6242721422004, 171.52579425886196], ""area_px"": 1631.5, ""has_hole"": true}, {""bbox"": [328, 210, 20, 20], ""centroid"": [337.52490421455934, 220.09731800766284], ""area_px"": 217.5, ""has_hole"": false}]",0.0,0.0,0.0,0.28,
1784258813.075643,ACTIVE,CLIMB,1.3801992000080645,0,517553,True,5,2,0.9960329286390699,0,False,,0.003967071360930072,0,325.6242721422004,171.52579425886196,1631.5,"[{""bbox"": [305, 151, 42, 42], ""centroid"": [325.6242721422004, 171.52579425886196], ""area_px"": 1631.5, ""has_hole"": true}, {""bbox"": [328, 210, 20, 20], ""centroid"": [337.52490421455934, 220.09731800766284], ""area_px"": 217.5, ""has_hole"": false}]",0.0,0.0,0.0,0.28,
1784258813.095676,ACTIVE,CLIMB,1.4003889000159688,0,517554,True,5,2,0.9921143455366915,0,False,,0.007885654463308498,0,325.7037600081078,171.37407520016214,1644.5,"[{""bbox"": [305, 150, 42, 43], ""centroid"": [325.7037600081078, 171.37407520016214], ""area_px"": 1644.5, ""has_hole"": true}, {""bbox"": [328, 210, 20, 20], ""centroid"": [337.5450704225352, 219.60234741784035], ""area_px"": 355.0, ""has_hole"": true}]",0.0,0.0,0.0,0.28,
1784258813.115422,ACTIVE,CLIMB,1.4202687999932095,0,517555,True,5,2,0.9977603024024002,0,False,,0.0022396975975997914,0,325.59026307831874,171.3343412962403,1653.5,"[{""bbox"": [305, 150, 42, 43], ""centroid"": [325.59026307831874, 171.3343412962403], ""area_px"": 1653.5, ""has_hole"": true}, {""bbox"": [328, 210, 20, 20], ""centroid"": [337.5450704225352, 219.60234741784035], ""area_px"": 355.0, ""has_hole"": true}]",0.0,0.0,0.0,0.28,
1784258813.1359518,ACTIVE,CLIMB,1.440528400009498,0,517555,True,5,2,0.9977603024024002,0,False,,0.0022396975975997914,0,325.59026307831874,171.3343412962403,1653.5,"[{""bbox"": [305, 150, 42, 43], ""centroid"": [325.59026307831874, 171.3343412962403], ""area_px"": 1653.5, ""has_hole"": true}, {""bbox"": [328, 210, 20, 20], ""centroid"": [337.5450704225352, 219.60234741784035], ""area_px"": 355.0, ""has_hole"": true}]",0.0,0.0,0.0,0.28,
1784258813.1555364,ACTIVE,CLIMB,1.4603506000130437,0,517556,True,5,2,0.9800745403886073,0,False,,0.01992545961139264,0,325.5780776376258,170.9265669306737,1704.5,"[{""bbox"": [304, 150, 44, 43], ""centroid"": [325.5780776376258, 170.9265669306737], ""area_px"": 1704.5, ""has_hole"": true}, {""bbox"": [328, 210, 20, 21], ""centroid"": [337.51680672268907, 219.60410830999064], ""area_px"": 357.0, ""has_hole"": true}]",0.0,0.0,0.0,0.28,
1784258813.175353,ACTIVE,CLIMB,1.4801478000008501,0,517557,True,5,2,0.9944036818840738,0,False,,0.005596318115926176,0,325.7620971620971,170.9152477152477,1732.5,"[{""bbox"": [304, 150, 44, 43], ""centroid"": [325.7620971620971, 170.9152477152477], ""area_px"": 1732.5, ""has_hole"": true}, {""bbox"": [328, 210, 20, 21], ""centroid"": [337.56876456876455, 219.6167832167832], ""area_px"": 357.5, ""has_hole"": true}]",0.0,0.0,0.0,0.28,
1784258813.1953135,ACTIVE,CLIMB,1.5000826999894343,0,517557,True,5,2,0.9944036818840738,0,False,,0.005596318115926176,0,325.7620971620971,170.9152477152477,1732.5,"[{""bbox"": [304, 150, 44, 43], ""centroid"": [325.7620971620971, 170.9152477152477], ""area_px"": 1732.5, ""has_hole"": true}, {""bbox"": [328, 210, 20, 21], ""centroid"": [337.56876456876455, 219.6167832167832], ""area_px"": 357.5, ""has_hole"": true}]",0.0,0.0,0.0,0.28,
1784258813.2153893,ACTIVE,CLIMB,1.5202047000057064,0,517557,True,5,2,0.9944036818840738,0,False,,0.005596318115926176,0,325.7620971620971,170.9152477152477,1732.5,"[{""bbox"": [304, 150, 44, 43], ""centroid"": [325.7620971620971, 170.9152477152477], ""area_px"": 1732.5, ""has_hole"": true}, {""bbox"": [328, 210, 20, 21], ""centroid"": [337.56876456876455, 219.6167832167832], ""area_px"": 357.5, ""has_hole"": true}]",0.0,0.0,0.0,0.28,
1784258813.2367098,ACTIVE,CLIMB,1.5405064999940805,0,517559,True,5,2,0.9975841902553596,0,False,,0.0024158097446404475,0,325.77941315218413,170.78771582224738,1766.5,"[{""bbox"": [304, 150, 44, 43], ""centroid"": [325.77941315218413, 170.78771582224738], ""area_px"": 1766.5, ""has_hole"": true}, {""bbox"": [328, 210, 20, 20], ""centroid"": [337.518156424581, 219.52560521415268], ""area_px"": 358.0, ""has_hole"": true}]",0.0,0.0,0.0,0.28,
1784258813.2554784,ACTIVE,CLIMB,1.5602850000141189,0,517559,True,5,2,0.9975841902553596,0,False,,0.0024158097446404475,0,325.77941315218413,170.78771582224738,1766.5,"[{""bbox"": [304, 150, 44, 43], ""centroid"": [325.77941315218413, 170.78771582224738], ""area_px"": 1766.5, ""has_hole"": true}, {""bbox"": [328, 210, 20, 20], ""centroid"": [337.518156424581, 219.52560521415268], ""area_px"": 358.0, ""has_hole"": true}]",0.0,0.0,0.0,0.28,
1784258813.27514,ACTIVE,CLIMB,1.5799767000135034,0,517559,True,5,2,0.9975841902553596,0,False,,0.0024158097446404475,0,325.77941315218413,170.78771582224738,1766.5,"[{""bbox"": [304, 150, 44, 43], ""centroid"": [325.77941315218413, 170.78771582224738], ""area_px"": 1766.5, ""has_hole"": true}, {""bbox"": [328, 210, 20, 20], ""centroid"": [337.518156424581, 219.52560521415268], ""area_px"": 358.0, ""has_hole"": true}]",0.0,0.0,0.0,0.28,
1784258813.2955647,ACTIVE,CLIMB,1.6004181999596767,0,517561,True,5,2,0.99736662812081,0,False,,0.0026333718791899945,0,325.88966285873505,170.2495588371877,1794.5,"[{""bbox"": [304, 148, 44, 45], ""centroid"": [325.88966285873505, 170.2495588371877], ""area_px"": 1794.5, ""has_hole"": true}, {""bbox"": [328, 210, 21, 20], ""centroid"": [338.0159574468085, 219.5487588652482], ""area_px"": 376.0, ""has_hole"": true}]",0.0,0.0,0.0,0.28,
1784258813.315176,ACTIVE,CLIMB,1.6200145999900997,0,517561,True,5,2,0.99736662812081,0,False,,0.0026333718791899945,0,325.88966285873505,170.2495588371877,1794.5,"[{""bbox"": [304, 148, 44, 45], ""centroid"": [325.88966285873505, 170.2495588371877], ""area_px"": 1794.5, ""has_hole"": true}, {""bbox"": [328, 210, 21, 20], ""centroid"": [338.0159574468085, 219.5487588652482], ""area_px"": 376.0, ""has_hole"": true}]",0.0,0.0,0.0,0.28,
1784258813.3353508,ACTIVE,CLIMB,1.6401733999955468,0,517561,True,5,2,0.99736662812081,0,False,,0.0026333718791899945,0,325.88966285873505,170.2495588371877,1794.5,"[{""bbox"": [304, 148, 44, 45], ""centroid"": [325.88966285873505, 170.2495588371877], ""area_px"": 1794.5, ""has_hole"": true}, {""bbox"": [328, 210, 21, 20], ""centroid"": [338.0159574468085, 219.5487588652482], ""area_px"": 376.0, ""has_hole"": true}]",0.0,0.0,0.0,0.28,
1784258813.3552957,ACTIVE,CLIMB,1.660176399978809,0,517562,True,5,2,0.9869381020626016,0,False,,0.013061897937398433,0,325.9172295775916,170.2747905971359,1850.5,"[{""bbox"": [304, 148, 45, 45], ""centroid"": [325.9172295775916, 170.2747905971359], ""area_px"": 1850.5, ""has_hole"": true}, {""bbox"": [328, 210, 22, 20], ""centroid"": [338.0836635843241, 219.60281814178774], ""area_px"": 378.5, ""has_hole"": true}]",0.0,0.0,0.0,0.28,
1784258813.3756483,ACTIVE,CLIMB,1.6805141000077128,0,517563,True,5,2,0.9970463607862231,0,False,,0.0029536392137769346,0,325.8524765729585,170.3095046854083,1867.5,"[{""bbox"": [304, 148, 45, 45], ""centroid"": [325.8524765729585, 170.3095046854083], ""area_px"": 1867.5, ""has_hole"": true}, {""bbox"": [328, 210, 22, 22], ""centroid"": [338.03834808259586, 220.03750526759376], ""area_px"": 395.5, ""has_hole"": true}]",0.0,0.0,0.0,0.28,
1784258813.395543,ACTIVE,CLIMB,1.7003362000104971,0,517563,True,5,2,0.9970463607862231,0,False,,0.0029536392137769346,0,325.8524765729585,170.3095046854083,1867.5,"[{""bbox"": [304, 148, 45, 45], ""centroid"": [325.8524765729585, 170.3095046854083], ""area_px"": 1867.5, ""has_hole"": true}, {""bbox"": [328, 210, 22, 22], ""centroid"": [338.03834808259586, 220.03750526759376], ""area_px"": 395.5, ""has_hole"": true}]",0.0,0.0,0.0,0.28,
1784258813.4151092,ACTIVE,CLIMB,1.7199906999594532,0,517563,True,5,2,0.9970463607862231,0,False,,0.0029536392137769346,0,325.8524765729585,170.3095046854083,1867.5,"[{""bbox"": [304, 148, 45, 45], ""centroid"": [325.8524765729585, 170.3095046854083], ""area_px"": 1867.5, ""has_hole"": true}, {""bbox"": [328, 210, 22, 22], ""centroid"": [338.03834808259586, 220.03750526759376], ""area_px"": 395.5, ""has_hole"": true}]",0.0,0.0,0.0,0.28,
1784258813.4352756,ACTIVE,CLIMB,1.7400734999682754,0,517565,True,5,2,0.9997756985886959,0,False,,0.0002243014113041801,0,325.9984464008286,170.0562748144312,1931.0,"[{""bbox"": [304, 148, 45, 46], ""centroid"": [325.9984464008286, 170.0562748144312], ""area_px"": 1931.0, ""has_hole"": true}, {""bbox"": [328, 210, 22, 22], ""centroid"": [338.5054466230937, 220.20261437908496], ""area_px"": 382.5, ""has_hole"": true}]",0.0,0.0,0.0,0.28,
1784258813.455195,ACTIVE,CLIMB,1.7600491999764927,0,517565,True,5,2,0.9997756985886959,0,False,,0.0002243014113041801,0,325.9984464008286,170.0562748144312,1931.0,"[{""bbox"": [304, 148, 45, 46], ""centroid"": [325.9984464008286, 170.0562748144312], ""area_px"": 1931.0, ""has_hole"": true}, {""bbox"": [328, 210, 22, 22], ""centroid"": [338.5054466230937, 220.20261437908496], ""area_px"": 382.5, ""has_hole"": true}]",0.0,0.0,0.0,0.28,
1784258813.4756389,ACTIVE,CLIMB,1.780080900003668,0,517565,True,5,2,0.9997756985886959,0,False,,0.0002243014113041801,0,325.9984464008286,170.0562748144312,1931.0,"[{""bbox"": [304, 148, 45, 46], ""centroid"": [325.9984464008286, 170.0562748144312], ""area_px"": 1931.0, ""has_hole"": true}, {""bbox"": [328, 210, 22, 22], ""centroid"": [338.5054466230937, 220.20261437908496], ""area_px"": 382.5, ""has_hole"": true}]",0.0,0.0,0.0,0.28,
1784258813.4959316,ACTIVE,CLIMB,1.8003026999649592,0,517566,True,5,2,0.9774540250486232,0,False,,0.022545974951376793,0,326.34802686817795,169.8834592779177,1985.0,"[{""bbox"": [304, 147, 46, 46], ""centroid"": [326.34802686817795, 169.8834592779177], ""area_px"": 1985.0, ""has_hole"": true}, {""bbox"": [329, 210, 21, 22], ""centroid"": [338.4470588235294, 220.37690631808277], ""area_px"": 382.5, ""has_hole"": true}]",0.0,0.0,0.0,0.28,
1784258813.5152085,ACTIVE,CLIMB,1.820056399970781,0,517567,True,5,2,0.9938854020350415,0,False,,0.006114597964958555,0,326.4276997659645,169.82280173854897,1994.0,"[{""bbox"": [304, 147, 46, 47], ""centroid"": [326.4276997659645, 169.82280173854897], ""area_px"": 1994.0, ""has_hole"": true}, {""bbox"": [328, 211, 21, 21], ""centroid"": [338.26792114695337, 220.6778673835125], ""area_px"": 372.0, ""has_hole"": true}]",0.0,0.0,0.0,0.28,
1784258813.5356543,ACTIVE,CLIMB,1.8403383999830112,0,517567,True,5,2,0.9938854020350415,0,False,,0.006114597964958555,0,326.4276997659645,169.82280173854897,1994.0,"[{""bbox"": [304, 147, 46, 47], ""centroid"": [326.4276997659645, 169.82280173854897], ""area_px"": 1994.0, ""has_hole"": true}, {""bbox"": [328, 211, 21, 21], ""centroid"": [338.26792114695337, 220.6778673835125], ""area_px"": 372.0, ""has_hole"": true}]",0.0,0.0,0.0,0.28,
1784258813.5550768,ACTIVE,CLIMB,1.8599165999912657,0,517568,True,5,2,0.9854772874690121,0,False,,0.014522712530987952,0,326.4765316205534,169.48748353096178,2024.0,"[{""bbox"": [304, 146, 46, 47], ""centroid"": [326.4765316205534, 169.48748353096178], ""area_px"": 2024.0, ""has_hole"": true}, {""bbox"": [328, 211, 21, 21], ""centroid"": [338.27942497753816, 220.61185983827494], ""area_px"": 371.0, ""has_hole"": true}]",0.0,0.0,0.0,0.28,
1784258813.5756898,ACTIVE,CLIMB,1.8805368999601342,0,517569,True,5,2,0.9998950138565832,0,False,,0.00010498614341680759,0,326.47574334898275,169.49345193970842,2023.5,"[{""bbox"": [304, 146, 46, 47], ""centroid"": [326.47574334898275, 169.49345193970842], ""area_px"": 2023.5, ""has_hole"": true}, {""bbox"": [328, 211, 21, 21], ""centroid"": [338.15782664941787, 220.9391979301423], ""area_px"": 386.5, ""has_hole"": true}]",0.0,0.0,0.0,0.28,
1784258813.5951202,ACTIVE,CLIMB,1.8999747000052594,0,517569,True,5,2,0.9998950138565832,0,False,,0.00010498614341680759,0,326.47574334898275,169.49345193970842,2023.5,"[{""bbox"": [304, 146, 46, 47], ""centroid"": [326.47574334898275, 169.49345193970842], ""area_px"": 2023.5, ""has_hole"": true}, {""bbox"": [328, 211, 21, 21], ""centroid"": [338.15782664941787, 220.9391979301423], ""area_px"": 386.5, ""has_hole"": true}]",0.0,0.0,0.0,0.28,
1784258813.6157014,ACTIVE,CLIMB,1.9203355999779887,0,517570,True,5,2,0.9746042938102992,0,False,,0.02539570618970082,0,326.40211764705884,168.90384313725488,2125.0,"[{""bbox"": [303, 146, 48, 47], ""centroid"": [326.40211764705884, 168.90384313725488], ""area_px"": 2125.0, ""has_hole"": true}, {""bbox"": [328, 211, 22, 21], ""centroid"": [338.77969584874637, 221.0431565967941], ""area_px"": 405.5, ""has_hole"": true}]",0.0,0.0,0.0,0.28,
1784258813.6352463,ACTIVE,CLIMB,1.9400426999782212,0,517571,True,5,2,0.9991958987665035,0,False,,0.0008041012334964842,0,326.3189736346516,168.97316384180792,2124.0,"[{""bbox"": [303, 146, 48, 47], ""centroid"": [326.3189736346516, 168.97316384180792], ""area_px"": 2124.0, ""has_hole"": true}, {""bbox"": [328, 211, 22, 21], ""centroid"": [338.77928483353884, 221.05548705302095], ""area_px"": 405.5, ""has_hole"": true}]",0.0,0.0,0.0,0.28,
1784258813.6556242,ACTIVE,CLIMB,1.9604155999841169,0,517571,True,5,2,0.9991958987665035,0,False,,0.0008041012334964842,0,326.3189736346516,168.97316384180792,2124.0,"[{""bbox"": [303, 146, 48, 47], ""centroid"": [326.3189736346516, 168.97316384180792], ""area_px"": 2124.0, ""has_hole"": true}, {""bbox"": [328, 211, 22, 21], ""centroid"": [338.77928483353884, 221.05548705302095], ""area_px"": 405.5, ""has_hole"": true}]",0.0,0.0,0.0,0.28,
1784258813.6753654,ACTIVE,CLIMB,1.9801944000064395,0,517571,True,5,2,0.9991958987665035,0,False,,0.0008041012334964842,0,326.3189736346516,168.97316384180792,2124.0,"[{""bbox"": [303, 146, 48, 47], ""centroid"": [326.3189736346516, 168.97316384180792], ""area_px"": 2124.0, ""has_hole"": true}, {""bbox"": [328, 211, 22, 21], ""centroid"": [338.77928483353884, 221.05548705302095], ""area_px"": 405.5, ""has_hole"": true}]",0.0,0.0,0.0,0.28,
1784258813.6958153,ACTIVE,CLIMB,2.0005279000033624,0,517572,True,5,2,0.9825792644661864,0,False,,0.017420735533813677,0,326.4101037851038,168.72382478632477,2184.0,"[{""bbox"": [302, 145, 49, 48], ""centroid"": [326.4101037851038, 168.72382478632477], ""area_px"": 2184.0, ""has_hole"": true}, {""bbox"": [328, 211, 22, 21], ""centroid"": [338.7343173431734, 221.0229602296023], ""area_px"": 406.5, ""has_hole"": true}]",0.0,0.0,0.0,0.28,
1784258813.715388,ACTIVE,CLIMB,2.020257299998775,0,517573,True,5,2,0.9887567935640621,0,False,,0.01124320643593791,0,326.3636839351125,168.96546310832025,2229.5,"[{""bbox"": [302, 145, 49, 49], ""centroid"": [326.3636839351125, 168.96546310832025], ""area_px"": 2229.5, ""has_hole"": true}, {""bbox"": [328, 211, 22, 21], ""centroid"": [338.83085194375514, 220.95533498759306], ""area_px"": 403.0, ""has_hole"": true}]",0.0,0.0,0.0,0.28,
1784258813.7353861,ACTIVE,CLIMB,2.0402137999772094,0,517573,True,5,2,0.9887567935640621,0,False,,0.01124320643593791,0,326.3636839351125,168.96546310832025,2229.5,"[{""bbox"": [302, 145, 49, 49], ""centroid"": [326.3636839351125, 168.96546310832025], ""area_px"": 2229.5, ""has_hole"": true}, {""bbox"": [328, 211, 22, 21], ""centroid"": [338.83085194375514, 220.95533498759306], ""area_px"": 403.0, ""has_hole"": true}]",0.0,0.0,0.0,0.28,
1784258813.7558835,ACTIVE,CLIMB,2.0606907999608666,0,517574,True,5,2,0.98159968148291,0,False,,0.01840031851708996,0,326.79642155793147,168.75758236962687,2291.5,"[{""bbox"": [302, 144, 50, 50], ""centroid"": [326.79642155793147, 168.75758236962687], ""area_px"": 2291.5, ""has_hole"": true}, {""bbox"": [328, 211, 22, 23], ""centroid"": [338.9634097305991, 221.729794933655], ""area_px"": 414.5, ""has_hole"": true}]",0.0,0.0,0.0,0.28,
1784258813.7759643,ACTIVE,CLIMB,2.08077920001233,0,517575,True,5,2,0.9990944178067204,0,False,,0.0009055821932796216,0,326.8623472949389,168.87601803374054,2292.0,"[{""bbox"": [302, 144, 50, 50], ""centroid"": [326.8623472949389, 168.87601803374054], ""area_px"": 2292.0, ""has_hole"": true}, {""bbox"": [328, 211, 22, 23], ""centroid"": [339.0369477911646, 221.82329317269074], ""area_px"": 415.0, ""has_hole"": true}]",0.0,0.0,0.0,0.28,
1784258813.7952564,ACTIVE,CLIMB,2.100026900006924,0,517575,True,5,2,0.9990944178067204,0,False,,0.0009055821932796216,0,326.8623472949389,168.87601803374054,2292.0,"[{""bbox"": [302, 144, 50, 50], ""centroid"": [326.8623472949389, 168.87601803374054], ""area_px"": 2292.0, ""has_hole"": true}, {""bbox"": [328, 211, 22, 23], ""centroid"": [339.0369477911646, 221.82329317269074], ""area_px"": 415.0, ""has_hole"": true}]",0.0,0.0,0.0,0.28,
1784258813.815515,ACTIVE,CLIMB,2.120338200009428,0,517575,True,5,2,0.9990944178067204,0,False,,0.0009055821932796216,0,326.8623472949389,168.87601803374054,2292.0,"[{""bbox"": [302, 144, 50, 50], ""centroid"": [326.8623472949389, 168.87601803374054], ""area_px"": 2292.0, ""has_hole"": true}, {""bbox"": [328, 211, 22, 23], ""centroid"": [339.0369477911646, 221.82329317269074], ""area_px"": 415.0, ""has_hole"": true}]",0.0,0.0,0.0,0.28,
1784258813.8353093,ACTIVE,CLIMB,2.1400813999935053,0,517577,True,5,2,0.9923631285820078,0,False,,0.00763687141799224,0,326.85995068175225,169.8423266608645,2298.0,"[{""bbox"": [302, 144, 51, 50], ""centroid"": [326.85995068175225, 169.8423266608645], ""area_px"": 2298.0, ""has_hole"": true}, {""bbox"": [328, 212, 22, 22], ""centroid"": [338.93726474278543, 222.34044332915096], ""area_px"": 398.5, ""has_hole"": true}]",0.0,0.0,0.0,0.28,
1784258813.8550818,ACTIVE,CLIMB,2.159955799987074,0,517577,True,5,2,0.9923631285820078,0,False,,0.00763687141799224,0,326.85995068175225,169.8423266608645,2298.0,"[{""bbox"": [302, 144, 51, 50], ""centroid"": [326.85995068175225, 169.8423266608645], ""area_px"": 2298.0, ""has_hole"": true}, {""bbox"": [328, 212, 22, 22], ""centroid"": [338.93726474278543, 222.34044332915096], ""area_px"": 398.5, ""has_hole"": true}]",0.0,0.0,0.0,0.28,
1784258813.875135,ACTIVE,CLIMB,2.179974199971184,0,517577,True,5,2,0.9923631285820078,0,False,,0.00763687141799224,0,326.85995068175225,169.8423266608645,2298.0,"[{""bbox"": [302, 144, 51, 50], ""centroid"": [326.85995068175225, 169.8423266608645], ""area_px"": 2298.0, ""has_hole"": true}, {""bbox"": [328, 212, 22, 22], ""centroid"": [338.93726474278543, 222.34044332915096], ""area_px"": 398.5, ""has_hole"": true}]",0.0,0.0,0.0,0.28,
1784258813.8954427,ACTIVE,CLIMB,2.2001604000106454,0,517578,True,5,2,0.8229265399393851,0,False,,0.17707346006061483,0,326.5031565656565,173.33080808080808,1320.0,"[{""bbox"": [302, 143, 51, 51], ""centroid"": [326.5031565656565, 173.33080808080808], ""area_px"": 1320.0, ""has_hole"": false}, {""bbox"": [328, 212, 23, 22], ""centroid"": [339.42663476874, 222.7364433811802], ""area_px"": 418.0, ""has_hole"": true}]",0.0,0.0,0.0,0.28,
1784258813.915339,ACTIVE,CLIMB,2.2200949999969453,0,517579,True,5,2,0.9973311808514393,0,False,,0.002668819148560638,0,326.4631111111111,173.5047619047619,1312.5,"[{""bbox"": [302, 143, 51, 51], ""centroid"": [326.4631111111111, 173.5047619047619], ""area_px"": 1312.5, ""has_hole"": false}, {""bbox"": [328, 212, 24, 22], ""centroid"": [339.6887550200803, 224.21954484605087], ""area_px"": 249.0, ""has_hole"": false}]",0.0,0.0,0.0,0.28,
1784258813.9352481,ACTIVE,CLIMB,2.240120799979195,0,517579,True,5,2,0.9973311808514393,0,False,,0.002668819148560638,0,326.4631111111111,173.5047619047619,1312.5,"[{""bbox"": [302, 143, 51, 51], ""centroid"": [326.4631111111111, 173.5047619047619], ""area_px"": 1312.5, ""has_hole"": false}, {""bbox"": [328, 212, 24, 22], ""centroid"": [339.6887550200803, 224.21954484605087], ""area_px"": 249.0, ""has_hole"": false}]",0.0,0.0,0.0,0.28,
1784258813.9555979,ACTIVE,CLIMB,2.2601412999792956,0,517580,True,5,2,0.973858125551378,0,False,,0.026141874448622024,0,327.054844606947,173.50201096892138,1367.5,"[{""bbox"": [302, 142, 52, 53], ""centroid"": [327.054844606947, 173.50201096892138], ""area_px"": 1367.5, ""has_hole"": false}, {""bbox"": [328, 212, 24, 22], ""centroid"": [339.3835263835264, 223.52767052767052], ""area_px"": 259.0, ""has_hole"": false}]",0.0,0.0,0.0,0.28,
1784258813.9753373,ACTIVE,CLIMB,2.2802135999663733,0,517581,True,5,2,0.981520646102157,0,False,,0.018479353897843023,0,326.44725738396625,173.27742616033754,1422.0,"[{""bbox"": [301, 142, 53, 53], ""centroid"": [326.44725738396625, 173.27742616033754], ""area_px"": 1422.0, ""has_hole"": false}, {""bbox"": [328, 212, 24, 22], ""centroid"": [339.46984126984125, 223.4984126984127], ""area_px"": 262.5, ""has_hole"": false}]",0.0,0.0,0.0,0.28,
1784258813.9955812,ACTIVE,CLIMB,2.3004152000066824,0,517581,True,5,2,0.981520646102157,0,False,,0.018479353897843023,0,326.44725738396625,173.27742616033754,1422.0,"[{""bbox"": [301, 142, 53, 53], ""centroid"": [326.44725738396625, 173.27742616033754], ""area_px"": 1422.0, ""has_hole"": false}, {""bbox"": [328, 212, 24, 22], ""centroid"": [339.46984126984125, 223.4984126984127], ""area_px"": 262.5, ""has_hole"": false}]",0.0,0.0,0.0,0.28,
1784258814.0153465,ACTIVE,CLIMB,2.3199879999738187,0,517582,True,5,2,0.9720644327309788,0,False,,0.02793556726902128,0,327.15428824049513,173.08377541998232,1508.0,"[{""bbox"": [301, 141, 54, 54], ""centroid"": [327.15428824049513, 173.08377541998232], ""area_px"": 1508.0, ""has_hole"": false}, {""bbox"": [328, 213, 24, 22], ""centroid"": [339.48793363499243, 223.77036199095022], ""area_px"": 442.0, ""has_hole"": true}]",0.0,0.0,0.0,0.28,
1784258814.0352814,ACTIVE,CLIMB,2.3401059999596328,0,517583,True,5,2,0.9412497346831773,0,False,,0.05875026531682275,0,327.38910124473193,170.0867391943546,1700.5,"[{""bbox"": [300, 142, 55, 53], ""centroid"": [327.38910124473193, 170.0867391943546], ""area_px"": 1700.5, ""has_hole"": false}, {""bbox"": [328, 213, 24, 23], ""centroid"": [339.3602391629297, 223.8120328849028], ""area_px"": 446.0, ""has_hole"": true}]",0.0,0.0,0.0,0.28,
1784258814.055241,ACTIVE,CLIMB,2.3600633000023663,0,517583,True,5,2,0.9412497346831773,0,False,,0.05875026531682275,0,327.38910124473193,170.0867391943546,1700.5,"[{""bbox"": [300, 142, 55, 53], ""centroid"": [327.38910124473193, 170.0867391943546], ""area_px"": 1700.5, ""has_hole"": false}, {""bbox"": [328, 213, 24, 23], ""centroid"": [339.3602391629297, 223.8120328849028], ""area_px"": 446.0, ""has_hole"": true}]",0.0,0.0,0.0,0.28,
1784258814.076129,ACTIVE,CLIMB,2.380876299983356,0,517583,True,5,2,0.9412497346831773,0,False,,0.05875026531682275,0,327.38910124473193,170.0867391943546,1700.5,"[{""bbox"": [300, 142, 55, 53], ""centroid"": [327.38910124473193, 170.0867391943546], ""area_px"": 1700.5, ""has_hole"": false}, {""bbox"": [328, 213, 24, 23], ""centroid"": [339.3602391629297, 223.8120328849028], ""area_px"": 446.0, ""has_hole"": true}]",0.0,0.0,0.0,0.28,
1784258814.0953572,ACTIVE,CLIMB,2.4002198000089265,0,517584,True,5,2,0.8279074499292474,0,False,,0.1720925500707526,0,327.4050917907863,167.91022976561598,2887.0,"[{""bbox"": [300, 140, 56, 56], ""centroid"": [327.4050917907863, 167.91022976561598], ""area_px"": 2887.0, ""has_hole"": true}, {""bbox"": [328, 213, 24, 23], ""centroid"": [339.4087776568734, 223.90932172651432], ""area_px"": 459.5, ""has_hole"": true}]",0.0,0.0,0.0,0.28,
1784258814.11529,ACTIVE,CLIMB,2.420121199975256,0,517585,True,5,2,0.9948689410424099,0,False,,0.0051310589575901825,0,327.68160565628915,167.86400957919946,2923.0,"[{""bbox"": [300, 140, 56, 56], ""centroid"": [327.68160565628915, 167.86400957919946], ""area_px"": 2923.0, ""has_hole"": true}, {""bbox"": [328, 213, 24, 23], ""centroid"": [340.1358974358974, 223.52307692307693], ""area_px"": 455.0, ""has_hole"": true}]",0.0,0.0,0.0,0.28,
1784258814.1355765,ACTIVE,CLIMB,2.440346099960152,0,517585,True,5,2,0.9948689410424099,0,False,,0.0051310589575901825,0,327.68160565628915,167.86400957919946,2923.0,"[{""bbox"": [300, 140, 56, 56], ""centroid"": [327.68160565628915, 167.86400957919946], ""area_px"": 2923.0, ""has_hole"": true}, {""bbox"": [328, 213, 24, 23], ""centroid"": [340.1358974358974, 223.52307692307693], ""area_px"": 455.0, ""has_hole"": true}]",0.0,0.0,0.0,0.28,
1784258814.1554594,ACTIVE,CLIMB,2.460206899966579,0,517586,True,5,2,0.9860853714853635,0,False,,0.013914628514636592,0,327.51141325374454,167.61056762283755,3015.5,"[{""bbox"": [300, 140, 57, 56], ""centroid"": [327.51141325374454, 167.61056762283755], ""area_px"": 3015.5, ""has_hole"": true}, {""bbox"": [329, 213, 23, 23], ""centroid"": [340.23185265438786, 224.16251354279524], ""area_px"": 461.5, ""has_hole"": true}]",0.0,0.0,0.0,0.28,
1784258814.1755655,ACTIVE,CLIMB,2.480447100009769,0,517587,True,5,2,0.9942236797369722,0,False,,0.0057763202630277495,0,327.8375047712525,167.53334423905338,3056.5,"[{""bbox"": [300, 140, 57, 56], ""centroid"": [327.8375047712525, 167.53334423905338], ""area_px"": 3056.5, ""has_hole"": true}, {""bbox"": [329, 213, 23, 23], ""centroid"": [340.3098336948662, 224.15075921908894], ""area_px"": 461.0, ""has_hole"": true}]",0.0,0.0,0.0,0.28,
1784258814.1955469,ACTIVE,CLIMB,2.5003869999782182,0,517587,True,5,2,0.9942236797369722,0,False,,0.0057763202630277495,0,327.8375047712525,167.53334423905338,3056.5,"[{""bbox"": [300, 140, 57, 56], ""centroid"": [327.8375047712525, 167.53334423905338], ""area_px"": 3056.5, ""has_hole"": true}, {""bbox"": [329, 213, 23, 23], ""centroid"": [340.3098336948662, 224.15075921908894], ""area_px"": 461.0, ""has_hole"": true}]",0.0,0.0,0.0,0.28,
1784258814.2155952,ACTIVE,CLIMB,2.520493999996688,0,517587,True,5,2,0.9942236797369722,0,False,,0.0057763202630277495,0,327.8375047712525,167.53334423905338,3056.5,"[{""bbox"": [300, 140, 57, 56], ""centroid"": [327.8375047712525, 167.53334423905338], ""area_px"": 3056.5, ""has_hole"": true}, {""bbox"": [329, 213, 23, 23], ""centroid"": [340.3098336948662, 224.15075921908894], ""area_px"": 461.0, ""has_hole"": true}]",0.0,0.0,0.0,0.28,
1784258814.23526,ACTIVE,CLIMB,2.5401034000096843,0,517589,True,5,2,0.9783698162598612,0,False,,0.0216301837401388,0,328.1171561051005,167.79242658423493,3235.0,"[{""bbox"": [299, 139, 59, 59], ""centroid"": [328.1171561051005, 167.79242658423493], ""area_px"": 3235.0, ""has_hole"": true}, {""bbox"": [329, 214, 23, 24], ""centroid"": [340.38207885304655, 225.01505376344085], ""area_px"": 465.0, ""has_hole"": true}]",0.0,0.0,0.0,0.28,
1784258814.255427,ACTIVE,CLIMB,2.560288699984085,0,517589,True,5,2,0.9783698162598612,0,False,,0.0216301837401388,0,328.1171561051005,167.79242658423493,3235.0,"[{""bbox"": [299, 139, 59, 59], ""centroid"": [328.1171561051005, 167.79242658423493], ""area_px"": 3235.0, ""has_hole"": true}, {""bbox"": [329, 214, 23, 24], ""centroid"": [340.38207885304655, 225.01505376344085], ""area_px"": 465.0, ""has_hole"": true}]",0.0,0.0,0.0,0.28,
1784258814.2754548,ACTIVE,CLIMB,2.5802917999681085,0,517589,True,5,2,0.9783698162598612,0,False,,0.0216301837401388,0,328.1171561051005,167.79242658423493,3235.0,"[{""bbox"": [299, 139, 59, 59], ""centroid"": [328.1171561051005, 167.79242658423493], ""area_px"": 3235.0, ""has_hole"": true}, {""bbox"": [329, 214, 23, 24], ""centroid"": [340.38207885304655, 225.01505376344085], ""area_px"": 465.0, ""has_hole"": true}]",0.0,0.0,0.0,0.28,
1784258814.2954397,ACTIVE,CLIMB,2.6000772999832407,0,517590,True,5,3,0.9784998396235988,0,False,,0.02150016037640127,0,328.0965557845158,167.54381316848196,3397.0,"[{""bbox"": [299, 138, 60, 60], ""centroid"": [328.0965557845158, 167.54381316848196], ""area_px"": 3397.0, ""has_hole"": true}, {""bbox"": [330, 214, 23, 24], ""centroid"": [340.6302702702703, 225.25513513513513], ""area_px"": 462.5, ""has_hole"": true}, {""bbox"": [307, 246, 19, 16], ""centroid"": [315.29455445544556, 253.57590759075904], ""area_px"": 202.0, ""has_hole"": true}]",0.0,0.0,0.0,0.28,
1784258814.315348,ACTIVE,CLIMB,2.6201482999604195,0,517591,True,5,3,0.9927709930312043,0,False,,0.007229006968795639,0,328.2038330907326,167.44386220281416,3435.0,"[{""bbox"": [298, 138, 61, 60], ""centroid"": [328.2038330907326, 167.44386220281416], ""area_px"": 3435.0, ""has_hole"": true}, {""bbox"": [330, 214, 23, 24], ""centroid"": [340.64320220841955, 225.57798481711524], ""area_px"": 483.0, ""has_hole"": true}, {""bbox"": [307, 246, 19, 16], ""centroid"": [315.13237639553427, 253.49601275917064], ""area_px"": 209.0, ""has_hole"": true}]",0.0,0.0,0.0,0.28,
1784258814.3353522,ACTIVE,CLIMB,2.640177399967797,0,517591,True,5,3,0.9927709930312043,0,False,,0.007229006968795639,0,328.2038330907326,167.44386220281416,3435.0,"[{""bbox"": [298, 138, 61, 60], ""centroid"": [328.2038330907326, 167.44386220281416], ""area_px"": 3435.0, ""has_hole"": true}, {""bbox"": [330, 214, 23, 24], ""centroid"": [340.64320220841955, 225.57798481711524], ""area_px"": 483.0, ""has_hole"": true}, {""bbox"": [307, 246, 19, 16], ""centroid"": [315.13237639553427, 253.49601275917064], ""area_px"": 209.0, ""has_hole"": true}]",0.0,0.0,0.0,0.28,
1784258814.3559136,ACTIVE,CLIMB,2.6607126999879256,0,517592,True,5,2,0.9781260793602892,0,False,,0.02187392063971078,0,328.37870396012187,167.2167451306194,3611.0,"[{""bbox"": [298, 137, 62, 61], ""centroid"": [328.37870396012187, 167.2167451306194], ""area_px"": 3611.0, ""has_hole"": true}, {""bbox"": [330, 215, 24, 23], ""centroid"": [341.04080221300137, 226.04806362378974], ""area_px"": 482.0, ""has_hole"": true}]",0.0,0.0,0.0,0.28,
1784258814.375398,ACTIVE,CLIMB,2.6801961999735795,0,517593,True,5,2,0.9928360098906152,0,False,,0.0071639901093848365,0,328.3115128275358,167.3501780334155,3651.0,"[{""bbox"": [298, 137, 62, 62], ""centroid"": [328.3115128275358, 167.3501780334155], ""area_px"": 3651.0, ""has_hole"": true}, {""bbox"": [330, 215, 24, 23], ""centroid"": [341.0664600550964, 226.0406336088154], ""area_px"": 484.0, ""has_hole"": true}]",0.0,0.0,0.0,0.28,
1784258814.3952048,ACTIVE,CLIMB,2.700090700003784,0,517593,True,5,2,0.9928360098906152,0,False,,0.0071639901093848365,0,328.3115128275358,167.3501780334155,3651.0,"[{""bbox"": [298, 137, 62, 62], ""centroid"": [328.3115128275358, 167.3501780334155], ""area_px"": 3651.0, ""has_hole"": true}, {""bbox"": [330, 215, 24, 23], ""centroid"": [341.0664600550964, 226.0406336088154], ""area_px"": 484.0, ""has_hole"": true}]",0.0,0.0,0.0,0.28,
1784258814.4153564,ACTIVE,CLIMB,2.720206899975892,0,517593,True,5,2,0.9928360098906152,0,False,,0.0071639901093848365,0,328.3115128275358,167.3501780334155,3651.0,"[{""bbox"": [298, 137, 62, 62], ""centroid"": [328.3115128275358, 167.3501780334155], ""area_px"": 3651.0, ""has_hole"": true}, {""bbox"": [330, 215, 24, 23], ""centroid"": [341.0664600550964, 226.0406336088154], ""area_px"": 484.0, ""has_hole"": true}]",0.0,0.0,0.0,0.28,
1784258814.4359858,ACTIVE,CLIMB,2.740807299967855,0,517595,True,5,2,0.9870725541871513,0,False,,0.012927445812848676,0,328.9873890104234,167.46682108694716,3885.5,"[{""bbox"": [298, 136, 63, 64], ""centroid"": [328.9873890104234, 167.46682108694716], ""area_px"": 3885.5, ""has_hole"": true}, {""bbox"": [330, 215, 24, 25], ""centroid"": [341.06411514556754, 226.77625122669284], ""area_px"": 509.5, ""has_hole"": true}]",0.0,0.0,0.0,0.28,
1784258814.4555514,ACTIVE,CLIMB,2.760309299977962,0,517595,True,5,2,0.9870725541871513,0,False,,0.012927445812848676,0,328.9873890104234,167.46682108694716,3885.5,"[{""bbox"": [298, 136, 63, 64], ""centroid"": [328.9873890104234, 167.46682108694716], ""area_px"": 3885.5, ""has_hole"": true}, {""bbox"": [330, 215, 24, 25], ""centroid"": [341.06411514556754, 226.77625122669284], ""area_px"": 509.5, ""has_hole"": true}]",0.0,0.0,0.0,0.28,
1784258814.4755359,ACTIVE,CLIMB,2.7803474999964237,0,517595,True,5,2,0.9870725541871513,0,False,,0.012927445812848676,0,328.9873890104234,167.46682108694716,3885.5,"[{""bbox"": [298, 136, 63, 64], ""centroid"": [328.9873890104234, 167.46682108694716], ""area_px"": 3885.5, ""has_hole"": true}, {""bbox"": [330, 215, 24, 25], ""centroid"": [341.06411514556754, 226.77625122669284], ""area_px"": 509.5, ""has_hole"": true}]",0.0,0.0,0.0,0.28,
1784258814.4954855,ACTIVE,CLIMB,2.7999569000094198,0,517596,True,5,2,0.9747776244051324,0,False,,0.025222375594867636,0,329.0056671183935,167.25789495297934,4058.5,"[{""bbox"": [296, 135, 66, 65], ""centroid"": [329.0056671183935, 167.25789495297934], ""area_px"": 4058.5, ""has_hole"": true}, {""bbox"": [330, 216, 24, 25], ""centroid"": [341.44875433617153, 227.6206244087039], ""area_px"": 528.5, ""has_hole"": true}]",0.0,0.0,0.0,0.28,
1784258814.515089,ACTIVE,CLIMB,2.819934099970851,0,517597,True,5,3,0.9852287689859184,0,False,,0.014771231014081645,0,328.9242387626873,167.3125906234896,4138.0,"[{""bbox"": [296, 134, 67, 67], ""centroid"": [328.9242387626873, 167.3125906234896], ""area_px"": 4138.0, ""has_hole"": true}, {""bbox"": [329, 216, 25, 25], ""centroid"": [341.44538873150765, 227.5926975133774], ""area_px"": 529.5, ""has_hole"": true}, {""bbox"": [306, 249, 20, 15], ""centroid"": [314.76245210727967, 255.6214559386973], ""area_px"": 217.5, ""has_hole"": true}]",0.0,0.0,0.0,0.28,
1784258814.5352867,ACTIVE,CLIMB,2.840069499972742,0,517597,True,5,3,0.9852287689859184,0,False,,0.014771231014081645,0,328.9242387626873,167.3125906234896,4138.0,"[{""bbox"": [296, 134, 67, 67], ""centroid"": [328.9242387626873, 167.3125906234896], ""area_px"": 4138.0, ""has_hole"": true}, {""bbox"": [329, 216, 25, 25], ""centroid"": [341.44538873150765, 227.5926975133774], ""area_px"": 529.5, ""has_hole"": true}, {""bbox"": [306, 249, 20, 15], ""centroid"": [314.76245210727967, 255.6214559386973], ""area_px"": 217.5, ""has_hole"": true}]",0.0,0.0,0.0,0.28,
1784258814.5550568,ACTIVE,CLIMB,2.8599251999985427,0,517598,True,5,3,0.9774391800028935,0,False,,0.022560819997106504,0,329.2759700580507,167.2678735105408,4364.0,"[{""bbox"": [296, 134, 68, 68], ""centroid"": [329.2759700580507, 167.2678735105408], ""area_px"": 4364.0, ""has_hole"": true}, {""bbox"": [327, 216, 27, 33], ""centroid"": [341.14539969834084, 228.53846153846155], ""area_px"": 552.5, ""has_hole"": true}, {""bbox"": [306, 249, 20, 15], ""centroid"": [314.8409272581934, 255.6123101518785], ""area_px"": 208.5, ""has_hole"": true}]",0.0,0.0,0.0,0.28,
1784258814.5761285,ACTIVE,CLIMB,2.8802376000094227,0,517599,True,5,3,0.9926315647171257,0,False,,0.007368435282874388,0,329.4939686821008,167.52524911965233,4449.0,"[{""bbox"": [296, 134, 68, 68], ""centroid"": [329.4939686821008, 167.52524911965233], ""area_px"": 4449.0, ""has_hole"": true}, {""bbox"": [330, 217, 24, 25], ""centroid"": [341.4640831758034, 228.6758034026465], ""area_px"": 529.0, ""has_hole"": true}, {""bbox"": [306, 249, 20, 15], ""centroid"": [314.70601851851853, 255.78240740740742], ""area_px"": 216.0, ""has_hole"": true}]",0.0,0.0,0.0,0.28,
1784258814.5953493,ACTIVE,CLIMB,2.9001805000007153,0,517599,True,5,3,0.9926315647171257,0,False,,0.007368435282874388,0,329.4939686821008,167.52524911965233,4449.0,"[{""bbox"": [296, 134, 68, 68], ""centroid"": [329.4939686821008, 167.52524911965233], ""area_px"": 4449.0, ""has_hole"": true}, {""bbox"": [330, 217, 24, 25], ""centroid"": [341.4640831758034, 228.6758034026465], ""area_px"": 529.0, ""has_hole"": true}, {""bbox"": [306, 249, 20, 15], ""centroid"": [314.70601851851853, 255.78240740740742], ""area_px"": 216.0, ""has_hole"": true}]",0.0,0.0,0.0,0.28,
1784258814.6153588,ACTIVE,CLIMB,2.920235599973239,0,517600,True,5,2,0.9772676854725828,0,False,,0.022732314527417148,0,329.65383228783617,167.53497007715046,4623.0,"[{""bbox"": [295, 133, 70, 70], ""centroid"": [329.65383228783617, 167.53497007715046], ""area_px"": 4623.0, ""has_hole"": true}, {""bbox"": [330, 217, 24, 25], ""centroid"": [341.48579545454544, 228.65309343434342], ""area_px"": 528.0, ""has_hole"": true}]",0.0,0.0,0.0,0.28,
1784258814.637297,ACTIVE,CLIMB,2.941957100003492,0,517601,True,5,2,0.9831890124605243,0,False,,0.016810987539475707,0,329.7196274819891,167.77504832191178,4742.5,"[{""bbox"": [295, 132, 71, 72], ""centroid"": [329.7196274819891, 167.77504832191178], ""area_px"": 4742.5, ""has_hole"": true}, {""bbox"": [327, 217, 28, 33], ""centroid"": [341.4805603201829, 229.60691823899367], ""area_px"": 583.0, ""has_hole"": true}]",0.0,0.0,0.0,0.28,
1784258814.655451,ACTIVE,CLIMB,2.9600172999780625,0,517601,True,5,2,0.9831890124605243,0,False,,0.016810987539475707,0,329.7196274819891,167.77504832191178,4742.5,"[{""bbox"": [295, 132, 71, 72], ""centroid"": [329.7196274819891, 167.77504832191178], ""area_px"": 4742.5, ""has_hole"": true}, {""bbox"": [327, 217, 28, 33], ""centroid"": [341.4805603201829, 229.60691823899367], ""area_px"": 583.0, ""has_hole"": true}]",0.0,0.0,0.0,0.28,
1784258814.6751003,ACTIVE,CLIMB,2.979908899986185,0,517601,True,5,2,0.9831890124605243,0,False,,0.016810987539475707,0,329.7196274819891,167.77504832191178,4742.5,"[{""bbox"": [295, 132, 71, 72], ""centroid"": [329.7196274819891, 167.77504832191178], ""area_px"": 4742.5, ""has_hole"": true}, {""bbox"": [327, 217, 28, 33], ""centroid"": [341.4805603201829, 229.60691823899367], ""area_px"": 583.0, ""has_hole"": true}]",0.0,0.0,0.0,0.28,
1784258814.6952434,ACTIVE,APPROACH,3.000097399984952,0,517602,True,5,3,0.9766044355137631,0,False,,0.023395564486236912,0,329.78820686001853,167.521222354655,5034.0,"[{""bbox"": [294, 132, 73, 72], ""centroid"": [329.78820686001853, 167.521222354655], ""area_px"": 5034.0, ""has_hole"": true}, {""bbox"": [330, 218, 26, 25], ""centroid"": [342.14920919128616, 229.62100865413308], ""area_px"": 558.5, ""has_hole"": true}, {""bbox"": [306, 250, 20, 15], ""centroid"": [314.76911314984704, 256.44418960244644], ""area_px"": 218.0, ""has_hole"": true}]",0.0,-0.05,0.0,0.27,
1784258814.7158964,ACTIVE,APPROACH,3.02055770001607,0,517603,True,5,3,0.9952805616997332,0,False,,0.004719438300266798,0,330.0198926842036,167.57649522313832,5094.0,"[{""bbox"": [294, 132, 73, 72], ""centroid"": [330.0198926842036, 167.57649522313832], ""area_px"": 5094.0, ""has_hole"": true}, {""bbox"": [330, 218, 26, 26], ""centroid"": [342.10556511761325, 230.06855995410208], ""area_px"": 581.0, ""has_hole"": true}, {""bbox"": [306, 251, 20, 15], ""centroid"": [314.94329501915706, 257.3716475095785], ""area_px"": 217.5, ""has_hole"": true}]",0.0,-0.05,0.0,0.27,
1784258814.735054,ACTIVE,APPROACH,3.0399119000067003,0,517603,True,5,3,0.9952805616997332,0,False,,0.004719438300266798,0,330.0198926842036,167.57649522313832,5094.0,"[{""bbox"": [294, 132, 73, 72], ""centroid"": [330.0198926842036, 167.57649522313832], ""area_px"": 5094.0, ""has_hole"": true}, {""bbox"": [330, 218, 26, 26], ""centroid"": [342.10556511761325, 230.06855995410208], ""area_px"": 581.0, ""has_hole"": true}, {""bbox"": [306, 251, 20, 15], ""centroid"": [314.94329501915706, 257.3716475095785], ""area_px"": 217.5, ""has_hole"": true}]",0.0,-0.05,0.0,0.27,
1784258814.7557914,ACTIVE,APPROACH,3.060509499977343,0,517604,True,5,3,0.9597901966171577,0,False,,0.04020980338284226,0,330.54350957854405,168.04842911877392,5437.5,"[{""bbox"": [293, 130, 76, 76], ""centroid"": [330.54350957854405, 168.04842911877392], ""area_px"": 5437.5, ""has_hole"": true}, {""bbox"": [330, 218, 26, 26], ""centroid"": [342.14414414414415, 230.3129904097646], ""area_px"": 573.5, ""has_hole"": true}, {""bbox"": [306, 250, 20, 16], ""centroid"": [315.0963302752294, 257.3532110091743], ""area_px"": 218.0, ""has_hole"": true}]",0.0,-0.05,0.0,0.27,
1784258814.7754734,ACTIVE,APPROACH,3.080334700003732,0,517605,True,5,3,0.9903955662297133,0,False,,0.009604433770286767,0,330.5795193122654,167.0575735561206,5506.0,"[{""bbox"": [293, 130, 76, 76], ""centroid"": [330.5795193122654, 167.0575735561206], ""area_px"": 5506.0, ""has_hole"": true}, {""bbox"": [330, 218, 26, 26], ""centroid"": [342.15739923506914, 230.46219476316563], ""area_px"": 566.5, ""has_hole"": true}, {""bbox"": [306, 250, 20, 16], ""centroid"": [314.8249818445897, 256.94625998547565], ""area_px"": 229.5, ""has_hole"": true}]",0.0,-0.05,0.0,0.27,
1784258814.7951274,ACTIVE,APPROACH,3.1000095999916084,0,517605,True,5,3,0.9903955662297133,0,False,,0.009604433770286767,0,330.5795193122654,167.0575735561206,5506.0,"[{""bbox"": [293, 130, 76, 76], ""centroid"": [330.5795193122654, 167.0575735561206], ""area_px"": 5506.0, ""has_hole"": true}, {""bbox"": [330, 218, 26, 26], ""centroid"": [342.15739923506914, 230.46219476316563], ""area_px"": 566.5, ""has_hole"": true}, {""bbox"": [306, 250, 20, 16], ""centroid"": [314.8249818445897, 256.94625998547565], ""area_px"": 229.5, ""has_hole"": true}]",0.0,-0.05,0.0,0.27,
1784258814.8154612,ACTIVE,APPROACH,3.1202760000014678,0,517606,True,5,3,0.9494432397052958,0,False,,0.050556760294704246,0,330.87279221509726,165.32543030712117,5926.0,"[{""bbox"": [292, 126, 79, 79], ""centroid"": [330.87279221509726, 165.32543030712117], ""area_px"": 5926.0, ""has_hole"": true}, {""bbox"": [330, 216, 26, 27], ""centroid"": [343.0677233429395, 229.75024015369834], ""area_px"": 347.0, ""has_hole"": false}, {""bbox"": [306, 248, 20, 16], ""centroid"": [314.8056910569106, 255.22682926829268], ""area_px"": 205.0, ""has_hole"": true}]",0.0,-0.05,0.0,0.27,
1784258814.8389099,ACTIVE,APPROACH,3.143716399965342,0,517607,True,5,3,0.99073248529269,0,False,,0.009267514707310043,0,330.9854368932039,164.6076888740096,5974.0,"[{""bbox"": [292, 126, 79, 78], ""centroid"": [330.9854368932039, 164.6076888740096], ""area_px"": 5974.0, ""has_hole"": true}, {""bbox"": [330, 216, 26, 26], ""centroid"": [342.9525065963061, 228.4617414248021], ""area_px"": 568.5, ""has_hole"": true}, {""bbox"": [306, 248, 20, 16], ""centroid"": [314.6154434250764, 255.0045871559633], ""area_px"": 218.0, ""has_hole"": true}]",0.0,-0.05,0.0,0.27,
1784258814.8556657,ACTIVE,APPROACH,3.1604825999820605,0,517607,True,5,3,0.99073248529269,0,False,,0.009267514707310043,0,330.9854368932039,164.6076888740096,5974.0,"[{""bbox"": [292, 126, 79, 78], ""centroid"": [330.9854368932039, 164.6076888740096], ""area_px"": 5974.0, ""has_hole"": true}, {""bbox"": [330, 216, 26, 26], ""centroid"": [342.9525065963061, 228.4617414248021], ""area_px"": 568.5, ""has_hole"": true}, {""bbox"": [306, 248, 20, 16], ""centroid"": [314.6154434250764, 255.0045871559633], ""area_px"": 218.0, ""has_hole"": true}]",0.0,-0.05,0.0,0.27,
1784258814.8753233,ACTIVE,APPROACH,3.1801121999742463,0,517607,True,5,3,0.99073248529269,0,False,,0.009267514707310043,0,330.9854368932039,164.6076888740096,5974.0,"[{""bbox"": [292, 126, 79, 78], ""centroid"": [330.9854368932039, 164.6076888740096], ""area_px"": 5974.0, ""has_hole"": true}, {""bbox"": [330, 216, 26, 26], ""centroid"": [342.9525065963061, 228.4617414248021], ""area_px"": 568.5, ""has_hole"": true}, {""bbox"": [306, 248, 20, 16], ""centroid"": [314.6154434250764, 255.0045871559633], ""area_px"": 218.0, ""has_hole"": true}]",0.0,-0.05,0.0,0.27,
1784258814.8954537,ACTIVE,APPROACH,3.200176999962423,0,517608,True,5,3,0.8684359027921644,0,False,,0.13156409720783563,0,332.77283286465337,165.01569058972163,4089.5,"[{""bbox"": [291, 122, 82, 82], ""centroid"": [332.77283286465337, 165.01569058972163], ""area_px"": 4089.5, ""has_hole"": false}, {""bbox"": [330, 215, 26, 26], ""centroid"": [343.3392760669908, 229.28309022150188], ""area_px"": 308.5, ""has_hole"": false}, {""bbox"": [306, 246, 20, 16], ""centroid"": [314.78180354267306, 253.3929146537842], ""area_px"": 207.0, ""has_hole"": true}]",0.0,-0.05,0.0,0.27,
1784258814.9156706,ACTIVE,APPROACH,3.2205668999813497,0,517609,True,5,3,0.9903136293329967,0,False,,0.009686370667003275,0,332.9055273547659,164.76955926194503,4137.0,"[{""bbox"": [290, 121, 83, 83], ""centroid"": [332.9055273547659, 164.76955926194503], ""area_px"": 4137.0, ""has_hole"": false}, {""bbox"": [330, 214, 26, 27], ""centroid"": [342.8142896858493, 226.75757575757575], ""area_px"": 599.5, ""has_hole"": true}, {""bbox"": [306, 246, 20, 16], ""centroid"": [314.7589984350547, 252.8262910798122], ""area_px"": 213.0, ""has_hole"": true}]",0.0,-0.05,0.0,0.27,
1784258814.9351373,ACTIVE,APPROACH,3.24002389999805,0,517609,True,5,3,0.9903136293329967,0,False,,0.009686370667003275,0,332.9055273547659,164.76955926194503,4137.0,"[{""bbox"": [290, 121, 83, 83], ""centroid"": [332.9055273547659, 164.76955926194503], ""area_px"": 4137.0, ""has_hole"": false}, {""bbox"": [330, 214, 26, 27], ""centroid"": [342.8142896858493, 226.75757575757575], ""area_px"": 599.5, ""has_hole"": true}, {""bbox"": [306, 246, 20, 16], ""centroid"": [314.7589984350547, 252.8262910798122], ""area_px"": 213.0, ""has_hole"": true}]",0.0,-0.05,0.0,0.27,
1784258814.9551506,ACTIVE,APPROACH,3.259998599998653,0,517610,True,5,3,0.8568550926598092,0,False,,0.14314490734019084,0,326.6248926605041,174.04333989998486,3299.5,"[{""bbox"": [290, 118, 85, 86], ""centroid"": [326.6248926605041, 174.04333989998486], ""area_px"": 3299.5, ""has_hole"": false}, {""bbox"": [330, 118, 44, 33], ""centroid"": [350.94143576826195, 128.12405541561714], ""area_px"": 794.0, ""has_hole"": false}, {""bbox"": [330, 213, 27, 28], ""centroid"": [343.16639433551194, 225.69907407407405], ""area_px"": 612.0, ""has_hole"": true}]",0.0,-0.05,0.0,0.27,
1784258814.9756305,ACTIVE,APPROACH,3.280471200007014,0,517611,True,5,2,0.9909543698506321,0,False,,0.00904563014936792,0,326.3679102214134,174.24021838034577,3297.0,"[{""bbox"": [290, 116, 86, 88], ""centroid"": [326.3679102214134, 174.24021838034577], ""area_px"": 3297.0, ""has_hole"": false}, {""bbox"": [327, 212, 31, 29], ""centroid"": [343.11636178861784, 224.91158536585365], ""area_px"": 656.0, ""has_hole"": true}]",0.0,-0.05,0.0,0.27,
1784258814.9953258,ACTIVE,APPROACH,3.3001672999816947,0,517611,True,5,2,0.9909543698506321,0,False,,0.00904563014936792,0,326.3679102214134,174.24021838034577,3297.0,"[{""bbox"": [290, 116, 86, 88], ""centroid"": [326.3679102214134, 174.24021838034577], ""area_px"": 3297.0, ""has_hole"": false}, {""bbox"": [327, 212, 31, 29], ""centroid"": [343.11636178861784, 224.91158536585365], ""area_px"": 656.0, ""has_hole"": true}]",0.0,-0.05,0.0,0.27,
1784258815.0153482,ACTIVE,APPROACH,3.320117699971888,0,517612,True,5,2,0.9466927232307978,0,False,,0.05330727676920226,0,325.60201089233345,172.2002513615417,3580.5,"[{""bbox"": [288, 113, 90, 90], ""centroid"": [325.60201089233345, 172.2002513615417], ""area_px"": 3580.5, ""has_hole"": false}, {""bbox"": [328, 211, 30, 29], ""centroid"": [343.13145896656533, 224.05369807497465], ""area_px"": 658.0, ""has_hole"": true}]",0.0,-0.05,0.0,0.27,
1784258815.0355406,ACTIVE,APPROACH,3.340288600011263,0,517613,True,5,2,0.9735904081422226,0,False,,0.026409591857777408,0,325.249301990453,170.4931099702783,3701.0,"[{""bbox"": [288, 111, 91, 92], ""centroid"": [325.249301990453, 170.4931099702783], ""area_px"": 3701.0, ""has_hole"": false}, {""bbox"": [330, 210, 28, 28], ""centroid"": [343.38303659742826, 223.05118694362017], ""area_px"": 674.0, ""has_hole"": true}]",0.0,-0.05,0.0,0.27,
1784258815.0554547,ACTIVE,APPROACH,3.3602684999932535,0,517613,True,5,2,0.9735904081422226,0,False,,0.026409591857777408,0,325.249301990453,170.4931099702783,3701.0,"[{""bbox"": [288, 111, 91, 92], ""centroid"": [325.249301990453, 170.4931099702783], ""area_px"": 3701.0, ""has_hole"": false}, {""bbox"": [330, 210, 28, 28], ""centroid"": [343.38303659742826, 223.05118694362017], ""area_px"": 674.0, ""has_hole"": true}]",0.0,-0.05,0.0,0.27,
1784258815.0751424,ACTIVE,APPROACH,3.3799543000059202,0,517613,True,5,2,0.9735904081422226,0,False,,0.026409591857777408,0,325.249301990453,170.4931099702783,3701.0,"[{""bbox"": [288, 111, 91, 92], ""centroid"": [325.249301990453, 170.4931099702783], ""area_px"": 3701.0, ""has_hole"": false}, {""bbox"": [330, 210, 28, 28], ""centroid"": [343.38303659742826, 223.05118694362017], ""area_px"": 674.0, ""has_hole"": true}]",0.0,-0.05,0.0,0.27,
1784258815.0954506,ACTIVE,APPROACH,3.4003135999664664,0,517614,True,5,2,0.7696694272608178,0,False,,0.23033057273918217,0,331.96817705996705,155.54921489457155,5572.5,"[{""bbox"": [286, 108, 96, 95], ""centroid"": [331.96817705996705, 155.54921489457155], ""area_px"": 5572.5, ""has_hole"": false}, {""bbox"": [328, 208, 30, 29], ""centroid"": [343.71881091617934, 222.0289961013645], ""area_px"": 684.0, ""has_hole"": true}]",0.0,-0.05,0.0,0.27,
1784258815.1160476,ACTIVE,APPROACH,3.420869399968069,0,517615,True,5,2,0.9686374500483148,0,False,,0.03136254995168525,0,332.18606163415325,153.9899915182358,5895.0,"[{""bbox"": [286, 106, 96, 96], ""centroid"": [332.18606163415325, 153.9899915182358], ""area_px"": 5895.0, ""has_hole"": true}, {""bbox"": [327, 209, 31, 28], ""centroid"": [343.509541511772, 222.04659231722425], ""area_px"": 672.5, ""has_hole"": true}]",0.0,-0.05,0.0,0.27,
1784258815.1353564,ACTIVE,APPROACH,3.4400615000049584,0,517615,True,5,2,0.9686374500483148,0,False,,0.03136254995168525,0,332.18606163415325,153.9899915182358,5895.0,"[{""bbox"": [286, 106, 96, 96], ""centroid"": [332.18606163415325, 153.9899915182358], ""area_px"": 5895.0, ""has_hole"": true}, {""bbox"": [327, 209, 31, 28], ""centroid"": [343.509541511772, 222.04659231722425], ""area_px"": 672.5, ""has_hole"": true}]",0.0,-0.05,0.0,0.27,
1784258815.1557615,ACTIVE,APPROACH,3.4602028999943286,0,517616,True,5,2,0.8397996437745732,0,False,,0.1602003562254268,0,334.15020500741514,152.20553083834946,9552.5,"[{""bbox"": [285, 103, 99, 99], ""centroid"": [334.15020500741514, 152.20553083834946], ""area_px"": 9552.5, ""has_hole"": true}, {""bbox"": [327, 207, 31, 28], ""centroid"": [343.4300455963523, 220.33165346772256], ""area_px"": 694.5, ""has_hole"": true}]",0.0,-0.05,0.0,0.27,
1784258815.1754034,ACTIVE,APPROACH,3.4801068999804556,0,517617,True,5,3,0.9803114641669124,0,False,,0.019688535833087658,0,334.06299507054223,151.45310215876253,9805.0,"[{""bbox"": [284, 102, 101, 101], ""centroid"": [334.06299507054223, 151.45310215876253], ""area_px"": 9805.0, ""has_hole"": true}, {""bbox"": [327, 206, 31, 28], ""centroid"": [343.9942828734775, 220.2547849863286], ""area_px"": 670.5, ""has_hole"": true}, {""bbox"": [306, 238, 20, 16], ""centroid"": [313.99616858237545, 244.3455938697318], ""area_px"": 217.5, ""has_hole"": true}]",0.0,-0.05,0.0,0.27,
1784258815.1951163,ACTIVE,APPROACH,3.4999638000153936,0,517617,True,5,3,0.9803114641669124,0,False,,0.019688535833087658,0,334.06299507054223,151.45310215876253,9805.0,"[{""bbox"": [284, 102, 101, 101], ""centroid"": [334.06299507054223, 151.45310215876253], ""area_px"": 9805.0, ""has_hole"": true}, {""bbox"": [327, 206, 31, 28], ""centroid"": [343.9942828734775, 220.2547849863286], ""area_px"": 670.5, ""has_hole"": true}, {""bbox"": [306, 238, 20, 16], ""centroid"": [313.99616858237545, 244.3455938697318], ""area_px"": 217.5, ""has_hole"": true}]",0.0,-0.05,0.0,0.27,
1784258815.2152987,ACTIVE,APPROACH,3.520139799977187,0,517618,True,5,2,0.8753995992013879,0,False,,0.12460040079861218,0,335.7483364100803,154.07783454256645,11646.5,"[{""bbox"": [283, 97, 105, 137], ""centroid"": [335.7483364100803, 154.07783454256645], ""area_px"": 11646.5, ""has_hole"": true}, {""bbox"": [305, 236, 21, 16], ""centroid"": [314.30405405405406, 243.15315315315314], ""area_px"": 222.0, ""has_hole"": true}]",0.0,0.0,0.0,0.27,
1784258815.2354808,ACTIVE,APPROACH,3.5402929999982007,0,517619,True,5,2,0.9817190779240078,0,False,,0.01828092207599219,0,335.82451953272204,153.52176583064661,11941.5,"[{""bbox"": [282, 96, 107, 136], ""centroid"": [335.82451953272204, 153.52176583064661], ""area_px"": 11941.5, ""has_hole"": true}, {""bbox"": [306, 236, 20, 16], ""centroid"": [314.2202898550724, 242.5905797101449], ""area_px"": 230.0, ""has_hole"": true}]",0.0,0.0,0.0,0.27,
1784258815.255845,ACTIVE,APPROACH,3.560651700012386,0,517619,True,5,2,0.9817190779240078,0,False,,0.01828092207599219,0,335.82451953272204,153.52176583064661,11941.5,"[{""bbox"": [282, 96, 107, 136], ""centroid"": [335.82451953272204, 153.52176583064661], ""area_px"": 11941.5, ""has_hole"": true}, {""bbox"": [306, 236, 20, 16], ""centroid"": [314.2202898550724, 242.5905797101449], ""area_px"": 230.0, ""has_hole"": true}]",0.0,0.0,0.0,0.27,
1784258815.2753005,ACTIVE,APPROACH,3.5801217000116594,0,517619,True,5,2,0.9817190779240078,0,False,,0.01828092207599219,0,335.82451953272204,153.52176583064661,11941.5,"[{""bbox"": [282, 96, 107, 136], ""centroid"": [335.82451953272204, 153.52176583064661], ""area_px"": 11941.5, ""has_hole"": true}, {""bbox"": [306, 236, 20, 16], ""centroid"": [314.2202898550724, 242.5905797101449], ""area_px"": 230.0, ""has_hole"": true}]",0.0,0.0,0.0,0.27,
1784258815.2954295,ACTIVE,APPROACH,3.600254099990707,0,517620,True,5,2,0.938608744217247,0,False,,0.061391255782752965,0,336.5234251645256,150.9172003486301,13194.5,"[{""bbox"": [280, 91, 113, 141], ""centroid"": [336.5234251645256, 150.9172003486301], ""area_px"": 13194.5, ""has_hole"": true}, {""bbox"": [306, 235, 20, 15], ""centroid"": [314.48463356973997, 241.78014184397162], ""area_px"": 211.5, ""has_hole"": true}]",0.0,0.0,0.0,0.27,
1784258815.3153555,ACTIVE,APPROACH,3.6200772000011057,0,517621,True,5,2,0.9883954998150524,0,False,,0.011604500184947623,0,337.2435217022973,151.57360342851447,13378.0,"[{""bbox"": [280, 91, 114, 141], ""centroid"": [337.2435217022973, 151.57360342851447], ""area_px"": 13378.0, ""has_hole"": true}, {""bbox"": [306, 235, 20, 16], ""centroid"": [314.3882618510158, 242.16177577125657], ""area_px"": 221.5, ""has_hole"": true}]",0.0,0.0,0.0,0.27,
1784258815.3357382,ACTIVE,APPROACH,3.6404906999669038,0,517621,True,5,2,0.9883954998150524,0,False,,0.011604500184947623,0,337.2435217022973,151.57360342851447,13378.0,"[{""bbox"": [280, 91, 114, 141], ""centroid"": [337.2435217022973, 151.57360342851447], ""area_px"": 13378.0, ""has_hole"": true}, {""bbox"": [306, 235, 20, 16], ""centroid"": [314.3882618510158, 242.16177577125657], ""area_px"": 221.5, ""has_hole"": true}]",0.0,0.0,0.0,0.27,
1784258815.35616,ACTIVE,APPROACH,3.6610212000086904,0,517622,True,5,2,0.9450317964399649,0,False,,0.054968203560035074,0,337.6417234324768,150.1619905128032,14827.0,"[{""bbox"": [278, 87, 120, 147], ""centroid"": [337.6417234324768, 150.1619905128032], ""area_px"": 14827.0, ""has_hole"": true}, {""bbox"": [306, 234, 20, 18], ""centroid"": [314.3663003663003, 242.25274725274724], ""area_px"": 227.5, ""has_hole"": true}]",0.0,0.0,0.0,0.27,
1784258815.3752892,ACTIVE,APPROACH,3.6800246000057086,0,517623,True,5,1,0.9818145375662428,0,False,,0.01818546243375719,0,337.99749234073636,150.03340638253795,15286.5,"[{""bbox"": [277, 86, 123, 149], ""centroid"": [337.99749234073636, 150.03340638253795], ""area_px"": 15286.5, ""has_hole"": true}]",0.0,0.0,0.0,0.27,
1784258815.3953454,ACTIVE,APPROACH,3.700131599965971,0,517623,True,5,1,0.9818145375662428,0,False,,0.01818546243375719,0,337.99749234073636,150.03340638253795,15286.5,"[{""bbox"": [277, 86, 123, 149], ""centroid"": [337.99749234073636, 150.03340638253795], ""area_px"": 15286.5, ""has_hole"": true}]",0.0,0.0,0.0,0.27,
1784258815.4155965,ACTIVE,APPROACH,3.7204068999853916,0,517624,True,5,2,0.945675254197369,0,False,,0.05432474580263107,0,338.94788835047075,148.80316550447148,16922.0,"[{""bbox"": [274, 82, 130, 152], ""centroid"": [338.94788835047075, 148.80316550447148], ""area_px"": 16922.0, ""has_hole"": true}, {""bbox"": [306, 234, 20, 19], ""centroid"": [314.3979885057471, 243.0912356321839], ""area_px"": 232.0, ""has_hole"": true}]",0.0,0.0,0.0,0.27,
1784258815.435452,ACTIVE,APPROACH,3.740188899973873,0,517625,True,5,2,0.9818792554172031,0,False,,0.018120744582796892,0,339.2979360282798,149.12820001140315,17539.0,"[{""bbox"": [274, 81, 131, 155], ""centroid"": [339.2979360282798, 149.12820001140315], ""area_px"": 17539.0, ""has_hole"": true}, {""bbox"": [306, 235, 20, 18], ""centroid"": [314.6722222222222, 243.0923611111111], ""area_px"": 240.0, ""has_hole"": true}]",0.0,0.0,0.0,0.27,
1784258815.4554977,ACTIVE,APPROACH,3.7603578999987803,0,517625,True,5,2,0.9818792554172031,0,False,,0.018120744582796892,0,339.2979360282798,149.12820001140315,17539.0,"[{""bbox"": [274, 81, 131, 155], ""centroid"": [339.2979360282798, 149.12820001140315], ""area_px"": 17539.0, ""has_hole"": true}, {""bbox"": [306, 235, 20, 18], ""centroid"": [314.6722222222222, 243.0923611111111], ""area_px"": 240.0, ""has_hole"": true}]",0.0,0.0,0.0,0.27,
1784258815.4755392,ACTIVE,APPROACH,3.7802183000021614,0,517625,True,5,2,0.9818792554172031,0,False,,0.018120744582796892,0,339.2979360282798,149.12820001140315,17539.0,"[{""bbox"": [274, 81, 131, 155], ""centroid"": [339.2979360282798, 149.12820001140315], ""area_px"": 17539.0, ""has_hole"": true}, {""bbox"": [306, 235, 20, 18], ""centroid"": [314.6722222222222, 243.0923611111111], ""area_px"": 240.0, ""has_hole"": true}]",0.0,0.0,0.0,0.27,
1784258815.4953234,ACTIVE,APPROACH,3.799905299965758,0,517626,True,5,2,0.9397381749174677,0,False,,0.06026182508253234,0,340.3348799080506,148.0000845122796,19721.0,"[{""bbox"": [271, 76, 140, 160], ""centroid"": [340.3348799080506, 148.0000845122796], ""area_px"": 19721.0, ""has_hole"": true}, {""bbox"": [306, 235, 20, 19], ""centroid"": [314.60468319559226, 243.98415977961432], ""area_px"": 242.0, ""has_hole"": true}]",0.0,0.0,0.0,0.27,
1784258815.515634,ACTIVE,APPROACH,3.8204095999826677,0,517627,True,5,2,0.9845376626406952,0,False,,0.015462337359304749,0,340.5780180975502,147.71782044679858,20389.5,"[{""bbox"": [270, 75, 142, 161], ""centroid"": [340.5780180975502, 147.71782044679858], ""area_px"": 20389.5, ""has_hole"": true}, {""bbox"": [306, 235, 20, 19], ""centroid"": [314.4623655913978, 243.91827956989246], ""area_px"": 232.5, ""has_hole"": true}]",0.0,0.0,0.0,0.27,
1784258815.535294,ACTIVE,APPROACH,3.8399699999717996,0,517627,True,5,2,0.9845376626406952,0,False,,0.015462337359304749,0,340.5780180975502,147.71782044679858,20389.5,"[{""bbox"": [270, 75, 142, 161], ""centroid"": [340.5780180975502, 147.71782044679858], ""area_px"": 20389.5, ""has_hole"": true}, {""bbox"": [306, 235, 20, 19], ""centroid"": [314.4623655913978, 243.91827956989246], ""area_px"": 232.5, ""has_hole"": true}]",0.0,0.0,0.0,0.27,
1784258815.5554657,ACTIVE,APPROACH,3.860221699986141,0,517628,True,5,2,0.9287299698577492,0,False,,0.07127003014225076,0,342.0306376270843,146.11425658379974,23049.0,"[{""bbox"": [265, 69, 154, 169], ""centroid"": [342.0306376270843, 146.11425658379974], ""area_px"": 23049.0, ""has_hole"": true}, {""bbox"": [306, 236, 20, 18], ""centroid"": [314.46251673360103, 244.50870147255688], ""area_px"": 249.0, ""has_hole"": true}]",0.0,0.0,0.0,0.27,
1784258815.5751672,ACTIVE,APPROACH,3.879899599996861,0,517629,True,5,2,0.9809733335165113,0,False,,0.019026666483488736,0,342.4123771326448,146.194793679821,24060.5,"[{""bbox"": [265, 67, 156, 171], ""centroid"": [342.4123771326448, 146.194793679821], ""area_px"": 24060.5, ""has_hole"": true}, {""bbox"": [306, 236, 20, 18], ""centroid"": [314.36196319018404, 244.47443762781185], ""area_px"": 244.5, ""has_hole"": true}]",0.0,0.0,0.0,0.27,
1784258815.5951257,ACTIVE,APPROACH,3.8999112999881618,0,517629,True,5,2,0.9809733335165113,0,False,,0.019026666483488736,0,342.4123771326448,146.194793679821,24060.5,"[{""bbox"": [265, 67, 156, 171], ""centroid"": [342.4123771326448, 146.194793679821], ""area_px"": 24060.5, ""has_hole"": true}, {""bbox"": [306, 236, 20, 18], ""centroid"": [314.36196319018404, 244.47443762781185], ""area_px"": 244.5, ""has_hole"": true}]",0.0,0.0,0.0,0.27,
1784258815.6158278,ACTIVE,APPROACH,3.920628799998667,0,517629,True,5,2,0.9809733335165113,0,False,,0.019026666483488736,0,342.4123771326448,146.194793679821,24060.5,"[{""bbox"": [265, 67, 156, 171], ""centroid"": [342.4123771326448, 146.194793679821], ""area_px"": 24060.5, ""has_hole"": true}, {""bbox"": [306, 236, 20, 18], ""centroid"": [314.36196319018404, 244.47443762781185], ""area_px"": 244.5, ""has_hole"": true}]",0.0,0.0,0.0,0.27,
1784258815.6353395,ACTIVE,APPROACH,3.9401832000003196,0,517631,True,5,2,0.9752772273725012,0,False,,0.02472277262749875,0,344.72514417331973,145.33645636700552,28871.5,"[{""bbox"": [259, 59, 172, 181], ""centroid"": [344.72514417331973, 145.33645636700552], ""area_px"": 28871.5, ""has_hole"": true}, {""bbox"": [306, 236, 20, 20], ""centroid"": [314.5518151815181, 245.37359735973595], ""area_px"": 252.5, ""has_hole"": true}]",0.0,0.0,0.0,0.27,
1784258815.6578968,ACTIVE,APPROACH,3.962450999999419,0,517631,True,5,2,0.9752772273725012,0,False,,0.02472277262749875,0,344.72514417331973,145.33645636700552,28871.5,"[{""bbox"": [259, 59, 172, 181], ""centroid"": [344.72514417331973, 145.33645636700552], ""area_px"": 28871.5, ""has_hole"": true}, {""bbox"": [306, 236, 20, 20], ""centroid"": [314.5518151815181, 245.37359735973595], ""area_px"": 252.5, ""has_hole"": true}]",0.0,0.0,0.0,0.27,
1784258815.675644,ACTIVE,APPROACH,3.98022069997387,0,517631,True,5,2,0.9752772273725012,0,False,,0.02472277262749875,0,344.72514417331973,145.33645636700552,28871.5,"[{""bbox"": [259, 59, 172, 181], ""centroid"": [344.72514417331973, 145.33645636700552], ""area_px"": 28871.5, ""has_hole"": true}, {""bbox"": [306, 236, 20, 20], ""centroid"": [314.5518151815181, 245.37359735973595], ""area_px"": 252.5, ""has_hole"": true}]",0.0,0.0,0.0,0.27,
1784258815.6955354,ACTIVE,APPROACH,4.00036619999446,0,517632,True,5,1,0.9085333856318991,0,False,,0.09146661436810084,0,346.59253564370584,144.61611248281267,33818.5,"[{""bbox"": [255, 51, 185, 205], ""centroid"": [346.59253564370584, 144.61611248281267], ""area_px"": 33818.5, ""has_hole"": true}]",0.0,0.0,0.0,0.27,
1784258815.715672,ACTIVE,APPROACH,4.02034679998178,0,517633,True,5,1,0.9650557936728184,0,False,,0.03494420632718159,0,347.3353812508977,143.5491894045749,35971.5,"[{""bbox"": [253, 47, 191, 209], ""centroid"": [347.3353812508977, 143.5491894045749], ""area_px"": 35971.5, ""has_hole"": true}]",0.0,0.0,0.0,0.27,
1784258815.7357922,ACTIVE,APPROACH,4.04057610000018,0,517633,True,5,1,0.9650557936728184,0,False,,0.03494420632718159,0,347.3353812508977,143.5491894045749,35971.5,"[{""bbox"": [253, 47, 191, 209], ""centroid"": [347.3353812508977, 143.5491894045749], ""area_px"": 35971.5, ""has_hole"": true}]",0.0,0.0,0.0,0.27,
1784258815.7556279,ACTIVE,APPROACH,4.060421600006521,0,517634,True,5,1,0.9022375613177606,0,False,,0.09776243868223947,0,350.220712855613,141.26790675296053,42954.0,"[{""bbox"": [246, 37, 210, 219], ""centroid"": [350.220712855613, 141.26790675296053], ""area_px"": 42954.0, ""has_hole"": true}]",0.0,0.0,0.0,0.27,
1784258815.7754219,ACTIVE,APPROACH,4.0802493999945,0,517635,True,5,1,0.9599599932063732,0,False,,0.04004000679362686,0,351.14498818199365,140.42467250101063,45763.5,"[{""bbox"": [243, 32, 218, 228], ""centroid"": [351.14498818199365, 140.42467250101063], ""area_px"": 45763.5, ""has_hole"": true}]",0.0,0.0,0.0,0.27,
1784258815.7953036,ACTIVE,APPROACH,4.100166699965484,0,517635,True,5,1,0.9599599932063732,0,False,,0.04004000679362686,0,351.14498818199365,140.42467250101063,45763.5,"[{""bbox"": [243, 32, 218, 228], ""centroid"": [351.14498818199365, 140.42467250101063], ""area_px"": 45763.5, ""has_hole"": true}]",0.0,0.0,0.0,0.27,
1784258815.815428,ACTIVE,APPROACH,4.120274699991569,0,517636,True,5,1,0.8878511777699075,0,False,,0.11214882223009245,0,354.76591367868957,138.5982377003084,56309.0,"[{""bbox"": [235, 19, 242, 242], ""centroid"": [354.76591367868957, 138.5982377003084], ""area_px"": 56309.0, ""has_hole"": true}]",0.0,0.0,0.0,0.27,
1784258815.8352494,ACTIVE,APPROACH,4.140018499980215,0,517636,True,5,1,0.8878511777699075,0,False,,0.11214882223009245,0,354.76591367868957,138.5982377003084,56309.0,"[{""bbox"": [235, 19, 242, 242], ""centroid"": [354.76591367868957, 138.5982377003084], ""area_px"": 56309.0, ""has_hole"": true}]",0.0,0.0,0.0,0.27,
1784258815.8555346,ACTIVE,APPROACH,4.160342299961485,0,517637,True,5,1,0.9628707524776178,0,False,,0.03712924752238222,0,356.08088417064556,138.12835362381637,60003.5,"[{""bbox"": [231, 16, 251, 247], ""centroid"": [356.08088417064556, 138.12835362381637], ""area_px"": 60003.5, ""has_hole"": true}]",0.0,0.0,0.0,0.27,
1784258815.8752892,ACTIVE,APPROACH,4.18011109996587,0,517637,True,5,1,0.9628707524776178,0,False,,0.03712924752238222,0,356.08088417064556,138.12835362381637,60003.5,"[{""bbox"": [231, 16, 251, 247], ""centroid"": [356.08088417064556, 138.12835362381637], ""area_px"": 60003.5, ""has_hole"": true}]",0.0,0.0,0.0,0.27,
1784258815.8960621,ACTIVE,APPROACH,4.2009221999906,0,517638,True,5,1,0.8637266905964657,0,False,,0.13627330940353433,0,360.89946680482956,137.06003528401004,76238.5,"[{""bbox"": [222, 0, 280, 277], ""centroid"": [360.89946680482956, 137.06003528401004], ""area_px"": 76238.5, ""has_hole"": true}]",0.0,0.0,0.0,0.27,
1784258815.9151025,ACTIVE,APPROACH,4.219964999996591,0,517639,True,5,1,0.948535030981415,0,False,,0.051464969018585,0,362.72025879871603,141.2449446824034,79495.5,"[{""bbox"": [217, 0, 294, 280], ""centroid"": [362.72025879871603, 141.2449446824034], ""area_px"": 79495.5, ""has_hole"": true}]",0.0,0.0,0.0,0.27,
1784258815.9350562,ACTIVE,APPROACH,4.239916799997445,0,517639,True,5,1,0.948535030981415,0,False,,0.051464969018585,0,362.72025879871603,141.2449446824034,79495.5,"[{""bbox"": [217, 0, 294, 280], ""centroid"": [362.72025879871603, 141.2449446824034], ""area_px"": 79495.5, ""has_hole"": true}]",0.0,0.0,0.0,0.27,
1784258815.9554284,ACTIVE,APPROACH,4.260102599975653,0,517640,True,5,1,0.8310840487059616,0,False,,0.1689159512940383,0,369.48635115354654,150.12215642037975,99288.0,"[{""bbox"": [200, 0, 340, 300], ""centroid"": [369.48635115354654, 150.12215642037975], ""area_px"": 99288.0, ""has_hole"": true}]",0.0,0.0,0.0,0.27,
1784258815.9756074,ACTIVE,APPROACH,4.2802332999999635,0,517641,True,5,1,0.9305497244713021,0,False,,0.0694502755286979,0,372.3724135688337,154.02963265786482,107629.0,"[{""bbox"": [193, 0, 361, 309], ""centroid"": [372.3724135688337, 154.02963265786482], ""area_px"": 107629.0, ""has_hole"": true}]",0.0,0.0,0.0,0.27,
1784258815.9957604,ACTIVE,APPROACH,4.300307500001509,0,517641,True,5,1,0.9305497244713021,0,False,,0.0694502755286979,0,372.3724135688337,154.02963265786482,107629.0,"[{""bbox"": [193, 0, 361, 309], ""centroid"": [372.3724135688337, 154.02963265786482], ""area_px"": 107629.0, ""has_hole"": true}]",0.0,0.0,0.0,0.27,
1784258816.0151875,ACTIVE,APPROACH,4.319977600011043,0,517641,True,5,1,0.9305497244713021,0,False,,0.0694502755286979,0,372.3724135688337,154.02963265786482,107629.0,"[{""bbox"": [193, 0, 361, 309], ""centroid"": [372.3724135688337, 154.02963265786482], ""area_px"": 107629.0, ""has_hole"": true}]",0.0,0.0,0.0,0.27,
1784258816.0350797,ACTIVE,APPROACH,4.33993289998034,0,517643,True,5,1,0.8992133060737062,0,False,,0.10078669392629377,0,387.9890327615389,174.64724908937606,159323.0,"[{""bbox"": [157, 0, 463, 352], ""centroid"": [387.9890327615389, 174.64724908937606], ""area_px"": 159323.0, ""has_hole"": true}]",0.0,0.0,0.0,0.27,
1784258816.0551758,ACTIVE,APPROACH,4.359954499988817,0,517643,True,5,1,0.8992133060737062,0,False,,0.10078669392629377,0,387.9890327615389,174.64724908937606,159323.0,"[{""bbox"": [157, 0, 463, 352], ""centroid"": [387.9890327615389, 174.64724908937606], ""area_px"": 159323.0, ""has_hole"": true}]",0.0,0.0,0.0,0.27,
1784258816.075354,ACTIVE,APPROACH,4.380191200005356,0,517643,True,5,1,0.8992133060737062,0,False,,0.10078669392629377,0,387.9890327615389,174.64724908937606,159323.0,"[{""bbox"": [157, 0, 463, 352], ""centroid"": [387.9890327615389, 174.64724908937606], ""area_px"": 159323.0, ""has_hole"": true}]",0.0,0.0,0.0,0.27,
1784258816.0952518,ACTIVE,APPROACH,4.399978099972941,0,517644,False,5,3,0.75,1,False,,,1,,,,"[{""bbox"": [334, 216, 36, 47], ""centroid"": [350.616481557658, 234.14397367338543], ""area_px"": 1215.5, ""has_hole"": true}, {""bbox"": [160, 0, 19, 20], ""centroid"": [168.93333333333334, 9.332773109243698], ""area_px"": 297.5, ""has_hole"": false}, {""bbox"": [304, 242, 18, 20], ""centroid"": [312.3555062823355, 251.8980044345898], ""area_px"": 225.5, ""has_hole"": true}]",0.0,0.0,0.0,0.27,
1784258816.11521,ACTIVE,APPROACH,4.420019300014246,0,517645,False,5,2,0.5,2,False,,,0,,,,"[{""bbox"": [334, 216, 36, 47], ""centroid"": [350.78317965912265, 234.58256496227997], ""area_px"": 1193.0, ""has_hole"": true}, {""bbox"": [304, 243, 17, 19], ""centroid"": [312.2007326007326, 252.378021978022], ""area_px"": 227.5, ""has_hole"": true}]",0.0,0.0,0.0,0.27,
1784258816.135535,ACTIVE,APPROACH,4.440342199988663,0,517645,False,5,2,0.5,2,False,,,0,,,,"[{""bbox"": [334, 216, 36, 47], ""centroid"": [350.78317965912265, 234.58256496227997], ""area_px"": 1193.0, ""has_hole"": true}, {""bbox"": [304, 243, 17, 19], ""centroid"": [312.2007326007326, 252.378021978022], ""area_px"": 227.5, ""has_hole"": true}]",0.0,0.0,0.0,0.27,
1784258816.1551507,ACTIVE,APPROACH,4.460017499979585,0,517646,False,5,2,0.25,3,False,,,0,,,,"[{""bbox"": [334, 217, 36, 41], ""centroid"": [351.3211689660288, 235.53538050734312], ""area_px"": 1123.5, ""has_hole"": true}, {""bbox"": [304, 239, 21, 23], ""centroid"": [313.281911675741, 251.51845130066545], ""area_px"": 275.5, ""has_hole"": true}]",0.0,0.0,0.0,0.27,
1784258816.1754103,ACTIVE,APPROACH,4.480232000001706,0,517647,True,6,2,1.0,0,True,association_lost,,0,351.84955878166807,235.60247651579846,1171.0,"[{""bbox"": [335, 218, 36, 46], ""centroid"": [351.84955878166807, 235.60247651579846], ""area_px"": 1171.0, ""has_hole"": true}, {""bbox"": [304, 239, 21, 24], ""centroid"": [313.2566320645905, 251.8667820069204], ""area_px"": 289.0, ""has_hole"": true}]",0.0,0.0,0.0,0.27,
1784258816.195519,ACTIVE,APPROACH,4.500384400016628,0,517647,True,6,2,1.0,0,True,association_lost,,0,351.84955878166807,235.60247651579846,1171.0,"[{""bbox"": [335, 218, 36, 46], ""centroid"": [351.84955878166807, 235.60247651579846], ""area_px"": 1171.0, ""has_hole"": true}, {""bbox"": [304, 239, 21, 24], ""centroid"": [313.2566320645905, 251.8667820069204], ""area_px"": 289.0, ""has_hole"": true}]",0.0,0.0,0.0,0.27,
1784258816.2154927,ACTIVE,APPROACH,4.520339299982879,0,517647,True,6,2,1.0,0,True,association_lost,,0,351.84955878166807,235.60247651579846,1171.0,"[{""bbox"": [335, 218, 36, 46], ""centroid"": [351.84955878166807, 235.60247651579846], ""area_px"": 1171.0, ""has_hole"": true}, {""bbox"": [304, 239, 21, 24], ""centroid"": [313.2566320645905, 251.8667820069204], ""area_px"": 289.0, ""has_hole"": true}]",0.0,0.0,0.0,0.27,
1784258816.2354527,ACTIVE,APPROACH,4.540333200013265,0,517647,True,6,2,1.0,0,True,association_lost,,0,351.84955878166807,235.60247651579846,1171.0,"[{""bbox"": [335, 218, 36, 46], ""centroid"": [351.84955878166807, 235.60247651579846], ""area_px"": 1171.0, ""has_hole"": true}, {""bbox"": [304, 239, 21, 24], ""centroid"": [313.2566320645905, 251.8667820069204], ""area_px"": 289.0, ""has_hole"": true}]",0.0,0.0,0.0,0.27,
1784258816.2554185,ACTIVE,APPROACH,4.560239400016144,0,517647,True,6,2,1.0,0,True,association_lost,,0,351.84955878166807,235.60247651579846,1171.0,"[{""bbox"": [335, 218, 36, 46], ""centroid"": [351.84955878166807, 235.60247651579846], ""area_px"": 1171.0, ""has_hole"": true}, {""bbox"": [304, 239, 21, 24], ""centroid"": [313.2566320645905, 251.8667820069204], ""area_px"": 289.0, ""has_hole"": true}]",0.0,0.0,0.0,0.27,
1784258816.275355,ACTIVE,APPROACH,4.580163399979938,0,517647,True,6,2,1.0,0,True,association_lost,,0,351.84955878166807,235.60247651579846,1171.0,"[{""bbox"": [335, 218, 36, 46], ""centroid"": [351.84955878166807, 235.60247651579846], ""area_px"": 1171.0, ""has_hole"": true}, {""bbox"": [304, 239, 21, 24], ""centroid"": [313.2566320645905, 251.8667820069204], ""area_px"": 289.0, ""has_hole"": true}]",0.0,0.0,0.0,0.27,
1784258816.2956448,ACTIVE,APPROACH,4.600492099998519,0,517647,True,6,2,1.0,0,True,association_lost,,0,351.84955878166807,235.60247651579846,1171.0,"[{""bbox"": [335, 218, 36, 46], ""centroid"": [351.84955878166807, 235.60247651579846], ""area_px"": 1171.0, ""has_hole"": true}, {""bbox"": [304, 239, 21, 24], ""centroid"": [313.2566320645905, 251.8667820069204], ""area_px"": 289.0, ""has_hole"": true}]",0.0,0.0,0.0,0.27,
1784258816.315199,ACTIVE,APPROACH,4.620066299976315,0,517649,True,6,2,0.8638803910223971,0,False,,0.13611960897760284,0,352.6830924222514,234.69382391590014,761.0,"[{""bbox"": [333, 218, 39, 40], ""centroid"": [352.6830924222514, 234.69382391590014], ""area_px"": 761.0, ""has_hole"": false}, {""bbox"": [304, 239, 22, 25], ""centroid"": [313.4103448275862, 252.4706896551724], ""area_px"": 290.0, ""has_hole"": true}]",0.0,0.0,0.0,0.27,
1784258816.335436,ACTIVE,APPROACH,4.640284299966879,0,517652,True,6,2,0.9309634238941462,0,False,,0.06903657610585381,0,353.50502344273275,236.42598794373745,746.5,"[{""bbox"": [327, 222, 47, 37], ""centroid"": [353.50502344273275, 236.42598794373745], ""area_px"": 746.5, ""has_hole"": false}, {""bbox"": [304, 240, 23, 26], ""centroid"": [314.6093514328808, 252.47058823529412], ""area_px"": 221.0, ""has_hole"": false}]",0.0,0.0,0.0,0.27,
1784258816.3555055,ACTIVE,APPROACH,4.660290299972985,0,517652,True,6,2,0.9309634238941462,0,False,,0.06903657610585381,0,353.50502344273275,236.42598794373745,746.5,"[{""bbox"": [327, 222, 47, 37], ""centroid"": [353.50502344273275, 236.42598794373745], ""area_px"": 746.5, ""has_hole"": false}, {""bbox"": [304, 240, 23, 26], ""centroid"": [314.6093514328808, 252.47058823529412], ""area_px"": 221.0, ""has_hole"": false}]",0.0,0.0,0.0,0.27,
1784258816.3750556,ACTIVE,APPROACH,4.679890299972612,0,517652,True,6,2,0.9309634238941462,0,False,,0.06903657610585381,0,353.50502344273275,236.42598794373745,746.5,"[{""bbox"": [327, 222, 47, 37], ""centroid"": [353.50502344273275, 236.42598794373745], ""area_px"": 746.5, ""has_hole"": false}, {""bbox"": [304, 240, 23, 26], ""centroid"": [314.6093514328808, 252.47058823529412], ""area_px"": 221.0, ""has_hole"": false}]",0.0,0.0,0.0,0.27,
1784258816.395266,ACTIVE,APPROACH,4.700029400002677,0,517653,True,6,2,0.8655960266175449,0,False,,0.13440397338245508,0,352.2440290758048,240.99775008653512,963.0,"[{""bbox"": [327, 222, 48, 44], ""centroid"": [352.2440290758048, 240.99775008653512], ""area_px"": 963.0, ""has_hole"": false}, {""bbox"": [304, 240, 22, 26], ""centroid"": [314.54767726161367, 252.4914425427873], ""area_px"": 204.5, ""has_hole"": false}]",0.0,0.0,0.0,0.27,
1784258816.4154143,ACTIVE,APPROACH,4.720057200000156,0,517654,True,6,2,0.9631615167686346,0,False,,0.036838483231365404,0,353.08951822916663,241.82356770833331,1024.0,"[{""bbox"": [327, 223, 49, 44], ""centroid"": [353.08951822916663, 241.82356770833331], ""area_px"": 1024.0, ""has_hole"": false}, {""bbox"": [304, 241, 22, 26], ""centroid"": [314.55855855855856, 253.49058149058146], ""area_px"": 203.5, ""has_hole"": false}]",0.0,0.0,0.0,0.27,
1784258816.4353676,ACTIVE,APPROACH,4.740092699998058,0,517654,True,6,2,0.9631615167686346,0,False,,0.036838483231365404,0,353.08951822916663,241.82356770833331,1024.0,"[{""bbox"": [327, 223, 49, 44], ""centroid"": [353.08951822916663, 241.82356770833331], ""area_px"": 1024.0, ""has_hole"": false}, {""bbox"": [304, 241, 22, 26], ""centroid"": [314.55855855855856, 253.49058149058146], ""area_px"": 203.5, ""has_hole"": false}]",0.0,0.0,0.0,0.27,
1784258816.4554083,ACTIVE,APPROACH,4.7602667000028305,0,517655,True,6,2,0.859663897627063,0,False,,0.14033610237293698,0,354.2644645268515,243.5934351303625,1604.5,"[{""bbox"": [327, 224, 49, 43], ""centroid"": [354.2644645268515, 243.5934351303625], ""area_px"": 1604.5, ""has_hole"": true}, {""bbox"": [304, 241, 22, 27], ""centroid"": [314.60654490106543, 254.1834094368341], ""area_px"": 219.0, ""has_hole"": false}]",0.0,0.0,0.0,0.27,
1784258816.4757783,ACTIVE,APPROACH,4.780269299983047,1,517655,True,6,2,0.859663897627063,0,False,,0.14033610237293698,0,354.2644645268515,243.5934351303625,1604.5,"[{""bbox"": [327, 224, 49, 43], ""centroid"": [354.2644645268515, 243.5934351303625], ""area_px"": 1604.5, ""has_hole"": true}, {""bbox"": [304, 241, 22, 27], ""centroid"": [314.60654490106543, 254.1834094368341], ""area_px"": 219.0, ""has_hole"": false}]",0.0,0.0,0.0,0.27,tracker_probe_complete
