wall_time,episode_phase,probe_phase,phase_elapsed,active_gate_index,frame_id,detected,track_id,candidate_count,tracking_confidence,tracking_missed_frames,track_switched,track_switch_reason,association_score,rejected_edge_fragments,selected_cx,selected_cy,selected_area_px,candidates_json,cmd_roll_rate,cmd_pitch_rate,cmd_yaw_rate,cmd_thrust,termination_reason
1784258427.5176816,RESET_REQUESTED,RESETTING,,,,False,,0,,,False,,,0,,,,[],0.0,0.0,0.0,0.0,
1784258427.5380774,RESET_REQUESTED,RESETTING,,,505995,True,1,2,1.0,0,True,acquired,,0,324.8063670411985,176.46367041198502,1335.0,"[{""bbox"": [306, 158, 38, 38], ""centroid"": [324.8063670411985, 176.46367041198502], ""area_px"": 1335.0, ""has_hole"": true}, {""bbox"": [328, 210, 18, 20], ""centroid"": [336.55115511551156, 219.2062706270627], ""area_px"": 303.0, ""has_hole"": true}]",0.0,0.0,0.0,0.0,
1784258427.5582008,RESET_REQUESTED,RESETTING,,,505997,True,1,2,1.0,0,False,,0.0,0,324.7688855646971,176.47444527549237,1337.0,"[{""bbox"": [306, 158, 38, 38], ""centroid"": [324.7688855646971, 176.47444527549237], ""area_px"": 1337.0, ""has_hole"": true}, {""bbox"": [328, 210, 18, 20], ""centroid"": [336.51803278688527, 219.20819672131148], ""area_px"": 305.0, ""has_hole"": true}]",0.0,0.0,0.0,0.0,
1784258427.5782304,RESET_REQUESTED,RESETTING,,,505997,True,1,2,1.0,0,False,,0.0,0,324.7688855646971,176.47444527549237,1337.0,"[{""bbox"": [306, 158, 38, 38], ""centroid"": [324.7688855646971, 176.47444527549237], ""area_px"": 1337.0, ""has_hole"": true}, {""bbox"": [328, 210, 18, 20], ""centroid"": [336.51803278688527, 219.20819672131148], ""area_px"": 305.0, ""has_hole"": true}]",0.0,0.0,0.0,0.0,
1784258427.5978754,RESET_REQUESTED,RESETTING,,,505998,True,1,2,0.9993574860730032,0,False,,0.0006425139269967785,0,324.8063670411985,176.4756554307116,1335.0,"[{""bbox"": [306, 158, 38, 38], ""centroid"": [324.8063670411985, 176.4756554307116], ""area_px"": 1335.0, ""has_hole"": true}, {""bbox"": [328, 210, 18, 20], ""centroid"": [336.5296052631579, 219.17763157894737], ""area_px"": 304.0, ""has_hole"": true}]",0.0,0.0,0.0,0.0,
1784258427.617787,RESET_REQUESTED,RESETTING,,,505998,True,1,2,0.9993574860730032,0,False,,0.0006425139269967785,0,324.8063670411985,176.4756554307116,1335.0,"[{""bbox"": [306, 158, 38, 38], ""centroid"": [324.8063670411985, 176.4756554307116], ""area_px"": 1335.0, ""has_hole"": true}, {""bbox"": [328, 210, 18, 20], ""centroid"": [336.5296052631579, 219.17763157894737], ""area_px"": 304.0, ""has_hole"": true}]",0.0,0.0,0.0,0.0,
1784258427.6380115,RESET_REQUESTED,RESETTING,,,505999,True,1,2,0.9993501882187346,0,False,,0.0006498117812654088,0,324.82753894081,176.4827414330218,1337.5,"[{""bbox"": [306, 158, 38, 38], ""centroid"": [324.82753894081, 176.4827414330218], ""area_px"": 1337.5, ""has_hole"": true}, {""bbox"": [328, 210, 18, 20], ""centroid"": [336.51147540983607, 219.14918032786886], ""area_px"": 305.0, ""has_hole"": true}]",0.0,0.0,0.0,0.0,
1784258427.6582794,RESET_REQUESTED,RESETTING,,,505999,True,1,2,0.9993501882187346,0,False,,0.0006498117812654088,0,324.82753894081,176.4827414330218,1337.5,"[{""bbox"": [306, 158, 38, 38], ""centroid"": [324.82753894081, 176.4827414330218], ""area_px"": 1337.5, ""has_hole"": true}, {""bbox"": [328, 210, 18, 20], ""centroid"": [336.51147540983607, 219.14918032786886], ""area_px"": 305.0, ""has_hole"": true}]",0.0,0.0,0.0,0.0,
1784258427.6780994,RESET_REQUESTED,RESETTING,,,506000,True,1,2,0.9986792487317707,0,False,,0.0013207512682293324,0,324.801043219076,176.54185295578736,1342.0,"[{""bbox"": [306, 158, 38, 38], ""centroid"": [324.801043219076, 176.54185295578736], ""area_px"": 1342.0, ""has_hole"": true}, {""bbox"": [328, 210, 18, 20], ""centroid"": [336.5114006514658, 219.20955483170465], ""area_px"": 307.0, ""has_hole"": true}]",0.0,0.0,0.0,0.0,
1784258427.6979742,RESET_REQUESTED,RESETTING,,,506001,True,1,2,0.9995719031703344,0,False,,0.00042809682966560953,0,324.8002729189927,176.56159285448456,1343.5,"[{""bbox"": [306, 158, 38, 38], ""centroid"": [324.8002729189927, 176.56159285448456], ""area_px"": 1343.5, ""has_hole"": true}, {""bbox"": [328, 210, 18, 20], ""centroid"": [336.512987012987, 219.2397186147186], ""area_px"": 308.0, ""has_hole"": true}]",0.0,0.0,0.0,0.0,
1784258427.7184784,RESET_REQUESTED,RESETTING,,,506001,True,1,2,0.9995719031703344,0,False,,0.00042809682966560953,0,324.8002729189927,176.56159285448456,1343.5,"[{""bbox"": [306, 158, 38, 38], ""centroid"": [324.8002729189927, 176.56159285448456], ""area_px"": 1343.5, ""has_hole"": true}, {""bbox"": [328, 210, 18, 20], ""centroid"": [336.512987012987, 219.2397186147186], ""area_px"": 308.0, ""has_hole"": true}]",0.0,0.0,0.0,0.0,
1784258427.7389452,WAITING_FOR_ARM,RESETTING,,0,506002,True,1,2,0.9990915461191889,0,False,,0.0009084538808110882,0,324.77398192845646,176.60180715435078,1346.5,"[{""bbox"": [306, 158, 38, 38], ""centroid"": [324.77398192845646, 176.60180715435078], ""area_px"": 1346.5, ""has_hole"": true}, {""bbox"": [328, 210, 18, 20], ""centroid"": [336.5032679738562, 219.17919389978212], ""area_px"": 306.0, ""has_hole"": true}]",0.0,0.0,0.0,0.0,
1784258427.7582576,WAITING_FOR_ARM,RESETTING,,0,506002,True,2,2,1.0,0,True,acquired,,0,324.77398192845646,176.60180715435078,1346.5,"[{""bbox"": [306, 158, 38, 38], ""centroid"": [324.77398192845646, 176.60180715435078], ""area_px"": 1346.5, ""has_hole"": true}, {""bbox"": [328, 210, 18, 20], ""centroid"": [336.5032679738562, 219.17919389978212], ""area_px"": 306.0, ""has_hole"": true}]",0.0,0.0,0.0,0.0,
1784258427.7780828,WAITING_FOR_ARM,RESETTING,,0,506003,True,2,2,0.9991352027299862,0,False,,0.0008647972700137132,0,324.7333580338397,176.59454118809435,1349.5,"[{""bbox"": [306, 158, 38, 38], ""centroid"": [324.7333580338397, 176.59454118809435], ""area_px"": 1349.5, ""has_hole"": true}, {""bbox"": [328, 210, 18, 20], ""centroid"": [336.50488599348535, 219.2090119435396], ""area_px"": 307.0, ""has_hole"": true}]",0.0,0.0,0.0,0.0,
1784258427.798408,WAITING_FOR_ARM,RESETTING,,0,506003,True,2,2,0.9991352027299862,0,False,,0.0008647972700137132,0,324.7333580338397,176.59454118809435,1349.5,"[{""bbox"": [306, 158, 38, 38], ""centroid"": [324.7333580338397, 176.59454118809435], ""area_px"": 1349.5, ""has_hole"": true}, {""bbox"": [328, 210, 18, 20], ""centroid"": [336.50488599348535, 219.2090119435396], ""area_px"": 307.0, ""has_hole"": true}]",0.0,0.0,0.0,0.0,
1784258427.8180585,WAITING_FOR_ARM,RESETTING,,0,506004,True,2,2,0.9970162205379184,0,False,,0.0029837794620815954,0,324.6964263479019,176.7090026148674,1338.5,"[{""bbox"": [306, 158, 38, 38], ""centroid"": [324.6964263479019, 176.7090026148674], ""area_px"": 1338.5, ""has_hole"": true}, {""bbox"": [328, 210, 18, 20], ""centroid"": [336.5296052631579, 219.11787280701753], ""area_px"": 304.0, ""has_hole"": true}]",0.0,0.0,0.0,0.0,
1784258427.8382435,WAITING_FOR_ARM,RESETTING,,0,506005,True,2,2,0.9979728446028415,0,False,,0.0020271553971584868,0,324.62074574574575,176.79154154154153,1332.0,"[{""bbox"": [306, 158, 38, 38], ""centroid"": [324.62074574574575, 176.79154154154153], ""area_px"": 1332.0, ""has_hole"": true}, {""bbox"": [328, 210, 18, 20], ""centroid"": [336.53795379537956, 219.08745874587459], ""area_px"": 303.0, ""has_hole"": true}]",0.0,0.0,0.0,0.0,
1784258427.858605,WAITING_FOR_ARM,RESETTING,,0,506005,True,2,2,0.9979728446028415,0,False,,0.0020271553971584868,0,324.62074574574575,176.79154154154153,1332.0,"[{""bbox"": [306, 158, 38, 38], ""centroid"": [324.62074574574575, 176.79154154154153], ""area_px"": 1332.0, ""has_hole"": true}, {""bbox"": [328, 210, 18, 20], ""centroid"": [336.53795379537956, 219.08745874587459], ""area_px"": 303.0, ""has_hole"": true}]",0.0,0.0,0.0,0.0,
1784258427.878011,WAITING_FOR_ARM,RESETTING,,0,506006,True,2,2,0.9994625315908897,0,False,,0.0005374684091102767,0,324.69030644152593,176.79599749843652,1332.5,"[{""bbox"": [306, 158, 38, 38], ""centroid"": [324.69030644152593, 176.79599749843652], ""area_px"": 1332.5, ""has_hole"": true}, {""bbox"": [328, 210, 18, 20], ""centroid"": [336.575807334428, 219.13191023535848], ""area_px"": 304.5, ""has_hole"": true}]",0.0,0.0,0.0,0.0,
1784258427.8989143,WAITING_FOR_ARM,RESETTING,,0,506006,True,2,2,0.9994625315908897,0,False,,0.0005374684091102767,0,324.69030644152593,176.79599749843652,1332.5,"[{""bbox"": [306, 158, 38, 38], ""centroid"": [324.69030644152593, 176.79599749843652], ""area_px"": 1332.5, ""has_hole"": true}, {""bbox"": [328, 210, 18, 20], ""centroid"": [336.575807334428, 219.13191023535848], ""area_px"": 304.5, ""has_hole"": true}]",0.0,0.0,0.0,0.0,
1784258427.9181693,WAITING_FOR_ARM,RESETTING,,0,506007,True,2,2,0.9972104980301586,0,False,,0.002789501969841433,0,324.6710117939168,176.67746741154562,1342.5,"[{""bbox"": [306, 158, 38, 38], ""centroid"": [324.6710117939168, 176.67746741154562], ""area_px"": 1342.5, ""has_hole"": true}, {""bbox"": [328, 210, 18, 20], ""centroid"": [336.55067750677506, 219.22276422764227], ""area_px"": 307.5, ""has_hole"": true}]",0.0,0.0,0.0,0.0,
1784258427.937909,WAITING_FOR_ARM,RESETTING,,0,506008,True,2,2,0.9992151043995383,0,False,,0.0007848956004616876,0,324.7423115079365,176.6485615079365,1344.0,"[{""bbox"": [306, 158, 38, 38], ""centroid"": [324.7423115079365, 176.6485615079365], ""area_px"": 1344.0, ""has_hole"": true}, {""bbox"": [328, 210, 18, 20], ""centroid"": [336.5244299674267, 219.2084690553746], ""area_px"": 307.0, ""has_hole"": true}]",0.0,0.0,0.0,0.0,
1784258427.958187,WAITING_FOR_ARM,RESETTING,,0,506008,True,2,2,0.9992151043995383,0,False,,0.0007848956004616876,0,324.7423115079365,176.6485615079365,1344.0,"[{""bbox"": [306, 158, 38, 38], ""centroid"": [324.7423115079365, 176.6485615079365], ""area_px"": 1344.0, ""has_hole"": true}, {""bbox"": [328, 210, 18, 20], ""centroid"": [336.5244299674267, 219.2084690553746], ""area_px"": 307.0, ""has_hole"": true}]",0.0,0.0,0.0,0.0,
1784258427.9781306,WAITING_FOR_ARM,RESETTING,,0,506009,True,2,2,0.99977262444801,0,False,,0.00022737555198999433,0,324.76686507936506,176.62165178571428,1344.0,"[{""bbox"": [306, 158, 38, 38], ""centroid"": [324.76686507936506, 176.62165178571428], ""area_px"": 1344.0, ""has_hole"": true}, {""bbox"": [328, 210, 18, 20], ""centroid"": [336.55755591925805, 219.1620294599018], ""area_px"": 305.5, ""has_hole"": true}]",0.0,0.0,0.0,0.0,
1784258427.9986293,WAITING_FOR_ARM,RESETTING,,0,506009,True,2,2,0.99977262444801,0,False,,0.00022737555198999433,0,324.76686507936506,176.62165178571428,1344.0,"[{""bbox"": [306, 158, 38, 38], ""centroid"": [324.76686507936506, 176.62165178571428], ""area_px"": 1344.0, ""has_hole"": true}, {""bbox"": [328, 210, 18, 20], ""centroid"": [336.55755591925805, 219.1620294599018], ""area_px"": 305.5, ""has_hole"": true}]",0.0,0.0,0.0,0.0,
1784258428.0178647,WAITING_FOR_ARM,RESETTING,,0,506010,True,2,2,0.9974698014099873,0,False,,0.0025301985900127305,0,324.8454341317365,176.500499001996,1336.0,"[{""bbox"": [306, 158, 38, 38], ""centroid"": [324.8454341317365, 176.500499001996], ""area_px"": 1336.0, ""has_hole"": true}, {""bbox"": [328, 210, 18, 20], ""centroid"": [336.5292538915727, 219.194847020934], ""area_px"": 310.5, ""has_hole"": true}]",0.0,0.0,0.0,0.0,
1784258428.0381975,WAITING_FOR_ARM,RESETTING,,0,506011,True,3,2,1.0,0,True,acquired,,0,324.7560188632415,176.50719781583518,1343.0,"[{""bbox"": [306, 158, 38, 38], ""centroid"": [324.7560188632415, 176.50719781583518], ""area_px"": 1343.0, ""has_hole"": true}, {""bbox"": [328, 210, 18, 20], ""centroid"": [336.55861696380333, 219.2512155591572], ""area_px"": 308.5, ""has_hole"": true}]",0.0,0.0,0.0,0.0,
1784258428.0582619,WAITING_FOR_ARM,RESETTING,,0,506011,True,3,2,1.0,0,True,acquired,,0,324.7560188632415,176.50719781583518,1343.0,"[{""bbox"": [306, 158, 38, 38], ""centroid"": [324.7560188632415, 176.50719781583518], ""area_px"": 1343.0, ""has_hole"": true}, {""bbox"": [328, 210, 18, 20], ""centroid"": [336.55861696380333, 219.2512155591572], ""area_px"": 308.5, ""has_hole"": true}]",0.0,0.0,0.0,0.0,
1784258428.0782118,WAITING_FOR_ARM,RESETTING,,0,506012,True,3,2,0.7799041665758742,0,False,,0.22009583342412575,0,324.8647397397397,192.42117117117118,1332.0,"[{""bbox"": [306, 174, 38, 38], ""centroid"": [324.8647397397397, 192.42117117117118], ""area_px"": 1332.0, ""has_hole"": true}, {""bbox"": [328, 226, 19, 20], ""centroid"": [337.0122699386503, 235.28169734151328], ""area_px"": 326.0, ""has_hole"": true}]",0.0,0.0,0.0,0.0,
1784258428.0978086,WAITING_FOR_ARM,RESETTING,,0,506013,True,3,2,0.8260769329225728,0,False,,0.17392306707742722,0,324.9024421429485,180.88249584452115,1303.5,"[{""bbox"": [306, 162, 38, 38], ""centroid"": [324.9024421429485, 180.88249584452115], ""area_px"": 1303.5, ""has_hole"": true}, {""bbox"": [328, 215, 18, 19], ""centroid"": [336.5810810810811, 224.23029279279277], ""area_px"": 296.0, ""has_hole"": true}]",0.0,0.0,0.0,0.0,
1784258428.1180904,WAITING_FOR_ARM,RESETTING,,0,506013,True,3,2,0.8260769329225728,0,False,,0.17392306707742722,0,324.9024421429485,180.88249584452115,1303.5,"[{""bbox"": [306, 162, 38, 38], ""centroid"": [324.9024421429485, 180.88249584452115], ""area_px"": 1303.5, ""has_hole"": true}, {""bbox"": [328, 215, 18, 19], ""centroid"": [336.5810810810811, 224.23029279279277], ""area_px"": 296.0, ""has_hole"": true}]",0.0,0.0,0.0,0.0,
1784258428.1406035,WAITING_FOR_ARM,RESETTING,,0,506014,True,3,2,0.9269973840377219,0,False,,0.07300261596227808,0,324.8674894041386,176.3992769882822,1337.0,"[{""bbox"": [306, 158, 38, 38], ""centroid"": [324.8674894041386, 176.3992769882822], ""area_px"": 1337.0, ""has_hole"": true}, {""bbox"": [328, 210, 18, 20], ""centroid"": [336.57026143790847, 219.52777777777777], ""area_px"": 306.0, ""has_hole"": true}]",0.0,0.0,0.0,0.0,
1784258428.1581197,WAITING_FOR_ARM,RESETTING,,0,506014,True,3,2,0.9269973840377219,0,False,,0.07300261596227808,0,324.8674894041386,176.3992769882822,1337.0,"[{""bbox"": [306, 158, 38, 38], ""centroid"": [324.8674894041386, 176.3992769882822], ""area_px"": 1337.0, ""has_hole"": true}, {""bbox"": [328, 210, 18, 20], ""centroid"": [336.57026143790847, 219.52777777777777], ""area_px"": 306.0, ""has_hole"": true}]",0.0,0.0,0.0,0.0,
1784258428.178048,WAITING_FOR_ARM,RESETTING,,0,506015,True,3,2,0.9982424336663297,0,False,,0.001757566333670251,0,324.88412340105344,176.40895410082769,1329.0,"[{""bbox"": [306, 158, 38, 38], ""centroid"": [324.88412340105344, 176.40895410082769], ""area_px"": 1329.0, ""has_hole"": true}, {""bbox"": [328, 210, 18, 20], ""centroid"": [336.6358126721763, 219.53884297520662], ""area_px"": 302.5, ""has_hole"": true}]",0.0,0.0,0.0,0.0,
1784258428.1981254,WAITING_FOR_ARM,RESETTING,,0,506016,True,3,1,0.9980693861083979,0,False,,0.0019306138916021429,0,324.88818249813016,176.45574669658438,1337.0,"[{""bbox"": [306, 158, 38, 38], ""centroid"": [324.88818249813016, 176.45574669658438], ""area_px"": 1337.0, ""has_hole"": true}]",0.0,0.0,0.0,0.0,
1784258428.2180405,WAITING_FOR_ARM,RESETTING,,0,506016,True,3,1,0.9980693861083979,0,False,,0.0019306138916021429,0,324.88818249813016,176.45574669658438,1337.0,"[{""bbox"": [306, 158, 38, 38], ""centroid"": [324.88818249813016, 176.45574669658438], ""area_px"": 1337.0, ""has_hole"": true}]",0.0,0.0,0.0,0.0,
1784258428.238206,WAITING_FOR_ARM,RESETTING,,0,506017,True,3,1,0.9990612678186451,0,False,,0.0009387321813548742,0,324.8519490254873,176.41816591704148,1334.0,"[{""bbox"": [306, 158, 38, 38], ""centroid"": [324.8519490254873, 176.41816591704148], ""area_px"": 1334.0, ""has_hole"": true}]",0.0,0.0,0.0,0.0,
1784258428.2583148,WAITING_FOR_ARM,RESETTING,,0,506018,True,3,1,0.9996941885852426,0,False,,0.00030581141475734426,0,324.8657164291073,176.42673168292072,1333.0,"[{""bbox"": [306, 158, 38, 38], ""centroid"": [324.8657164291073, 176.42673168292072], ""area_px"": 1333.0, ""has_hole"": true}]",0.0,0.0,0.0,0.0,
1784258428.2783635,WAITING_FOR_ARM,RESETTING,,0,506018,True,3,1,0.9996941885852426,0,False,,0.00030581141475734426,0,324.8657164291073,176.42673168292072,1333.0,"[{""bbox"": [306, 158, 38, 38], ""centroid"": [324.8657164291073, 176.42673168292072], ""area_px"": 1333.0, ""has_hole"": true}]",0.0,0.0,0.0,0.0,
1784258428.298095,WAITING_FOR_ARM,RESETTING,,0,506018,True,3,1,0.9996941885852426,0,False,,0.00030581141475734426,0,324.8657164291073,176.42673168292072,1333.0,"[{""bbox"": [306, 158, 38, 38], ""centroid"": [324.8657164291073, 176.42673168292072], ""area_px"": 1333.0, ""has_hole"": true}]",0.0,0.0,0.0,0.0,
1784258428.318101,WAITING_FOR_ARM,RESETTING,,0,506019,True,3,1,0.9994797953964253,0,False,,0.0005202046035747303,0,324.86029962546814,176.44369538077402,1335.0,"[{""bbox"": [306, 158, 38, 38], ""centroid"": [324.86029962546814, 176.44369538077402], ""area_px"": 1335.0, ""has_hole"": true}]",0.0,0.0,0.0,0.0,
1784258428.3380587,WAITING_FOR_ARM,RESETTING,,0,506020,True,3,1,0.9993996869172975,0,False,,0.0006003130827025025,0,324.8878469617404,176.45711427856963,1333.0,"[{""bbox"": [306, 158, 38, 38], ""centroid"": [324.8878469617404, 176.45711427856963], ""area_px"": 1333.0, ""has_hole"": true}]",0.0,0.0,0.0,0.0,
1784258428.357972,WAITING_FOR_ARM,RESETTING,,0,506020,True,3,1,0.9993996869172975,0,False,,0.0006003130827025025,0,324.8878469617404,176.45711427856963,1333.0,"[{""bbox"": [306, 158, 38, 38], ""centroid"": [324.8878469617404, 176.45711427856963], ""area_px"": 1333.0, ""has_hole"": true}]",0.0,0.0,0.0,0.0,
1784258428.378107,WAITING_FOR_ARM,RESETTING,,0,506021,True,3,1,0.9988559614027676,0,False,,0.0011440385972324245,0,324.91497366440933,176.41284173564082,1329.0,"[{""bbox"": [306, 158, 38, 38], ""centroid"": [324.91497366440933, 176.41284173564082], ""area_px"": 1329.0, ""has_hole"": true}]",0.0,0.0,0.0,0.0,
1784258428.398225,WAITING_FOR_ARM,RESETTING,,0,506022,True,3,1,0.9993978343977248,0,False,,0.0006021656022752283,0,324.88730277986474,176.39944903581267,1331.0,"[{""bbox"": [306, 158, 38, 38], ""centroid"": [324.88730277986474, 176.39944903581267], ""area_px"": 1331.0, ""has_hole"": true}]",0.0,0.0,0.0,0.0,
1784258428.4179397,WAITING_FOR_ARM,RESETTING,,0,506022,True,3,1,0.9993978343977248,0,False,,0.0006021656022752283,0,324.88730277986474,176.39944903581267,1331.0,"[{""bbox"": [306, 158, 38, 38], ""centroid"": [324.88730277986474, 176.39944903581267], ""area_px"": 1331.0, ""has_hole"": true}]",0.0,0.0,0.0,0.0,
1784258428.4378638,WAITING_FOR_ARM,RESETTING,,0,506023,True,3,2,0.9991837475831622,0,False,,0.0008162524168378222,0,324.856071964018,176.40792103948024,1334.0,"[{""bbox"": [306, 158, 38, 38], ""centroid"": [324.856071964018, 176.40792103948024], ""area_px"": 1334.0, ""has_hole"": true}, {""bbox"": [328, 210, 18, 20], ""centroid"": [336.5394736842105, 219.23684210526315], ""area_px"": 304.0, ""has_hole"": true}]",0.0,0.0,0.0,0.0,
1784258428.4581907,WAITING_FOR_ARM,RESETTING,,0,506024,True,3,2,0.9993121408907288,0,False,,0.0006878591092711092,0,324.8364520958084,176.44810379241517,1336.0,"[{""bbox"": [306, 158, 38, 38], ""centroid"": [324.8364520958084, 176.44810379241517], ""area_px"": 1336.0, ""has_hole"": true}, {""bbox"": [328, 210, 18, 20], ""centroid"": [336.5734417344173, 219.28130081300813], ""area_px"": 307.5, ""has_hole"": true}]",0.0,0.0,0.0,0.0,
1784258428.4780002,WAITING_FOR_ARM,RESETTING,,0,506024,True,3,2,0.9993121408907288,0,False,,0.0006878591092711092,0,324.8364520958084,176.44810379241517,1336.0,"[{""bbox"": [306, 158, 38, 38], ""centroid"": [324.8364520958084, 176.44810379241517], ""area_px"": 1336.0, ""has_hole"": true}, {""bbox"": [328, 210, 18, 20], ""centroid"": [336.5734417344173, 219.28130081300813], ""area_px"": 307.5, ""has_hole"": true}]",0.0,0.0,0.0,0.0,
1784258428.4981596,WAITING_FOR_ARM,RESETTING,,0,506025,True,4,2,1.0,0,True,acquired,,0,324.8740629685157,176.44027986006995,1334.0,"[{""bbox"": [306, 158, 38, 38], ""centroid"": [324.8740629685157, 176.44027986006995], ""area_px"": 1334.0, ""has_hole"": true}, {""bbox"": [328, 210, 18, 20], ""centroid"": [336.51960784313724, 219.23856209150327], ""area_px"": 306.0, ""has_hole"": true}]",0.0,0.0,0.0,0.0,
1784258428.517794,WAITING_FOR_ARM,RESETTING,,0,506025,True,4,2,1.0,0,True,acquired,,0,324.8740629685157,176.44027986006995,1334.0,"[{""bbox"": [306, 158, 38, 38], ""centroid"": [324.8740629685157, 176.44027986006995], ""area_px"": 1334.0, ""has_hole"": true}, {""bbox"": [328, 210, 18, 20], ""centroid"": [336.51960784313724, 219.23856209150327], ""area_px"": 306.0, ""has_hole"": true}]",0.0,0.0,0.0,0.0,
1784258428.5380487,WAITING_FOR_ARM,RESETTING,,0,506026,True,4,2,0.9991101945711116,0,False,,0.00088980542888835,0,324.8329593617552,176.42358514086263,1337.0,"[{""bbox"": [306, 158, 38, 38], ""centroid"": [324.8329593617552, 176.42358514086263], ""area_px"": 1337.0, ""has_hole"": true}, {""bbox"": [328, 210, 18, 20], ""centroid"": [336.5016286644951, 219.2100977198697], ""area_px"": 307.0, ""has_hole"": true}]",0.0,0.0,0.0,0.0,
1784258428.5579445,WAITING_FOR_ARM,RESETTING,,0,506027,True,4,2,0.9989771011601832,0,False,,0.0010228988398168042,0,324.8657164291073,176.42673168292072,1333.0,"[{""bbox"": [306, 158, 38, 38], ""centroid"": [324.8657164291073, 176.42673168292072], ""area_px"": 1333.0, ""has_hole"": true}, {""bbox"": [328, 210, 18, 20], ""centroid"": [336.5387096774194, 219.29946236559138], ""area_px"": 310.0, ""has_hole"": true}]",0.0,0.0,0.0,0.0,
1784258428.5777748,WAITING_FOR_ARM,RESETTING,,0,506027,True,4,2,0.9989771011601832,0,False,,0.0010228988398168042,0,324.8657164291073,176.42673168292072,1333.0,"[{""bbox"": [306, 158, 38, 38], ""centroid"": [324.8657164291073, 176.42673168292072], ""area_px"": 1333.0, ""has_hole"": true}, {""bbox"": [328, 210, 18, 20], ""centroid"": [336.5387096774194, 219.29946236559138], ""area_px"": 310.0, ""has_hole"": true}]",0.0,0.0,0.0,0.0,
1784258428.598126,WAITING_FOR_ARM,RESETTING,,0,506028,True,4,2,0.9997067813852466,0,False,,0.00029321861475341715,0,324.8693693693694,176.41303803803802,1332.0,"[{""bbox"": [306, 158, 38, 38], ""centroid"": [324.8693693693694, 176.41303803803802], ""area_px"": 1332.0, ""has_hole"": true}, {""bbox"": [328, 210, 18, 20], ""centroid"": [336.57570893525946, 219.34189406099517], ""area_px"": 311.5, ""has_hole"": true}]",0.0,0.0,0.0,0.0,
1784258428.6182797,WAITING_FOR_ARM,RESETTING,,0,506028,True,4,2,0.9997067813852466,0,False,,0.00029321861475341715,0,324.8693693693694,176.41303803803802,1332.0,"[{""bbox"": [306, 158, 38, 38], ""centroid"": [324.8693693693694, 176.41303803803802], ""area_px"": 1332.0, ""has_hole"": true}, {""bbox"": [328, 210, 18, 20], ""centroid"": [336.57570893525946, 219.34189406099517], ""area_px"": 311.5, ""has_hole"": true}]",0.0,0.0,0.0,0.0,
1784258428.6381264,WAITING_FOR_ARM,RESETTING,,0,506029,True,4,2,0.9997067813852466,0,False,,0.00029321861475340664,0,324.8657164291073,176.42673168292072,1333.0,"[{""bbox"": [306, 158, 38, 38], ""centroid"": [324.8657164291073, 176.42673168292072], ""area_px"": 1333.0, ""has_hole"": true}, {""bbox"": [328, 210, 18, 20], ""centroid"": [336.5242718446602, 219.26968716289102], ""area_px"": 309.0, ""has_hole"": true}]",0.0,0.0,0.0,0.0,
1784258428.6580374,WAITING_FOR_ARM,RESETTING,,0,506030,True,4,2,0.9997054593410054,0,False,,0.0002945406589946,0,324.87012012012013,176.41303803803802,1332.0,"[{""bbox"": [306, 158, 38, 38], ""centroid"": [324.87012012012013, 176.41303803803802], ""area_px"": 1332.0, ""has_hole"": true}, {""bbox"": [328, 210, 18, 20], ""centroid"": [336.5194805194805, 219.2397186147186], ""area_px"": 308.0, ""has_hole"": true}]",0.0,0.0,0.0,0.0,
1784258428.6781254,WAITING_FOR_ARM,RESETTING,,0,506030,True,4,2,0.9997054593410054,0,False,,0.0002945406589946,0,324.87012012012013,176.41303803803802,1332.0,"[{""bbox"": [306, 158, 38, 38], ""centroid"": [324.87012012012013, 176.41303803803802], ""area_px"": 1332.0, ""has_hole"": true}, {""bbox"": [328, 210, 18, 20], ""centroid"": [336.5194805194805, 219.2397186147186], ""area_px"": 308.0, ""has_hole"": true}]",0.0,0.0,0.0,0.0,
1784258428.6980116,WAITING_FOR_ARM,RESETTING,,0,506031,True,4,2,0.9986620907752799,0,False,,0.0013379092247200611,0,324.7992764471058,176.36926147704588,1336.0,"[{""bbox"": [306, 158, 38, 38], ""centroid"": [324.7992764471058, 176.36926147704588], ""area_px"": 1336.0, ""has_hole"": true}, {""bbox"": [328, 210, 18, 20], ""centroid"": [336.5492115280043, 219.19303969548665], ""area_px"": 306.5, ""has_hole"": true}]",0.0,0.0,0.0,0.0,
1784258428.7182565,WAITING_FOR_ARM,RESETTING,,0,506031,True,4,2,0.9986620907752799,0,False,,0.0013379092247200611,0,324.7992764471058,176.36926147704588,1336.0,"[{""bbox"": [306, 158, 38, 38], ""centroid"": [324.7992764471058, 176.36926147704588], ""area_px"": 1336.0, ""has_hole"": true}, {""bbox"": [328, 210, 18, 20], ""centroid"": [336.5492115280043, 219.19303969548665], ""area_px"": 306.5, ""has_hole"": true}]",0.0,0.0,0.0,0.0,
1784258428.7401202,WAITING_FOR_ARM,RESETTING,,0,506032,True,4,2,0.9985559514050233,0,False,,0.0014440485949767136,0,324.85907960199,176.45024875621888,1340.0,"[{""bbox"": [306, 158, 38, 38], ""centroid"": [324.85907960199, 176.45024875621888], ""area_px"": 1340.0, ""has_hole"": true}, {""bbox"": [328, 210, 18, 20], ""centroid"": [336.51644736842104, 219.11787280701753], ""area_px"": 304.0, ""has_hole"": true}]",0.0,0.0,0.0,0.0,
1784258428.7582734,WAITING_FOR_ARM,RESETTING,,0,506032,True,4,2,0.9985559514050233,0,False,,0.0014440485949767136,0,324.85907960199,176.45024875621888,1340.0,"[{""bbox"": [306, 158, 38, 38], ""centroid"": [324.85907960199, 176.45024875621888], ""area_px"": 1340.0, ""has_hole"": true}, {""bbox"": [328, 210, 18, 20], ""centroid"": [336.51644736842104, 219.11787280701753], ""area_px"": 304.0, ""has_hole"": true}]",0.0,0.0,0.0,0.0,
1784258428.7778678,WAITING_FOR_ARM,RESETTING,,0,506033,True,4,2,0.9996053099408196,0,False,,0.0003946900591803585,0,324.8760268857356,176.4757281553398,1339.0,"[{""bbox"": [306, 158, 38, 38], ""centroid"": [324.8760268857356, 176.4757281553398], ""area_px"": 1339.0, ""has_hole"": true}, {""bbox"": [328, 210, 18, 20], ""centroid"": [336.58429434376717, 219.21965952773198], ""area_px"": 303.5, ""has_hole"": true}]",0.0,0.0,0.0,0.0,
1784258428.7978413,WAITING_FOR_ARM,RESETTING,,0,506034,True,4,2,0.9964160939981058,0,False,,0.0035839060018941983,0,324.854465408805,176.58842767295596,1325.0,"[{""bbox"": [306, 158, 38, 38], ""centroid"": [324.854465408805, 176.58842767295596], ""area_px"": 1325.0, ""has_hole"": true}, {""bbox"": [328, 210, 18, 20], ""centroid"": [336.481723949809, 219.1620294599018], ""area_px"": 305.5, ""has_hole"": true}]",0.0,0.0,0.0,0.0,
1784258428.817893,WAITING_FOR_ARM,RESETTING,,0,506034,True,4,2,0.9964160939981058,0,False,,0.0035839060018941983,0,324.854465408805,176.58842767295596,1325.0,"[{""bbox"": [306, 158, 38, 38], ""centroid"": [324.854465408805, 176.58842767295596], ""area_px"": 1325.0, ""has_hole"": true}, {""bbox"": [328, 210, 18, 20], ""centroid"": [336.481723949809, 219.1620294599018], ""area_px"": 305.5, ""has_hole"": true}]",0.0,0.0,0.0,0.0,
1784258428.838311,WAITING_FOR_ARM,RESETTING,,0,506035,True,4,2,0.9976264925987512,0,False,,0.0023735074012487638,0,324.774826059456,176.69386464263124,1317.5,"[{""bbox"": [306, 158, 38, 38], ""centroid"": [324.774826059456, 176.69386464263124], ""area_px"": 1317.5, ""has_hole"": true}, {""bbox"": [328, 210, 18, 20], ""centroid"": [336.5326797385621, 219.17864923747274], ""area_px"": 306.0, ""has_hole"": true}]",0.0,0.0,0.0,0.0,
1784258428.8584223,WAITING_FOR_ARM,RESETTING,,0,506035,True,4,2,0.9976264925987512,0,False,,0.0023735074012487638,0,324.774826059456,176.69386464263124,1317.5,"[{""bbox"": [306, 158, 38, 38], ""centroid"": [324.774826059456, 176.69386464263124], ""area_px"": 1317.5, ""has_hole"": true}, {""bbox"": [328, 210, 18, 20], ""centroid"": [336.5326797385621, 219.17864923747274], ""area_px"": 306.0, ""has_hole"": true}]",0.0,0.0,0.0,0.0,
1784258428.8777895,WAITING_FOR_ARM,RESETTING,,0,506036,True,4,2,0.9992514758576324,0,False,,0.00074852414236761,0,324.807702020202,176.67676767676767,1320.0,"[{""bbox"": [306, 158, 38, 38], ""centroid"": [324.807702020202, 176.67676767676767], ""area_px"": 1320.0, ""has_hole"": true}, {""bbox"": [328, 210, 18, 20], ""centroid"": [336.6104808211777, 219.25337655321445], ""area_px"": 308.5, ""has_hole"": true}]",0.0,0.0,0.0,0.0,
1784258428.8981276,WAITING_FOR_ARM,RESETTING,,0,506036,True,4,2,0.9992514758576324,0,False,,0.00074852414236761,0,324.807702020202,176.67676767676767,1320.0,"[{""bbox"": [306, 158, 38, 38], ""centroid"": [324.807702020202, 176.67676767676767], ""area_px"": 1320.0, ""has_hole"": true}, {""bbox"": [328, 210, 18, 20], ""centroid"": [336.6104808211777, 219.25337655321445], ""area_px"": 308.5, ""has_hole"": true}]",0.0,0.0,0.0,0.0,
1784258428.9190414,WAITING_FOR_ARM,RESETTING,,0,506036,True,4,2,0.9992514758576324,0,False,,0.00074852414236761,0,324.807702020202,176.67676767676767,1320.0,"[{""bbox"": [306, 158, 38, 38], ""centroid"": [324.807702020202, 176.67676767676767], ""area_px"": 1320.0, ""has_hole"": true}, {""bbox"": [328, 210, 18, 20], ""centroid"": [336.6104808211777, 219.25337655321445], ""area_px"": 308.5, ""has_hole"": true}]",0.0,0.0,0.0,0.0,
1784258428.9380217,WAITING_FOR_ARM,RESETTING,,0,506036,True,4,2,0.9992514758576324,0,False,,0.00074852414236761,0,324.807702020202,176.67676767676767,1320.0,"[{""bbox"": [306, 158, 38, 38], ""centroid"": [324.807702020202, 176.67676767676767], ""area_px"": 1320.0, ""has_hole"": true}, {""bbox"": [328, 210, 18, 20], ""centroid"": [336.6104808211777, 219.25337655321445], ""area_px"": 308.5, ""has_hole"": true}]",0.0,0.0,0.0,0.0,
1784258428.9580066,WAITING_FOR_ARM,RESETTING,,0,506036,True,4,2,0.9992514758576324,0,False,,0.00074852414236761,0,324.807702020202,176.67676767676767,1320.0,"[{""bbox"": [306, 158, 38, 38], ""centroid"": [324.807702020202, 176.67676767676767], ""area_px"": 1320.0, ""has_hole"": true}, {""bbox"": [328, 210, 18, 20], ""centroid"": [336.6104808211777, 219.25337655321445], ""area_px"": 308.5, ""has_hole"": true}]",0.0,0.0,0.0,0.0,
1784258428.9786866,WAITING_FOR_ARM,RESETTING,,0,506036,True,4,2,0.9992514758576324,0,False,,0.00074852414236761,0,324.807702020202,176.67676767676767,1320.0,"[{""bbox"": [306, 158, 38, 38], ""centroid"": [324.807702020202, 176.67676767676767], ""area_px"": 1320.0, ""has_hole"": true}, {""bbox"": [328, 210, 18, 20], ""centroid"": [336.6104808211777, 219.25337655321445], ""area_px"": 308.5, ""has_hole"": true}]",0.0,0.0,0.0,0.0,
1784258428.9981997,WAITING_FOR_ARM,RESETTING,,0,506036,True,4,2,0.9992514758576324,0,False,,0.00074852414236761,0,324.807702020202,176.67676767676767,1320.0,"[{""bbox"": [306, 158, 38, 38], ""centroid"": [324.807702020202, 176.67676767676767], ""area_px"": 1320.0, ""has_hole"": true}, {""bbox"": [328, 210, 18, 20], ""centroid"": [336.6104808211777, 219.25337655321445], ""area_px"": 308.5, ""has_hole"": true}]",0.0,0.0,0.0,0.0,
1784258429.0179415,WAITING_FOR_ARM,RESETTING,,0,506036,True,4,2,0.9992514758576324,0,False,,0.00074852414236761,0,324.807702020202,176.67676767676767,1320.0,"[{""bbox"": [306, 158, 38, 38], ""centroid"": [324.807702020202, 176.67676767676767], ""area_px"": 1320.0, ""has_hole"": true}, {""bbox"": [328, 210, 18, 20], ""centroid"": [336.6104808211777, 219.25337655321445], ""area_px"": 308.5, ""has_hole"": true}]",0.0,0.0,0.0,0.0,
1784258429.0381854,WAITING_FOR_ARM,RESETTING,,0,506036,True,4,2,0.9992514758576324,0,False,,0.00074852414236761,0,324.807702020202,176.67676767676767,1320.0,"[{""bbox"": [306, 158, 38, 38], ""centroid"": [324.807702020202, 176.67676767676767], ""area_px"": 1320.0, ""has_hole"": true}, {""bbox"": [328, 210, 18, 20], ""centroid"": [336.6104808211777, 219.25337655321445], ""area_px"": 308.5, ""has_hole"": true}]",0.0,0.0,0.0,0.0,
1784258429.0579226,WAITING_FOR_ARM,RESETTING,,0,506036,True,4,2,0.9992514758576324,0,False,,0.00074852414236761,0,324.807702020202,176.67676767676767,1320.0,"[{""bbox"": [306, 158, 38, 38], ""centroid"": [324.807702020202, 176.67676767676767], ""area_px"": 1320.0, ""has_hole"": true}, {""bbox"": [328, 210, 18, 20], ""centroid"": [336.6104808211777, 219.25337655321445], ""area_px"": 308.5, ""has_hole"": true}]",0.0,0.0,0.0,0.0,
1784258429.0791943,WAITING_FOR_ARM,RESETTING,,0,506036,True,4,2,0.9992514758576324,0,False,,0.00074852414236761,0,324.807702020202,176.67676767676767,1320.0,"[{""bbox"": [306, 158, 38, 38], ""centroid"": [324.807702020202, 176.67676767676767], ""area_px"": 1320.0, ""has_hole"": true}, {""bbox"": [328, 210, 18, 20], ""centroid"": [336.6104808211777, 219.25337655321445], ""area_px"": 308.5, ""has_hole"": true}]",0.0,0.0,0.0,0.0,
1784258429.098279,WAITING_FOR_ARM,RESETTING,,0,506036,True,4,2,0.9992514758576324,0,False,,0.00074852414236761,0,324.807702020202,176.67676767676767,1320.0,"[{""bbox"": [306, 158, 38, 38], ""centroid"": [324.807702020202, 176.67676767676767], ""area_px"": 1320.0, ""has_hole"": true}, {""bbox"": [328, 210, 18, 20], ""centroid"": [336.6104808211777, 219.25337655321445], ""area_px"": 308.5, ""has_hole"": true}]",0.0,0.0,0.0,0.0,
1784258429.11786,WAITING_FOR_ARM,RESETTING,,0,506036,True,4,2,0.9992514758576324,0,False,,0.00074852414236761,0,324.807702020202,176.67676767676767,1320.0,"[{""bbox"": [306, 158, 38, 38], ""centroid"": [324.807702020202, 176.67676767676767], ""area_px"": 1320.0, ""has_hole"": true}, {""bbox"": [328, 210, 18, 20], ""centroid"": [336.6104808211777, 219.25337655321445], ""area_px"": 308.5, ""has_hole"": true}]",0.0,0.0,0.0,0.0,
1784258429.138,WAITING_FOR_ARM,RESETTING,,0,506036,True,4,2,0.9992514758576324,0,False,,0.00074852414236761,0,324.807702020202,176.67676767676767,1320.0,"[{""bbox"": [306, 158, 38, 38], ""centroid"": [324.807702020202, 176.67676767676767], ""area_px"": 1320.0, ""has_hole"": true}, {""bbox"": [328, 210, 18, 20], ""centroid"": [336.6104808211777, 219.25337655321445], ""area_px"": 308.5, ""has_hole"": true}]",0.0,0.0,0.0,0.0,
1784258429.1595747,WAITING_FOR_ARM,RESETTING,,0,506036,True,4,2,0.9992514758576324,0,False,,0.00074852414236761,0,324.807702020202,176.67676767676767,1320.0,"[{""bbox"": [306, 158, 38, 38], ""centroid"": [324.807702020202, 176.67676767676767], ""area_px"": 1320.0, ""has_hole"": true}, {""bbox"": [328, 210, 18, 20], ""centroid"": [336.6104808211777, 219.25337655321445], ""area_px"": 308.5, ""has_hole"": true}]",0.0,0.0,0.0,0.0,
1784258429.178052,WAITING_FOR_ARM,RESETTING,,0,506036,True,4,2,0.9992514758576324,0,False,,0.00074852414236761,0,324.807702020202,176.67676767676767,1320.0,"[{""bbox"": [306, 158, 38, 38], ""centroid"": [324.807702020202, 176.67676767676767], ""area_px"": 1320.0, ""has_hole"": true}, {""bbox"": [328, 210, 18, 20], ""centroid"": [336.6104808211777, 219.25337655321445], ""area_px"": 308.5, ""has_hole"": true}]",0.0,0.0,0.0,0.0,
1784258429.199044,WAITING_FOR_ARM,RESETTING,,0,506036,True,4,2,0.9992514758576324,0,False,,0.00074852414236761,0,324.807702020202,176.67676767676767,1320.0,"[{""bbox"": [306, 158, 38, 38], ""centroid"": [324.807702020202, 176.67676767676767], ""area_px"": 1320.0, ""has_hole"": true}, {""bbox"": [328, 210, 18, 20], ""centroid"": [336.6104808211777, 219.25337655321445], ""area_px"": 308.5, ""has_hole"": true}]",0.0,0.0,0.0,0.0,
1784258429.2184377,WAITING_FOR_ARM,RESETTING,,0,506036,True,4,2,0.9992514758576324,0,False,,0.00074852414236761,0,324.807702020202,176.67676767676767,1320.0,"[{""bbox"": [306, 158, 38, 38], ""centroid"": [324.807702020202, 176.67676767676767], ""area_px"": 1320.0, ""has_hole"": true}, {""bbox"": [328, 210, 18, 20], ""centroid"": [336.6104808211777, 219.25337655321445], ""area_px"": 308.5, ""has_hole"": true}]",0.0,0.0,0.0,0.0,
1784258429.2379096,WAITING_FOR_ARM,RESETTING,,0,506036,True,4,2,0.9992514758576324,0,False,,0.00074852414236761,0,324.807702020202,176.67676767676767,1320.0,"[{""bbox"": [306, 158, 38, 38], ""centroid"": [324.807702020202, 176.67676767676767], ""area_px"": 1320.0, ""has_hole"": true}, {""bbox"": [328, 210, 18, 20], ""centroid"": [336.6104808211777, 219.25337655321445], ""area_px"": 308.5, ""has_hole"": true}]",0.0,0.0,0.0,0.0,
1784258429.2577672,WAITING_FOR_ARM,RESETTING,,0,506036,True,4,2,0.9992514758576324,0,False,,0.00074852414236761,0,324.807702020202,176.67676767676767,1320.0,"[{""bbox"": [306, 158, 38, 38], ""centroid"": [324.807702020202, 176.67676767676767], ""area_px"": 1320.0, ""has_hole"": true}, {""bbox"": [328, 210, 18, 20], ""centroid"": [336.6104808211777, 219.25337655321445], ""area_px"": 308.5, ""has_hole"": true}]",0.0,0.0,0.0,0.0,
1784258429.2781591,WAITING_FOR_ARM,RESETTING,,0,506038,True,4,2,1.0,0,False,,0.0,0,324.8481172605509,176.68562041950972,1319.0,"[{""bbox"": [306, 158, 38, 38], ""centroid"": [324.8481172605509, 176.68562041950972], ""area_px"": 1319.0, ""has_hole"": true}, {""bbox"": [328, 210, 18, 20], ""centroid"": [336.6020463112547, 219.28325255788903], ""area_px"": 309.5, ""has_hole"": true}]",0.0,0.0,0.0,0.0,
1784258429.2978587,WAITING_FOR_ARM,RESETTING,,0,506045,True,4,2,1.0,0,False,,0.0,0,324.8481172605509,176.68562041950972,1319.0,"[{""bbox"": [306, 158, 38, 38], ""centroid"": [324.8481172605509, 176.68562041950972], ""area_px"": 1319.0, ""has_hole"": true}, {""bbox"": [328, 210, 18, 20], ""centroid"": [336.6020463112547, 219.28325255788903], ""area_px"": 309.5, ""has_hole"": true}]",0.0,0.0,0.0,0.0,
1784258429.3177607,WAITING_FOR_ARM,RESETTING,,0,506048,True,4,2,1.0,0,False,,0.0,0,324.8481172605509,176.68562041950972,1319.0,"[{""bbox"": [306, 158, 38, 38], ""centroid"": [324.8481172605509, 176.68562041950972], ""area_px"": 1319.0, ""has_hole"": true}, {""bbox"": [328, 210, 18, 20], ""centroid"": [336.6020463112547, 219.28325255788903], ""area_px"": 309.5, ""has_hole"": true}]",0.0,0.0,0.0,0.0,
1784258429.3377607,WAITING_FOR_ARM,RESETTING,,0,506049,True,4,1,0.9959143496911612,0,False,,0.004085650308838832,0,324.8861758076634,176.4297520661157,1331.0,"[{""bbox"": [306, 158, 38, 38], ""centroid"": [324.8861758076634, 176.4297520661157], ""area_px"": 1331.0, ""has_hole"": true}]",0.0,0.0,0.0,0.0,
1784258429.357726,WAITING_FOR_ARM,RESETTING,,0,506049,True,4,1,0.9959143496911612,0,False,,0.004085650308838832,0,324.8861758076634,176.4297520661157,1331.0,"[{""bbox"": [306, 158, 38, 38], ""centroid"": [324.8861758076634, 176.4297520661157], ""area_px"": 1331.0, ""has_hole"": true}]",0.0,0.0,0.0,0.0,
1784258429.3781276,WAITING_FOR_ARM,RESETTING,,0,506049,True,4,1,0.9959143496911612,0,False,,0.004085650308838832,0,324.8861758076634,176.4297520661157,1331.0,"[{""bbox"": [306, 158, 38, 38], ""centroid"": [324.8861758076634, 176.4297520661157], ""area_px"": 1331.0, ""has_hole"": true}]",0.0,0.0,0.0,0.0,
1784258429.3980067,WAITING_FOR_ARM,RESETTING,,0,506049,True,4,1,0.9959143496911612,0,False,,0.004085650308838832,0,324.8861758076634,176.4297520661157,1331.0,"[{""bbox"": [306, 158, 38, 38], ""centroid"": [324.8861758076634, 176.4297520661157], ""area_px"": 1331.0, ""has_hole"": true}]",0.0,0.0,0.0,0.0,
1784258429.4182456,WAITING_FOR_ARM,RESETTING,,0,506049,True,4,1,0.9959143496911612,0,False,,0.004085650308838832,0,324.8861758076634,176.4297520661157,1331.0,"[{""bbox"": [306, 158, 38, 38], ""centroid"": [324.8861758076634, 176.4297520661157], ""area_px"": 1331.0, ""has_hole"": true}]",0.0,0.0,0.0,0.0,
1784258429.4378302,WAITING_FOR_ARM,RESETTING,,0,506049,True,4,1,0.9959143496911612,0,False,,0.004085650308838832,0,324.8861758076634,176.4297520661157,1331.0,"[{""bbox"": [306, 158, 38, 38], ""centroid"": [324.8861758076634, 176.4297520661157], ""area_px"": 1331.0, ""has_hole"": true}]",0.0,0.0,0.0,0.0,
1784258429.4579234,WAITING_FOR_ARM,RESETTING,,0,506049,True,4,1,0.9959143496911612,0,False,,0.004085650308838832,0,324.8861758076634,176.4297520661157,1331.0,"[{""bbox"": [306, 158, 38, 38], ""centroid"": [324.8861758076634, 176.4297520661157], ""area_px"": 1331.0, ""has_hole"": true}]",0.0,0.0,0.0,0.0,
1784258429.4782434,WAITING_FOR_ARM,RESETTING,,0,506049,True,4,1,0.9959143496911612,0,False,,0.004085650308838832,0,324.8861758076634,176.4297520661157,1331.0,"[{""bbox"": [306, 158, 38, 38], ""centroid"": [324.8861758076634, 176.4297520661157], ""area_px"": 1331.0, ""has_hole"": true}]",0.0,0.0,0.0,0.0,
1784258429.4981277,WAITING_FOR_ARM,RESETTING,,0,506049,True,4,1,0.9959143496911612,0,False,,0.004085650308838832,0,324.8861758076634,176.4297520661157,1331.0,"[{""bbox"": [306, 158, 38, 38], ""centroid"": [324.8861758076634, 176.4297520661157], ""area_px"": 1331.0, ""has_hole"": true}]",0.0,0.0,0.0,0.0,
1784258429.5185583,WAITING_FOR_ARM,RESETTING,,0,506049,True,4,1,0.9959143496911612,0,False,,0.004085650308838832,0,324.8861758076634,176.4297520661157,1331.0,"[{""bbox"": [306, 158, 38, 38], ""centroid"": [324.8861758076634, 176.4297520661157], ""area_px"": 1331.0, ""has_hole"": true}]",0.0,0.0,0.0,0.0,
1784258429.5379894,WAITING_FOR_ARM,RESETTING,,0,506049,True,4,1,0.9959143496911612,0,False,,0.004085650308838832,0,324.8861758076634,176.4297520661157,1331.0,"[{""bbox"": [306, 158, 38, 38], ""centroid"": [324.8861758076634, 176.4297520661157], ""area_px"": 1331.0, ""has_hole"": true}]",0.0,0.0,0.0,0.0,
1784258429.5579922,WAITING_FOR_ARM,RESETTING,,0,506049,True,4,1,0.9959143496911612,0,False,,0.004085650308838832,0,324.8861758076634,176.4297520661157,1331.0,"[{""bbox"": [306, 158, 38, 38], ""centroid"": [324.8861758076634, 176.4297520661157], ""area_px"": 1331.0, ""has_hole"": true}]",0.0,0.0,0.0,0.0,
1784258429.5778306,WAITING_FOR_ARM,RESETTING,,0,506049,True,4,1,0.9959143496911612,0,False,,0.004085650308838832,0,324.8861758076634,176.4297520661157,1331.0,"[{""bbox"": [306, 158, 38, 38], ""centroid"": [324.8861758076634, 176.4297520661157], ""area_px"": 1331.0, ""has_hole"": true}]",0.0,0.0,0.0,0.0,
1784258429.5982232,WAITING_FOR_ARM,RESETTING,,0,506049,True,4,1,0.9959143496911612,0,False,,0.004085650308838832,0,324.8861758076634,176.4297520661157,1331.0,"[{""bbox"": [306, 158, 38, 38], ""centroid"": [324.8861758076634, 176.4297520661157], ""area_px"": 1331.0, ""has_hole"": true}]",0.0,0.0,0.0,0.0,
1784258429.6177711,WAITING_FOR_ARM,RESETTING,,0,506049,True,4,1,0.9959143496911612,0,False,,0.004085650308838832,0,324.8861758076634,176.4297520661157,1331.0,"[{""bbox"": [306, 158, 38, 38], ""centroid"": [324.8861758076634, 176.4297520661157], ""area_px"": 1331.0, ""has_hole"": true}]",0.0,0.0,0.0,0.0,
1784258429.6377354,WAITING_FOR_ARM,RESETTING,,0,506050,True,4,1,0.9983169728007073,0,False,,0.0016830271992926858,0,324.89358490566036,176.35798742138363,1325.0,"[{""bbox"": [306, 158, 38, 38], ""centroid"": [324.89358490566036, 176.35798742138363], ""area_px"": 1325.0, ""has_hole"": true}]",0.0,0.0,0.0,0.0,
1784258429.6577897,WAITING_FOR_ARM,RESETTING,,0,506050,True,4,1,0.9983169728007073,0,False,,0.0016830271992926858,0,324.89358490566036,176.35798742138363,1325.0,"[{""bbox"": [306, 158, 38, 38], ""centroid"": [324.89358490566036, 176.35798742138363], ""area_px"": 1325.0, ""has_hole"": true}]",0.0,0.0,0.0,0.0,
1784258429.6779976,WAITING_FOR_ARM,RESETTING,,0,506051,True,4,1,0.9997078214099805,0,False,,0.00029217859001955864,0,324.89441930618403,176.37179487179486,1326.0,"[{""bbox"": [306, 158, 38, 38], ""centroid"": [324.89441930618403, 176.37179487179486], ""area_px"": 1326.0, ""has_hole"": true}]",0.0,0.0,0.0,0.0,
1784258429.7013657,WAITING_FOR_ARM,RESETTING,,0,506055,True,4,1,1.0,0,False,,0.0,0,324.89441930618403,176.37179487179486,1326.0,"[{""bbox"": [306, 158, 38, 38], ""centroid"": [324.89441930618403, 176.37179487179486], ""area_px"": 1326.0, ""has_hole"": true}]",0.0,0.0,0.0,0.0,
1784258429.7180486,WAITING_FOR_ARM,RESETTING,,0,506060,True,4,1,1.0,0,False,,0.0,0,324.89441930618403,176.37179487179486,1326.0,"[{""bbox"": [306, 158, 38, 38], ""centroid"": [324.89441930618403, 176.37179487179486], ""area_px"": 1326.0, ""has_hole"": true}]",0.0,0.0,0.0,0.0,
1784258429.737922,WAITING_FOR_ARM,RESETTING,,0,506061,True,4,2,0.9980919795343246,0,False,,0.001908020465675368,0,324.8024274274274,176.31456456456456,1332.0,"[{""bbox"": [306, 158, 38, 38], ""centroid"": [324.8024274274274, 176.31456456456456], ""area_px"": 1332.0, ""has_hole"": true}, {""bbox"": [328, 210, 18, 20], ""centroid"": [336.48534201954396, 219.09229098805645], ""area_px"": 307.0, ""has_hole"": true}]",0.0,0.0,0.0,0.0,
1784258429.7587826,WAITING_FOR_ARM,RESETTING,,0,506062,True,4,2,0.997623182328555,0,False,,0.002376817671445042,0,324.88988540109614,176.47683109118086,1338.0,"[{""bbox"": [306, 158, 38, 38], ""centroid"": [324.88988540109614, 176.47683109118086], ""area_px"": 1338.0, ""has_hole"": true}, {""bbox"": [328, 210, 18, 20], ""centroid"": [336.48867313915855, 219.1526429341963], ""area_px"": 309.0, ""has_hole"": true}]",0.0,0.0,0.0,0.0,
1784258429.7786944,WAITING_FOR_ARM,RESETTING,,0,506063,True,4,2,0.9983721423967815,0,False,,0.0016278576032184907,0,324.8211715065773,176.4072970960536,1343.0,"[{""bbox"": [306, 158, 38, 38], ""centroid"": [324.8211715065773, 176.4072970960536], ""area_px"": 1343.0, ""has_hole"": true}, {""bbox"": [328, 210, 18, 20], ""centroid"": [336.52773290253094, 219.165858912224], ""area_px"": 309.5, ""has_hole"": true}]",0.0,0.0,0.0,0.0,
1784258429.7979853,WAITING_FOR_ARM,RESETTING,,0,506063,True,4,2,0.9983721423967815,0,False,,0.0016278576032184907,0,324.8211715065773,176.4072970960536,1343.0,"[{""bbox"": [306, 158, 38, 38], ""centroid"": [324.8211715065773, 176.4072970960536], ""area_px"": 1343.0, ""has_hole"": true}, {""bbox"": [328, 210, 18, 20], ""centroid"": [336.52773290253094, 219.165858912224], ""area_px"": 309.5, ""has_hole"": true}]",0.0,0.0,0.0,0.0,
1784258429.8180783,WAITING_FOR_ARM,RESETTING,,0,506064,True,4,2,0.996718779880352,0,False,,0.0032812201196480923,0,324.7444361090272,176.5908977244311,1333.0,"[{""bbox"": [306, 158, 38, 38], ""centroid"": [324.7444361090272, 176.5908977244311], ""area_px"": 1333.0, ""has_hole"": true}, {""bbox"": [328, 210, 18, 20], ""centroid"": [336.5632740980075, 219.16639741518577], ""area_px"": 309.5, ""has_hole"": true}]",0.0,0.0,0.0,0.0,
1784258429.8381097,WAITING_FOR_ARM,RESETTING,,0,506065,True,4,2,0.9979145068162263,0,False,,0.0020854931837736954,0,324.7061486231611,176.6695586571105,1325.5,"[{""bbox"": [306, 158, 38, 38], ""centroid"": [324.7061486231611, 176.6695586571105], ""area_px"": 1325.5, ""has_hole"": true}, {""bbox"": [328, 210, 18, 20], ""centroid"": [336.54889249054565, 219.1350621285791], ""area_px"": 308.5, ""has_hole"": true}]",0.0,0.0,0.0,0.0,
1784258429.8583982,WAITING_FOR_ARM,RESETTING,,0,506065,True,4,2,0.9979145068162263,0,False,,0.0020854931837736954,0,324.7061486231611,176.6695586571105,1325.5,"[{""bbox"": [306, 158, 38, 38], ""centroid"": [324.7061486231611, 176.6695586571105], ""area_px"": 1325.5, ""has_hole"": true}, {""bbox"": [328, 210, 18, 20], ""centroid"": [336.54889249054565, 219.1350621285791], ""area_px"": 308.5, ""has_hole"": true}]",0.0,0.0,0.0,0.0,
1784258429.879009,WAITING_FOR_ARM,RESETTING,,0,506066,True,4,2,0.9990497239990814,0,False,,0.0009502760009185666,0,324.7488342785129,176.63780718336483,1322.5,"[{""bbox"": [306, 158, 38, 38], ""centroid"": [324.7488342785129, 176.63780718336483], ""area_px"": 1322.5, ""has_hole"": true}, {""bbox"": [328, 210, 18, 20], ""centroid"": [336.55823939881907, 219.19592055823938], ""area_px"": 310.5, ""has_hole"": true}]",0.0,0.0,0.0,0.0,
1784258429.8985431,WAITING_FOR_ARM,RESETTING,,0,506066,True,4,2,0.9990497239990814,0,False,,0.0009502760009185666,0,324.7488342785129,176.63780718336483,1322.5,"[{""bbox"": [306, 158, 38, 38], ""centroid"": [324.7488342785129, 176.63780718336483], ""area_px"": 1322.5, ""has_hole"": true}, {""bbox"": [328, 210, 18, 20], ""centroid"": [336.55823939881907, 219.19592055823938], ""area_px"": 310.5, ""has_hole"": true}]",0.0,0.0,0.0,0.0,
1784258429.9182053,WAITING_FOR_ARM,RESETTING,,0,506067,True,4,2,0.9986240208516708,0,False,,0.0013759791483292307,0,324.8261088076391,176.5947983415002,1326.5,"[{""bbox"": [306, 158, 38, 38], ""centroid"": [324.8261088076391, 176.5947983415002], ""area_px"": 1326.5, ""has_hole"": true}, {""bbox"": [328, 210, 18, 20], ""centroid"": [336.56884635832, 219.28495481127058], ""area_px"": 313.5, ""has_hole"": true}]",0.0,0.0,0.0,0.0,
1784258429.9379942,WAITING_FOR_ARM,RESETTING,,0,506068,True,4,2,0.9984475449897257,0,False,,0.0015524550102743871,0,324.8272068017004,176.5597649412353,1333.0,"[{""bbox"": [306, 158, 38, 38], ""centroid"": [324.8272068017004, 176.5597649412353], ""area_px"": 1333.0, ""has_hole"": true}, {""bbox"": [328, 210, 18, 20], ""centroid"": [336.5144230769231, 219.23878205128204], ""area_px"": 312.0, ""has_hole"": true}]",0.0,0.0,0.0,0.0,
1784258429.9581666,WAITING_FOR_ARM,RESETTING,,0,506068,True,4,2,0.9984475449897257,0,False,,0.0015524550102743871,0,324.8272068017004,176.5597649412353,1333.0,"[{""bbox"": [306, 158, 38, 38], ""centroid"": [324.8272068017004, 176.5597649412353], ""area_px"": 1333.0, ""has_hole"": true}, {""bbox"": [328, 210, 18, 20], ""centroid"": [336.5144230769231, 219.23878205128204], ""area_px"": 312.0, ""has_hole"": true}]",0.0,0.0,0.0,0.0,
1784258429.9778466,WAITING_FOR_ARM,RESETTING,,0,506069,True,4,2,0.9989447651435813,0,False,,0.0010552348564186968,0,324.9018650644636,176.46601577168607,1331.5,"[{""bbox"": [306, 158, 38, 38], ""centroid"": [324.9018650644636, 176.46601577168607], ""area_px"": 1331.5, ""has_hole"": true}, {""bbox"": [328, 210, 18, 20], ""centroid"": [336.5660781166399, 219.22578919208132], ""area_px"": 311.5, ""has_hole"": true}]",0.0,0.0,0.0,0.0,
1784258429.9982884,WAITING_FOR_ARM,RESETTING,,0,506070,True,4,2,0.998946406489144,0,False,,0.0010535935108560044,0,324.895410082769,176.3796087283672,1329.0,"[{""bbox"": [306, 158, 38, 38], ""centroid"": [324.895410082769, 176.3796087283672], ""area_px"": 1329.0, ""has_hole"": true}, {""bbox"": [328, 210, 18, 20], ""centroid"": [336.52906666666667, 219.2549333333333], ""area_px"": 312.5, ""has_hole"": true}]",0.0,0.0,0.0,0.0,
1784258430.0178764,WAITING_FOR_ARM,RESETTING,,0,506070,True,4,2,0.998946406489144,0,False,,0.0010535935108560044,0,324.895410082769,176.3796087283672,1329.0,"[{""bbox"": [306, 158, 38, 38], ""centroid"": [324.895410082769, 176.3796087283672], ""area_px"": 1329.0, ""has_hole"": true}, {""bbox"": [328, 210, 18, 20], ""centroid"": [336.52906666666667, 219.2549333333333], ""area_px"": 312.5, ""has_hole"": true}]",0.0,0.0,0.0,0.0,
1784258430.0382173,WAITING_FOR_ARM,RESETTING,,0,506071,True,4,2,0.9989710037515906,0,False,,0.0010289962484094025,0,324.8657164291073,176.39509877469368,1333.0,"[{""bbox"": [306, 158, 38, 38], ""centroid"": [324.8657164291073, 176.39509877469368], ""area_px"": 1333.0, ""has_hole"": true}, {""bbox"": [328, 210, 18, 20], ""centroid"": [336.52906666666667, 219.2549333333333], ""area_px"": 312.5, ""has_hole"": true}]",0.0,0.0,0.0,0.0,
1784258430.0592492,WAITING_FOR_ARM,RESETTING,,0,506071,True,4,2,0.9989710037515906,0,False,,0.0010289962484094025,0,324.8657164291073,176.39509877469368,1333.0,"[{""bbox"": [306, 158, 38, 38], ""centroid"": [324.8657164291073, 176.39509877469368], ""area_px"": 1333.0, ""has_hole"": true}, {""bbox"": [328, 210, 18, 20], ""centroid"": [336.52906666666667, 219.2549333333333], ""area_px"": 312.5, ""has_hole"": true}]",0.0,0.0,0.0,0.0,
1784258430.077912,WAITING_FOR_ARM,RESETTING,,0,506072,True,4,2,0.9974965516015898,0,False,,0.0025034483984101748,0,324.9259259259259,176.35575711766188,1323.0,"[{""bbox"": [306, 158, 38, 38], ""centroid"": [324.9259259259259, 176.35575711766188], ""area_px"": 1323.0, ""has_hole"": true}, {""bbox"": [328, 210, 18, 20], ""centroid"": [336.54186666666664, 219.25386666666665], ""area_px"": 312.5, ""has_hole"": true}]",0.0,0.0,0.0,0.0,
1784258430.0980206,WAITING_FOR_ARM,RESETTING,,0,506072,True,4,2,0.9974965516015898,0,False,,0.0025034483984101748,0,324.9259259259259,176.35575711766188,1323.0,"[{""bbox"": [306, 158, 38, 38], ""centroid"": [324.9259259259259, 176.35575711766188], ""area_px"": 1323.0, ""has_hole"": true}, {""bbox"": [328, 210, 18, 20], ""centroid"": [336.54186666666664, 219.25386666666665], ""area_px"": 312.5, ""has_hole"": true}]",0.0,0.0,0.0,0.0,
1784258430.1181235,WAITING_FOR_ARM,RESETTING,,0,506073,True,4,2,0.9974391714348777,0,False,,0.00256082856512235,0,324.8460865216304,176.37009252313078,1333.0,"[{""bbox"": [306, 158, 38, 38], ""centroid"": [324.8460865216304, 176.37009252313078], ""area_px"": 1333.0, ""has_hole"": true}, {""bbox"": [328, 210, 18, 20], ""centroid"": [336.5794291868605, 219.2821755519655], ""area_px"": 309.5, ""has_hole"": true}]",0.0,0.0,0.0,0.0,
1784258430.1393023,WAITING_FOR_ARM,RESETTING,,0,506074,True,4,2,0.9996633223667232,0,False,,0.00033667763327680525,0,324.8671171171171,176.36799299299298,1332.0,"[{""bbox"": [306, 158, 38, 38], ""centroid"": [324.8671171171171, 176.36799299299298], ""area_px"": 1332.0, ""has_hole"": true}, {""bbox"": [328, 210, 18, 20], ""centroid"": [336.62629569012546, 219.45553737043096], ""area_px"": 305.5, ""has_hole"": true}]",0.0,0.0,0.0,0.0,
1784258430.1580026,WAITING_FOR_ARM,RESETTING,,0,506074,True,4,2,0.9996633223667232,0,False,,0.00033667763327680525,0,324.8671171171171,176.36799299299298,1332.0,"[{""bbox"": [306, 158, 38, 38], ""centroid"": [324.8671171171171, 176.36799299299298], ""area_px"": 1332.0, ""has_hole"": true}, {""bbox"": [328, 210, 18, 20], ""centroid"": [336.62629569012546, 219.45553737043096], ""area_px"": 305.5, ""has_hole"": true}]",0.0,0.0,0.0,0.0,
1784258430.1780882,WAITING_FOR_ARM,RESETTING,,0,506075,True,4,1,0.998765294897919,0,False,,0.001234705102081023,0,324.91378012048193,176.41516064257027,1328.0,"[{""bbox"": [306, 158, 38, 38], ""centroid"": [324.91378012048193, 176.41516064257027], ""area_px"": 1328.0, ""has_hole"": true}]",0.0,0.0,0.0,0.0,
1784258430.1981125,WAITING_FOR_ARM,RESETTING,,0,506075,True,4,1,0.998765294897919,0,False,,0.001234705102081023,0,324.91378012048193,176.41516064257027,1328.0,"[{""bbox"": [306, 158, 38, 38], ""centroid"": [324.91378012048193, 176.41516064257027], ""area_px"": 1328.0, ""has_hole"": true}]",0.0,0.0,0.0,0.0,
1784258430.2181625,WAITING_FOR_ARM,RESETTING,,0,506076,True,4,1,0.9997195590562672,0,False,,0.00028044094373275646,0,324.90406320541763,176.42224730373715,1329.0,"[{""bbox"": [306, 158, 38, 38], ""centroid"": [324.90406320541763, 176.42224730373715], ""area_px"": 1329.0, ""has_hole"": true}]",0.0,0.0,0.0,0.0,
1784258430.238229,WAITING_FOR_ARM,RESETTING,,0,506077,True,4,1,0.998650089158087,0,False,,0.0013499108419130277,0,324.8519490254873,176.4211644177911,1334.0,"[{""bbox"": [306, 158, 38, 38], ""centroid"": [324.8519490254873, 176.4211644177911], ""area_px"": 1334.0, ""has_hole"": true}]",0.0,0.0,0.0,0.0,
1784258430.2580926,WAITING_FOR_ARM,RESETTING,,0,506077,True,4,1,0.998650089158087,0,False,,0.0013499108419130277,0,324.8519490254873,176.4211644177911,1334.0,"[{""bbox"": [306, 158, 38, 38], ""centroid"": [324.8519490254873, 176.4211644177911], ""area_px"": 1334.0, ""has_hole"": true}]",0.0,0.0,0.0,0.0,
1784258430.2782476,WAITING_FOR_ARM,RESETTING,,0,506078,True,4,1,0.9994186427821782,0,False,,0.000581357217821806,0,324.8795045045045,176.42104604604603,1332.0,"[{""bbox"": [306, 158, 38, 38], ""centroid"": [324.8795045045045, 176.42104604604603], ""area_px"": 1332.0, ""has_hole"": true}]",0.0,0.0,0.0,0.0,
1784258430.2979062,WAITING_FOR_ARM,RESETTING,,0,506078,True,4,1,0.9994186427821782,0,False,,0.000581357217821806,0,324.8795045045045,176.42104604604603,1332.0,"[{""bbox"": [306, 158, 38, 38], ""centroid"": [324.8795045045045, 176.42104604604603], ""area_px"": 1332.0, ""has_hole"": true}]",0.0,0.0,0.0,0.0,
1784258430.317882,WAITING_FOR_ARM,RESETTING,,0,506079,True,4,1,0.9988387020270764,0,False,,0.0011612979729235925,0,324.8187265917603,176.3578027465668,1335.0,"[{""bbox"": [306, 158, 38, 38], ""centroid"": [324.8187265917603, 176.3578027465668], ""area_px"": 1335.0, ""has_hole"": true}]",0.0,0.0,0.0,0.0,
1784258430.3382237,WAITING_FOR_ARM,RESETTING,,0,506080,True,4,1,0.9985219786644405,0,False,,0.0014780213355595575,0,324.8959429000751,176.42987728524918,1331.0,"[{""bbox"": [306, 158, 38, 38], ""centroid"": [324.8959429000751, 176.42987728524918], ""area_px"": 1331.0, ""has_hole"": true}]",0.0,0.0,0.0,0.0,
1784258430.3581917,WAITING_FOR_ARM,RESETTING,,0,506080,True,4,1,0.9985219786644405,0,False,,0.0014780213355595575,0,324.8959429000751,176.42987728524918,1331.0,"[{""bbox"": [306, 158, 38, 38], ""centroid"": [324.8959429000751, 176.42987728524918], ""area_px"": 1331.0, ""has_hole"": true}]",0.0,0.0,0.0,0.0,
1784258430.3779194,WAITING_FOR_ARM,RESETTING,,0,506081,True,4,1,0.9988176844612829,0,False,,0.001182315538717095,0,324.87678975131877,176.37528259231348,1327.0,"[{""bbox"": [306, 158, 38, 38], ""centroid"": [324.87678975131877, 176.37528259231348], ""area_px"": 1327.0, ""has_hole"": true}]",0.0,0.0,0.0,0.0,
1784258430.397953,WAITING_FOR_ARM,RESETTING,,0,506081,True,4,1,0.9988176844612829,0,False,,0.001182315538717095,0,324.87678975131877,176.37528259231348,1327.0,"[{""bbox"": [306, 158, 38, 38], ""centroid"": [324.87678975131877, 176.37528259231348], ""area_px"": 1327.0, ""has_hole"": true}]",0.0,0.0,0.0,0.0,
1784258430.417924,WAITING_FOR_ARM,RESETTING,,0,506082,True,4,2,0.9984799533045552,0,False,,0.001520046695444777,0,324.8555888972243,176.41647911977995,1333.0,"[{""bbox"": [306, 158, 38, 38], ""centroid"": [324.8555888972243, 176.41647911977995], ""area_px"": 1333.0, ""has_hole"": true}, {""bbox"": [328, 210, 18, 20], ""centroid"": [336.645935624659, 219.45444626295688], ""area_px"": 305.5, ""has_hole"": true}]",0.0,0.0,0.0,0.0,
1784258430.438813,WAITING_FOR_ARM,RESETTING,,0,506083,True,4,2,0.9994818198841664,0,False,,0.0005181801158336468,0,324.8204647676162,176.38055972013993,1334.0,"[{""bbox"": [306, 158, 38, 38], ""centroid"": [324.8204647676162, 176.38055972013993], ""area_px"": 1334.0, ""has_hole"": true}, {""bbox"": [328, 210, 18, 20], ""centroid"": [336.6177270255574, 219.31049483414895], ""area_px"": 306.5, ""has_hole"": true}]",0.0,0.0,0.0,0.0,
1784258430.4581664,WAITING_FOR_ARM,RESETTING,,0,506083,True,4,2,0.9994818198841664,0,False,,0.0005181801158336468,0,324.8204647676162,176.38055972013993,1334.0,"[{""bbox"": [306, 158, 38, 38], ""centroid"": [324.8204647676162, 176.38055972013993], ""area_px"": 1334.0, ""has_hole"": true}, {""bbox"": [328, 210, 18, 20], ""centroid"": [336.6177270255574, 219.31049483414895], ""area_px"": 306.5, ""has_hole"": true}]",0.0,0.0,0.0,0.0,
1784258430.4781601,WAITING_FOR_ARM,RESETTING,,0,506084,True,4,2,0.9995626447716438,0,False,,0.0004373552283561921,0,324.8444611152788,176.40910227556887,1333.0,"[{""bbox"": [306, 158, 38, 38], ""centroid"": [324.8444611152788, 176.40910227556887], ""area_px"": 1333.0, ""has_hole"": true}, {""bbox"": [328, 210, 18, 20], ""centroid"": [336.56351791530943, 219.32681867535285], ""area_px"": 307.0, ""has_hole"": true}]",0.0,0.0,0.0,0.0,
1784258430.4980664,WAITING_FOR_ARM,RESETTING,,0,506084,True,4,2,0.9995626447716438,0,False,,0.0004373552283561921,0,324.8444611152788,176.40910227556887,1333.0,"[{""bbox"": [306, 158, 38, 38], ""centroid"": [324.8444611152788, 176.40910227556887], ""area_px"": 1333.0, ""has_hole"": true}, {""bbox"": [328, 210, 18, 20], ""centroid"": [336.56351791530943, 219.32681867535285], ""area_px"": 307.0, ""has_hole"": true}]",0.0,0.0,0.0,0.0,
1784258430.5180683,WAITING_FOR_ARM,RESETTING,,0,506085,True,4,2,0.9988669192092704,0,False,,0.0011330807907295871,0,324.7627245508982,176.39321357285428,1336.0,"[{""bbox"": [306, 158, 38, 38], ""centroid"": [324.7627245508982, 176.39321357285428], ""area_px"": 1336.0, ""has_hole"": true}, {""bbox"": [328, 210, 18, 20], ""centroid"": [336.55663430420714, 219.3279395900755], ""area_px"": 309.0, ""has_hole"": true}]",0.0,0.0,0.0,0.0,
1784258430.5383399,WAITING_FOR_ARM,RESETTING,,0,506085,True,4,2,0.9988669192092704,0,False,,0.0011330807907295871,0,324.7627245508982,176.39321357285428,1336.0,"[{""bbox"": [306, 158, 38, 38], ""centroid"": [324.7627245508982, 176.39321357285428], ""area_px"": 1336.0, ""has_hole"": true}, {""bbox"": [328, 210, 18, 20], ""centroid"": [336.55663430420714, 219.3279395900755], ""area_px"": 309.0, ""has_hole"": true}]",0.0,0.0,0.0,0.0,
1784258430.5578086,WAITING_FOR_ARM,RESETTING,,0,506086,True,4,2,0.9993863117410582,0,False,,0.0006136882589417773,0,324.82808988764043,176.39862671660424,1335.0,"[{""bbox"": [306, 158, 38, 38], ""centroid"": [324.82808988764043, 176.39862671660424], ""area_px"": 1335.0, ""has_hole"": true}, {""bbox"": [328, 210, 18, 20], ""centroid"": [336.55194805194805, 219.29816017316017], ""area_px"": 308.0, ""has_hole"": true}]",0.0,0.0,0.0,0.0,
1784258430.578157,WAITING_FOR_ARM,RESETTING,,0,506087,True,4,2,0.998662527575241,0,False,,0.0013374724247589673,0,324.8766917293233,176.38583959899748,1330.0,"[{""bbox"": [306, 158, 38, 38], ""centroid"": [324.8766917293233, 176.38583959899748], ""area_px"": 1330.0, ""has_hole"": true}, {""bbox"": [328, 210, 18, 20], ""centroid"": [336.55663430420714, 219.3279395900755], ""area_px"": 309.0, ""has_hole"": true}]",0.0,0.0,0.0,0.0,
1784258430.5982878,WAITING_FOR_ARM,RESETTING,,0,506087,True,4,2,0.998662527575241,0,False,,0.0013374724247589673,0,324.8766917293233,176.38583959899748,1330.0,"[{""bbox"": [306, 158, 38, 38], ""centroid"": [324.8766917293233, 176.38583959899748], ""area_px"": 1330.0, ""has_hole"": true}, {""bbox"": [328, 210, 18, 20], ""centroid"": [336.55663430420714, 219.3279395900755], ""area_px"": 309.0, ""has_hole"": true}]",0.0,0.0,0.0,0.0,
1784258430.6179023,WAITING_FOR_ARM,RESETTING,,0,506088,True,4,2,0.9989390180853166,0,False,,0.0010609819146833758,0,324.8418290854573,176.4026736631684,1334.0,"[{""bbox"": [306, 158, 38, 38], ""centroid"": [324.8418290854573, 176.4026736631684], ""area_px"": 1334.0, ""has_hole"": true}, {""bbox"": [328, 210, 18, 20], ""centroid"": [336.5387096774194, 219.29946236559138], ""area_px"": 310.0, ""has_hole"": true}]",0.0,0.0,0.0,0.0,
1784258430.6379893,WAITING_FOR_ARM,RESETTING,,0,506088,True,4,2,0.9989390180853166,0,False,,0.0010609819146833758,0,324.8418290854573,176.4026736631684,1334.0,"[{""bbox"": [306, 158, 38, 38], ""centroid"": [324.8418290854573, 176.4026736631684], ""area_px"": 1334.0, ""has_hole"": true}, {""bbox"": [328, 210, 18, 20], ""centroid"": [336.5387096774194, 219.29946236559138], ""area_px"": 310.0, ""has_hole"": true}]",0.0,0.0,0.0,0.0,
1784258430.6579685,WAITING_FOR_ARM,RESETTING,,0,506089,True,4,2,0.9995837839087997,0,False,,0.00041621609120035766,0,324.8657164291073,176.42673168292072,1333.0,"[{""bbox"": [306, 158, 38, 38], ""centroid"": [324.8657164291073, 176.42673168292072], ""area_px"": 1333.0, ""has_hole"": true}, {""bbox"": [328, 210, 18, 20], ""centroid"": [336.5242718446602, 219.26968716289102], ""area_px"": 309.0, ""has_hole"": true}]",0.0,0.0,0.0,0.0,
1784258430.678343,WAITING_FOR_ARM,RESETTING,,0,506090,True,4,2,0.9984472345242823,0,False,,0.0015527654757177187,0,324.7969606377678,176.37655705032384,1338.0,"[{""bbox"": [306, 158, 38, 38], ""centroid"": [324.7969606377678, 176.37655705032384], ""area_px"": 1338.0, ""has_hole"": true}, {""bbox"": [328, 210, 18, 20], ""centroid"": [336.5211726384365, 219.2090119435396], ""area_px"": 307.0, ""has_hole"": true}]",0.0,0.0,0.0,0.0,
1784258430.6983976,WAITING_FOR_ARM,RESETTING,,0,506090,True,4,2,0.9984472345242823,0,False,,0.0015527654757177187,0,324.7969606377678,176.37655705032384,1338.0,"[{""bbox"": [306, 158, 38, 38], ""centroid"": [324.7969606377678, 176.37655705032384], ""area_px"": 1338.0, ""has_hole"": true}, {""bbox"": [328, 210, 18, 20], ""centroid"": [336.5211726384365, 219.2090119435396], ""area_px"": 307.0, ""has_hole"": true}]",0.0,0.0,0.0,0.0,
1784258430.718017,WAITING_FOR_ARM,RESETTING,,0,506091,True,4,2,0.9996949554209189,0,False,,0.000305044579081054,0,324.80607418471493,176.38996763754045,1339.0,"[{""bbox"": [306, 158, 38, 38], ""centroid"": [324.80607418471493, 176.38996763754045], ""area_px"": 1339.0, ""has_hole"": true}, {""bbox"": [328, 210, 18, 20], ""centroid"": [336.51644736842104, 219.11787280701753], ""area_px"": 304.0, ""has_hole"": true}]",0.0,0.0,0.0,0.0,
1784258430.738443,WAITING_FOR_ARM,RESETTING,,0,506091,True,4,2,0.9996949554209189,0,False,,0.000305044579081054,0,324.80607418471493,176.38996763754045,1339.0,"[{""bbox"": [306, 158, 38, 38], ""centroid"": [324.80607418471493, 176.38996763754045], ""area_px"": 1339.0, ""has_hole"": true}, {""bbox"": [328, 210, 18, 20], ""centroid"": [336.51644736842104, 219.11787280701753], ""area_px"": 304.0, ""has_hole"": true}]",0.0,0.0,0.0,0.0,
1784258430.7582283,WAITING_FOR_ARM,RESETTING,,0,506092,True,4,2,0.9990782003016317,0,False,,0.0009217996983682701,0,324.834823646299,176.4307004470939,1342.0,"[{""bbox"": [306, 158, 38, 38], ""centroid"": [324.834823646299, 176.4307004470939], ""area_px"": 1342.0, ""has_hole"": true}, {""bbox"": [328, 210, 18, 20], ""centroid"": [336.51147540983607, 219.14918032786886], ""area_px"": 305.0, ""has_hole"": true}]",0.0,0.0,0.0,0.0,
1784258430.7782679,WAITING_FOR_ARM,RESETTING,,0,506093,True,4,2,0.9997079128182645,0,False,,0.00029208718173545927,0,324.84862043251303,176.42729306487695,1341.0,"[{""bbox"": [306, 158, 38, 38], ""centroid"": [324.84862043251303, 176.42729306487695], ""area_px"": 1341.0, ""has_hole"": true}, {""bbox"": [328, 210, 18, 20], ""centroid"": [336.544462629569, 219.16257501363881], ""area_px"": 305.5, ""has_hole"": true}]",0.0,0.0,0.0,0.0,
1784258430.7981179,WAITING_FOR_ARM,RESETTING,,0,506093,True,4,2,0.9997079128182645,0,False,,0.00029208718173545927,0,324.84862043251303,176.42729306487695,1341.0,"[{""bbox"": [306, 158, 38, 38], ""centroid"": [324.84862043251303, 176.42729306487695], ""area_px"": 1341.0, ""has_hole"": true}, {""bbox"": [328, 210, 18, 20], ""centroid"": [336.544462629569, 219.16257501363881], ""area_px"": 305.5, ""has_hole"": true}]",0.0,0.0,0.0,0.0,
1784258430.8179493,WAITING_FOR_ARM,RESETTING,,0,506094,True,4,2,0.9971373444609395,0,False,,0.002862655539060533,0,324.758008008008,176.56431431431432,1332.0,"[{""bbox"": [306, 158, 38, 38], ""centroid"": [324.758008008008, 176.56431431431432], ""area_px"": 1332.0, ""has_hole"": true}, {""bbox"": [328, 210, 18, 20], ""centroid"": [336.5571815718157, 219.22276422764227], ""area_px"": 307.5, ""has_hole"": true}]",0.0,0.0,0.0,0.0,
1784258430.8383105,WAITING_FOR_ARM,RESETTING,,0,506095,True,4,2,0.9963466677112877,0,False,,0.0036533322887123357,0,324.66868686868685,176.73169191919192,1320.0,"[{""bbox"": [306, 158, 38, 38], ""centroid"": [324.66868686868685, 176.73169191919192], ""area_px"": 1320.0, ""has_hole"": true}, {""bbox"": [328, 210, 18, 20], ""centroid"": [336.6020799124247, 219.1904761904762], ""area_px"": 304.5, ""has_hole"": true}]",0.0,0.0,0.0,0.0,
1784258430.858256,WAITING_FOR_ARM,RESETTING,,0,506095,True,4,2,0.9963466677112877,0,False,,0.0036533322887123357,0,324.66868686868685,176.73169191919192,1320.0,"[{""bbox"": [306, 158, 38, 38], ""centroid"": [324.66868686868685, 176.73169191919192], ""area_px"": 1320.0, ""has_hole"": true}, {""bbox"": [328, 210, 18, 20], ""centroid"": [336.6020799124247, 219.1904761904762], ""area_px"": 304.5, ""has_hole"": true}]",0.0,0.0,0.0,0.0,
1784258430.8786166,WAITING_FOR_ARM,RESETTING,,0,506096,True,4,2,0.9969833440029975,0,False,,0.003016655997002477,0,324.8081424936386,176.78931297709923,1310.0,"[{""bbox"": [306, 158, 38, 38], ""centroid"": [324.8081424936386, 176.78931297709923], ""area_px"": 1310.0, ""has_hole"": true}, {""bbox"": [328, 210, 18, 20], ""centroid"": [336.5897018970189, 219.2222222222222], ""area_px"": 307.5, ""has_hole"": true}]",0.0,0.0,0.0,0.0,
1784258430.8983016,WAITING_FOR_ARM,RESETTING,,0,506096,True,4,2,0.9969833440029975,0,False,,0.003016655997002477,0,324.8081424936386,176.78931297709923,1310.0,"[{""bbox"": [306, 158, 38, 38], ""centroid"": [324.8081424936386, 176.78931297709923], ""area_px"": 1310.0, ""has_hole"": true}, {""bbox"": [328, 210, 18, 20], ""centroid"": [336.5897018970189, 219.2222222222222], ""area_px"": 307.5, ""has_hole"": true}]",0.0,0.0,0.0,0.0,
1784258430.9183657,WAITING_FOR_ARM,RESETTING,,0,506097,True,4,2,0.9969156853238322,0,False,,0.003084314676167773,0,324.84847337875345,176.66717133484732,1321.0,"[{""bbox"": [306, 158, 38, 38], ""centroid"": [324.84847337875345, 176.66717133484732], ""area_px"": 1321.0, ""has_hole"": true}, {""bbox"": [328, 210, 18, 20], ""centroid"": [336.57570893525946, 219.2841091492777], ""area_px"": 311.5, ""has_hole"": true}]",0.0,0.0,0.0,0.0,
1784258430.9378564,WAITING_FOR_ARM,RESETTING,,0,506098,True,4,2,0.9972947027705679,0,False,,0.002705297229432183,0,324.854996243426,176.56361131980967,1331.0,"[{""bbox"": [306, 158, 38, 38], ""centroid"": [324.854996243426, 176.56361131980967], ""area_px"": 1331.0, ""has_hole"": true}, {""bbox"": [328, 210, 18, 20], ""centroid"": [336.548231511254, 219.26741693461946], ""area_px"": 311.0, ""has_hole"": true}]",0.0,0.0,0.0,0.0,
1784258430.9583166,WAITING_FOR_ARM,RESETTING,,0,506098,True,4,2,0.9972947027705679,0,False,,0.002705297229432183,0,324.854996243426,176.56361131980967,1331.0,"[{""bbox"": [306, 158, 38, 38], ""centroid"": [324.854996243426, 176.56361131980967], ""area_px"": 1331.0, ""has_hole"": true}, {""bbox"": [328, 210, 18, 20], ""centroid"": [336.548231511254, 219.26741693461946], ""area_px"": 311.0, ""has_hole"": true}]",0.0,0.0,0.0,0.0,
1784258430.9778795,WAITING_FOR_ARM,RESETTING,,0,506099,True,4,2,0.9987256295070337,0,False,,0.001274370492966304,0,324.8904708380167,176.48157861870862,1334.5,"[{""bbox"": [306, 158, 38, 38], ""centroid"": [324.8904708380167, 176.48157861870862], ""area_px"": 1334.5, ""has_hole"": true}, {""bbox"": [328, 210, 18, 20], ""centroid"": [336.568341437061, 219.19448946515396], ""area_px"": 308.5, ""has_hole"": true}]",0.0,0.0,0.0,0.0,
1784258430.998201,WAITING_FOR_ARM,RESETTING,,0,506099,True,4,2,0.9987256295070337,0,False,,0.001274370492966304,0,324.8904708380167,176.48157861870862,1334.5,"[{""bbox"": [306, 158, 38, 38], ""centroid"": [324.8904708380167, 176.48157861870862], ""area_px"": 1334.5, ""has_hole"": true}, {""bbox"": [328, 210, 18, 20], ""centroid"": [336.568341437061, 219.19448946515396], ""area_px"": 308.5, ""has_hole"": true}]",0.0,0.0,0.0,0.0,
1784258431.0178478,WAITING_FOR_ARM,RESETTING,,0,506100,True,4,2,0.9989895625175089,0,False,,0.0010104374824911277,0,324.8522670652715,176.45353761833582,1338.0,"[{""bbox"": [306, 158, 38, 38], ""centroid"": [324.8522670652715, 176.45353761833582], ""area_px"": 1338.0, ""has_hole"": true}, {""bbox"": [328, 210, 18, 20], ""centroid"": [336.55501878690285, 219.31186258722488], ""area_px"": 310.5, ""has_hole"": true}]",0.0,0.0,0.0,0.0,
1784258431.0378702,WAITING_FOR_ARM,RESETTING,,0,506101,True,4,2,0.9989855626070433,0,False,,0.0010144373929567567,0,324.85318352059926,176.38913857677903,1335.0,"[{""bbox"": [306, 158, 38, 38], ""centroid"": [324.85318352059926, 176.38913857677903], ""area_px"": 1335.0, ""has_hole"": true}, {""bbox"": [328, 210, 18, 20], ""centroid"": [336.5628678437667, 219.3413590155163], ""area_px"": 311.5, ""has_hole"": true}]",0.0,0.0,0.0,0.0,
1784258431.0583358,WAITING_FOR_ARM,RESETTING,,0,506101,True,4,2,0.9989855626070433,0,False,,0.0010144373929567567,0,324.85318352059926,176.38913857677903,1335.0,"[{""bbox"": [306, 158, 38, 38], ""centroid"": [324.85318352059926, 176.38913857677903], ""area_px"": 1335.0, ""has_hole"": true}, {""bbox"": [328, 210, 18, 20], ""centroid"": [336.5628678437667, 219.3413590155163], ""area_px"": 311.5, ""has_hole"": true}]",0.0,0.0,0.0,0.0,
1784258431.078542,WAITING_FOR_ARM,RESETTING,,0,506102,True,4,2,0.9974189399675355,0,False,,0.0025810600324645307,0,324.9327044025157,176.41874213836476,1325.0,"[{""bbox"": [306, 158, 38, 38], ""centroid"": [324.9327044025157, 176.41874213836476], ""area_px"": 1325.0, ""has_hole"": true}, {""bbox"": [328, 210, 18, 20], ""centroid"": [336.5729671513193, 219.3403338718363], ""area_px"": 309.5, ""has_hole"": true}]",0.0,0.0,0.0,0.0,
1784258431.0980976,WAITING_FOR_ARM,RESETTING,,0,506102,True,4,2,0.9974189399675355,0,False,,0.0025810600324645307,0,324.9327044025157,176.41874213836476,1325.0,"[{""bbox"": [306, 158, 38, 38], ""centroid"": [324.9327044025157, 176.41874213836476], ""area_px"": 1325.0, ""has_hole"": true}, {""bbox"": [328, 210, 18, 20], ""centroid"": [336.5729671513193, 219.3403338718363], ""area_px"": 309.5, ""has_hole"": true}]",0.0,0.0,0.0,0.0,
1784258431.1179602,WAITING_FOR_ARM,RESETTING,,0,506103,True,4,2,0.9974523212832049,0,False,,0.002547678716795068,0,324.8560549313358,176.39762796504368,1335.0,"[{""bbox"": [306, 158, 38, 38], ""centroid"": [324.8560549313358, 176.39762796504368], ""area_px"": 1335.0, ""has_hole"": true}, {""bbox"": [328, 210, 18, 20], ""centroid"": [336.60992907801415, 219.45608292416802], ""area_px"": 305.5, ""has_hole"": true}]",0.0,0.0,0.0,0.0,
1784258431.1383727,WAITING_FOR_ARM,RESETTING,,0,506103,True,4,2,0.9974523212832049,0,False,,0.002547678716795068,0,324.8560549313358,176.39762796504368,1335.0,"[{""bbox"": [306, 158, 38, 38], ""centroid"": [324.8560549313358, 176.39762796504368], ""area_px"": 1335.0, ""has_hole"": true}, {""bbox"": [328, 210, 18, 20], ""centroid"": [336.60992907801415, 219.45608292416802], ""area_px"": 305.5, ""has_hole"": true}]",0.0,0.0,0.0,0.0,
1784258431.1587563,WAITING_FOR_ARM,RESETTING,,0,506104,True,4,2,0.9987430569843908,0,False,,0.0012569430156091808,0,324.91134485349363,176.44089656899573,1331.0,"[{""bbox"": [306, 158, 38, 38], ""centroid"": [324.91134485349363, 176.44089656899573], ""area_px"": 1331.0, ""has_hole"": true}, {""bbox"": [328, 210, 18, 20], ""centroid"": [336.62506841817185, 219.48494800218936], ""area_px"": 304.5, ""has_hole"": true}]",0.0,0.0,0.0,0.0,
1784258431.178211,WAITING_FOR_ARM,RESETTING,,0,506105,True,4,1,0.999248760337498,0,False,,0.0007512396625019662,0,324.83758758758756,176.39376876876878,1332.0,"[{""bbox"": [306, 158, 38, 38], ""centroid"": [324.83758758758756, 176.39376876876878], ""area_px"": 1332.0, ""has_hole"": true}]",0.0,0.0,0.0,0.0,
1784258431.198014,WAITING_FOR_ARM,RESETTING,,0,506105,True,4,1,0.999248760337498,0,False,,0.0007512396625019662,0,324.83758758758756,176.39376876876878,1332.0,"[{""bbox"": [306, 158, 38, 38], ""centroid"": [324.83758758758756, 176.39376876876878], ""area_px"": 1332.0, ""has_hole"": true}]",0.0,0.0,0.0,0.0,
1784258431.2187388,WAITING_FOR_ARM,RESETTING,,0,506106,True,4,1,0.9989585666624797,0,False,,0.0010414333375202934,0,324.90293453724604,176.41359418108854,1329.0,"[{""bbox"": [306, 158, 38, 38], ""centroid"": [324.90293453724604, 176.41359418108854], ""area_px"": 1329.0, ""has_hole"": true}]",0.0,0.0,0.0,0.0,
1784258431.2382236,WAITING_FOR_ARM,RESETTING,,0,506106,True,4,1,0.9989585666624797,0,False,,0.0010414333375202934,0,324.90293453724604,176.41359418108854,1329.0,"[{""bbox"": [306, 158, 38, 38], ""centroid"": [324.90293453724604, 176.41359418108854], ""area_px"": 1329.0, ""has_hole"": true}]",0.0,0.0,0.0,0.0,
1784258431.2579582,WAITING_FOR_ARM,RESETTING,,0,506107,True,4,1,0.9992956856994359,0,False,,0.0007043143005640057,0,324.8580015026296,176.39944903581267,1331.0,"[{""bbox"": [306, 158, 38, 38], ""centroid"": [324.8580015026296, 176.39944903581267], ""area_px"": 1331.0, ""has_hole"": true}]",0.0,0.0,0.0,0.0,
1784258431.2779193,WAITING_FOR_ARM,RESETTING,,0,506108,True,4,1,0.9997557651636936,0,False,,0.0002442348363063807,0,324.862030075188,176.40426065162907,1330.0,"[{""bbox"": [306, 158, 38, 38], ""centroid"": [324.862030075188, 176.40426065162907], ""area_px"": 1330.0, ""has_hole"": true}]",0.0,0.0,0.0,0.0,
1784258431.2980363,WAITING_FOR_ARM,RESETTING,,0,506108,True,4,1,0.9997557651636936,0,False,,0.0002442348363063807,0,324.862030075188,176.40426065162907,1330.0,"[{""bbox"": [306, 158, 38, 38], ""centroid"": [324.862030075188, 176.40426065162907], ""area_px"": 1330.0, ""has_hole"": true}]",0.0,0.0,0.0,0.0,
1784258431.3185647,WAITING_FOR_ARM,RESETTING,,0,506109,True,4,1,0.9996830727466551,0,False,,0.00031692725334487936,0,324.8541197094916,176.38817931379913,1331.0,"[{""bbox"": [306, 158, 38, 38], ""centroid"": [324.8541197094916, 176.38817931379913], ""area_px"": 1331.0, ""has_hole"": true}]",0.0,0.0,0.0,0.0,
1784258431.3425605,WAITING_FOR_ARM,RESETTING,,0,506109,True,4,1,0.9996830727466551,0,False,,0.00031692725334487936,0,324.8541197094916,176.38817931379913,1331.0,"[{""bbox"": [306, 158, 38, 38], ""centroid"": [324.8541197094916, 176.38817931379913], ""area_px"": 1331.0, ""has_hole"": true}]",0.0,0.0,0.0,0.0,
1784258431.3613408,WAITING_FOR_ARM,RESETTING,,0,506110,True,4,1,0.9994147844276814,0,False,,0.0005852155723185594,0,324.8795045045045,176.44356856856857,1332.0,"[{""bbox"": [306, 158, 38, 38], ""centroid"": [324.8795045045045, 176.44356856856857], ""area_px"": 1332.0, ""has_hole"": true}]",0.0,0.0,0.0,0.0,
1784258431.378136,WAITING_FOR_ARM,RESETTING,,0,506111,True,4,1,0.9986110673317384,0,False,,0.0013889326682615492,0,324.88093443858327,176.3854559155991,1327.0,"[{""bbox"": [306, 158, 38, 38], ""centroid"": [324.88093443858327, 176.3854559155991], ""area_px"": 1327.0, ""has_hole"": true}]",0.0,0.0,0.0,0.0,
1784258431.3981142,WAITING_FOR_ARM,RESETTING,,0,506111,True,4,1,0.9986110673317384,0,False,,0.0013889326682615492,0,324.88093443858327,176.3854559155991,1327.0,"[{""bbox"": [306, 158, 38, 38], ""centroid"": [324.88093443858327, 176.3854559155991], ""area_px"": 1327.0, ""has_hole"": true}]",0.0,0.0,0.0,0.0,
1784258431.4178455,WAITING_FOR_ARM,RESETTING,,0,506112,True,4,1,0.998828820460943,0,False,,0.0011711795390570159,0,324.89331329827195,176.44014525419482,1331.0,"[{""bbox"": [306, 158, 38, 38], ""centroid"": [324.89331329827195, 176.44014525419482], ""area_px"": 1331.0, ""has_hole"": true}]",0.0,0.0,0.0,0.0,
1784258431.4382484,WAITING_FOR_ARM,RESETTING,,0,506112,True,4,1,0.998828820460943,0,False,,0.0011711795390570159,0,324.89331329827195,176.44014525419482,1331.0,"[{""bbox"": [306, 158, 38, 38], ""centroid"": [324.89331329827195, 176.44014525419482], ""area_px"": 1331.0, ""has_hole"": true}]",0.0,0.0,0.0,0.0,
1784258431.4579062,WAITING_FOR_ARM,RESETTING,,0,506113,True,4,2,0.9980966582512382,0,False,,0.0019033417487618776,0,324.7854291417166,176.34930139720558,1336.0,"[{""bbox"": [306, 158, 38, 38], ""centroid"": [324.7854291417166, 176.34930139720558], ""area_px"": 1336.0, ""has_hole"": true}, {""bbox"": [328, 210, 18, 20], ""centroid"": [336.61974904528097, 219.39498090561918], ""area_px"": 305.5, ""has_hole"": true}]",0.0,0.0,0.0,0.0,
1784258431.4781919,WAITING_FOR_ARM,RESETTING,,0,506114,True,4,2,0.9991222096861224,0,False,,0.0008777903138776344,0,324.79619904976244,176.30832708177044,1333.0,"[{""bbox"": [306, 158, 38, 38], ""centroid"": [324.79619904976244, 176.30832708177044], ""area_px"": 1333.0, ""has_hole"": true}, {""bbox"": [328, 210, 18, 20], ""centroid"": [336.53921568627453, 219.29575163398692], ""area_px"": 306.0, ""has_hole"": true}]",0.0,0.0,0.0,0.0,
1784258431.4977617,WAITING_FOR_ARM,RESETTING,,0,506114,True,4,2,0.9991222096861224,0,False,,0.0008777903138776344,0,324.79619904976244,176.30832708177044,1333.0,"[{""bbox"": [306, 158, 38, 38], ""centroid"": [324.79619904976244, 176.30832708177044], ""area_px"": 1333.0, ""has_hole"": true}, {""bbox"": [328, 210, 18, 20], ""centroid"": [336.53921568627453, 219.29575163398692], ""area_px"": 306.0, ""has_hole"": true}]",0.0,0.0,0.0,0.0,
1784258431.5178502,AWAIT_FRESH_FRAME,RESETTING,,0,506115,True,4,2,0.9996484072121554,0,False,,0.00035159278784462246,0,324.83520880220055,176.34896224056013,1333.0,"[{""bbox"": [306, 158, 38, 38], ""centroid"": [324.83520880220055, 176.34896224056013], ""area_px"": 1333.0, ""has_hole"": true}, {""bbox"": [328, 210, 18, 20], ""centroid"": [336.53074433656957, 219.3274002157497], ""area_px"": 309.0, ""has_hole"": true}]",0.0,0.0,0.0,0.0,
1784258431.5391495,ACTIVE,SETTLE,0.0,0,506116,True,4,2,0.9993603527316508,0,False,,0.0006396472683491459,0,324.7915415415415,176.29466966966967,1332.0,"[{""bbox"": [306, 158, 38, 38], ""centroid"": [324.7915415415415, 176.29466966966967], ""area_px"": 1332.0, ""has_hole"": true}, {""bbox"": [328, 210, 18, 20], ""centroid"": [336.53548387096777, 219.3569892473118], ""area_px"": 310.0, ""has_hole"": true}]",0.0,0.0,0.0,0.265,
1784258431.558737,ACTIVE,SETTLE,0.02062409999780357,0,506116,True,4,2,0.9993603527316508,0,False,,0.0006396472683491459,0,324.7915415415415,176.29466966966967,1332.0,"[{""bbox"": [306, 158, 38, 38], ""centroid"": [324.7915415415415, 176.29466966966967], ""area_px"": 1332.0, ""has_hole"": true}, {""bbox"": [328, 210, 18, 20], ""centroid"": [336.53548387096777, 219.3569892473118], ""area_px"": 310.0, ""has_hole"": true}]",0.0,0.0,0.0,0.265,
1784258431.5806584,ACTIVE,SETTLE,0.042632299999240786,0,506117,True,4,2,0.9995549152533852,0,False,,0.0004450847466147175,0,324.81918357124965,176.32143751565238,1331.0,"[{""bbox"": [306, 158, 38, 38], ""centroid"": [324.81918357124965, 176.32143751565238], ""area_px"": 1331.0, ""has_hole"": true}, {""bbox"": [328, 210, 18, 20], ""centroid"": [336.53548387096777, 219.3569892473118], ""area_px"": 310.0, ""has_hole"": true}]",0.0,0.0,0.0,0.265,
1784258431.5982172,ACTIVE,SETTLE,0.06018229998880997,0,506117,True,4,2,0.9995549152533852,0,False,,0.0004450847466147175,0,324.81918357124965,176.32143751565238,1331.0,"[{""bbox"": [306, 158, 38, 38], ""centroid"": [324.81918357124965, 176.32143751565238], ""area_px"": 1331.0, ""has_hole"": true}, {""bbox"": [328, 210, 18, 20], ""centroid"": [336.53548387096777, 219.3569892473118], ""area_px"": 310.0, ""has_hole"": true}]",0.0,0.0,0.0,0.265,
1784258431.6186368,ACTIVE,SETTLE,0.0799049999914132,0,506118,True,4,2,0.9971970400941955,0,False,,0.002802959905804507,0,324.7560278399204,176.42567735520754,1341.0,"[{""bbox"": [306, 158, 38, 38], ""centroid"": [324.7560278399204, 176.42567735520754], ""area_px"": 1341.0, ""has_hole"": true}, {""bbox"": [328, 210, 18, 20], ""centroid"": [336.5145631067961, 219.26860841423948], ""area_px"": 309.0, ""has_hole"": true}]",0.0,0.0,0.0,0.265,
1784258431.638465,ACTIVE,SETTLE,0.10041000001365319,0,506118,True,4,2,0.9971970400941955,0,False,,0.002802959905804507,0,324.7560278399204,176.42567735520754,1341.0,"[{""bbox"": [306, 158, 38, 38], ""centroid"": [324.7560278399204, 176.42567735520754], ""area_px"": 1341.0, ""has_hole"": true}, {""bbox"": [328, 210, 18, 20], ""centroid"": [336.5145631067961, 219.26860841423948], ""area_px"": 309.0, ""has_hole"": true}]",0.0,0.0,0.0,0.265,
1784258431.6579945,ACTIVE,SETTLE,0.11996989999897778,0,506119,True,4,2,0.9982519023710148,0,False,,0.00174809762898517,0,324.838202247191,176.4433208489388,1335.0,"[{""bbox"": [306, 158, 38, 38], ""centroid"": [324.838202247191, 176.4433208489388], ""area_px"": 1335.0, ""has_hole"": true}, {""bbox"": [328, 210, 18, 20], ""centroid"": [336.49838187702267, 219.3274002157497], ""area_px"": 309.0, ""has_hole"": true}]",0.0,0.0,0.0,0.265,
1784258431.6786792,ACTIVE,SETTLE,0.14059859997360036,0,506120,True,4,2,0.9995202397449507,0,False,,0.0004797602550492244,0,324.8009745127436,176.41966516741627,1334.0,"[{""bbox"": [306, 158, 38, 38], ""centroid"": [324.8009745127436, 176.41966516741627], ""area_px"": 1334.0, ""has_hole"": true}, {""bbox"": [328, 210, 18, 20], ""centroid"": [336.49032258064517, 219.24086021505374], ""area_px"": 310.0, ""has_hole"": true}]",0.0,0.0,0.0,0.265,
1784258431.698243,ACTIVE,SETTLE,0.16016839997610077,0,506120,True,4,2,0.9995202397449507,0,False,,0.0004797602550492244,0,324.8009745127436,176.41966516741627,1334.0,"[{""bbox"": [306, 158, 38, 38], ""centroid"": [324.8009745127436, 176.41966516741627], ""area_px"": 1334.0, ""has_hole"": true}, {""bbox"": [328, 210, 18, 20], ""centroid"": [336.49032258064517, 219.24086021505374], ""area_px"": 310.0, ""has_hole"": true}]",0.0,0.0,0.0,0.265,
1784258431.7180822,ACTIVE,SETTLE,0.18003930000122637,0,506121,True,4,2,0.9991564629792397,0,False,,0.0008435370207603313,0,324.84730538922156,176.47168163672654,1336.0,"[{""bbox"": [306, 158, 38, 38], ""centroid"": [324.84730538922156, 176.47168163672654], ""area_px"": 1336.0, ""has_hole"": true}, {""bbox"": [328, 210, 18, 20], ""centroid"": [336.4919093851133, 219.21089536138078], ""area_px"": 309.0, ""has_hole"": true}]",0.0,0.0,0.0,0.265,
1784258431.7384112,ACTIVE,SETTLE,0.20000090001849458,0,506122,True,4,2,0.9989664657370937,0,False,,0.0010335342629062712,0,324.84862043251303,176.46979865771812,1341.0,"[{""bbox"": [306, 158, 38, 38], ""centroid"": [324.84862043251303, 176.46979865771812], ""area_px"": 1341.0, ""has_hole"": true}, {""bbox"": [328, 210, 18, 20], ""centroid"": [336.48208469055373, 219.15092290988053], ""area_px"": 307.0, ""has_hole"": true}]",0.0,0.0,0.0,0.265,
1784258431.7584271,ACTIVE,SETTLE,0.22033749998081475,0,506122,True,4,2,0.9989664657370937,0,False,,0.0010335342629062712,0,324.84862043251303,176.46979865771812,1341.0,"[{""bbox"": [306, 158, 38, 38], ""centroid"": [324.84862043251303, 176.46979865771812], ""area_px"": 1341.0, ""has_hole"": true}, {""bbox"": [328, 210, 18, 20], ""centroid"": [336.48208469055373, 219.15092290988053], ""area_px"": 307.0, ""has_hole"": true}]",0.0,0.0,0.0,0.265,
1784258431.7783184,ACTIVE,SETTLE,0.2402647999697365,0,506122,True,4,2,0.9989664657370937,0,False,,0.0010335342629062712,0,324.84862043251303,176.46979865771812,1341.0,"[{""bbox"": [306, 158, 38, 38], ""centroid"": [324.84862043251303, 176.46979865771812], ""area_px"": 1341.0, ""has_hole"": true}, {""bbox"": [328, 210, 18, 20], ""centroid"": [336.48208469055373, 219.15092290988053], ""area_px"": 307.0, ""has_hole"": true}]",0.0,0.0,0.0,0.265,
1784258431.7983446,ACTIVE,SETTLE,0.2602644999860786,0,506124,True,4,2,0.99915472265738,0,False,,0.0008452773426200148,0,324.82928953589646,176.5037949483638,1339.5,"[{""bbox"": [306, 158, 38, 38], ""centroid"": [324.82928953589646, 176.5037949483638], ""area_px"": 1339.5, ""has_hole"": true}, {""bbox"": [328, 210, 18, 20], ""centroid"": [336.57252326217844, 219.19157088122603], ""area_px"": 304.5, ""has_hole"": true}]",0.0,0.0,0.0,0.265,
1784258431.8180912,ACTIVE,SETTLE,0.2799614999676123,0,506124,True,4,2,0.99915472265738,0,False,,0.0008452773426200148,0,324.82928953589646,176.5037949483638,1339.5,"[{""bbox"": [306, 158, 38, 38], ""centroid"": [324.82928953589646, 176.5037949483638], ""area_px"": 1339.5, ""has_hole"": true}, {""bbox"": [328, 210, 18, 20], ""centroid"": [336.57252326217844, 219.19157088122603], ""area_px"": 304.5, ""has_hole"": true}]",0.0,0.0,0.0,0.265,
1784258431.839372,ACTIVE,SETTLE,0.3012987999827601,0,506124,True,4,2,0.99915472265738,0,False,,0.0008452773426200148,0,324.82928953589646,176.5037949483638,1339.5,"[{""bbox"": [306, 158, 38, 38], ""centroid"": [324.82928953589646, 176.5037949483638], ""area_px"": 1339.5, ""has_hole"": true}, {""bbox"": [328, 210, 18, 20], ""centroid"": [336.57252326217844, 219.19157088122603], ""area_px"": 304.5, ""has_hole"": true}]",0.0,0.0,0.0,0.265,
1784258431.8587618,ACTIVE,SETTLE,0.32044779998250306,0,506125,True,4,2,0.9828233540507363,0,False,,0.017176645949263707,0,324.79448524674655,176.12421079757763,1293.5,"[{""bbox"": [306, 158, 38, 37], ""centroid"": [324.79448524674655, 176.12421079757763], ""area_px"": 1293.5, ""has_hole"": true}, {""bbox"": [328, 210, 19, 20], ""centroid"": [336.58212170166934, 219.1534733441034], ""area_px"": 309.5, ""has_hole"": true}]",0.0,0.0,0.0,0.265,
1784258431.8783166,ACTIVE,SETTLE,0.3402776999864727,0,506126,True,4,2,0.9987744230895992,0,False,,0.001225576910400779,0,324.7998973174175,176.09703504043128,1298.5,"[{""bbox"": [306, 158, 38, 37], ""centroid"": [324.7998973174175, 176.09703504043128], ""area_px"": 1298.5, ""has_hole"": true}, {""bbox"": [328, 210, 19, 20], ""centroid"": [336.7461333333333, 219.29546666666664], ""area_px"": 312.5, ""has_hole"": true}]",0.0,0.0,0.0,0.265,
1784258431.89834,ACTIVE,SETTLE,0.3603039999725297,0,506126,True,4,2,0.9987744230895992,0,False,,0.001225576910400779,0,324.7998973174175,176.09703504043128,1298.5,"[{""bbox"": [306, 158, 38, 37], ""centroid"": [324.7998973174175, 176.09703504043128], ""area_px"": 1298.5, ""has_hole"": true}, {""bbox"": [328, 210, 19, 20], ""centroid"": [336.7461333333333, 219.29546666666664], ""area_px"": 312.5, ""has_hole"": true}]",0.0,0.0,0.0,0.265,
1784258431.9184663,ACTIVE,SETTLE,0.3803768999641761,0,506127,True,4,2,0.9881841603962108,0,False,,0.011815839603789223,0,325.0010603048376,176.54446653412856,1257.5,"[{""bbox"": [306, 158, 38, 37], ""centroid"": [325.0010603048376, 176.54446653412856], ""area_px"": 1257.5, ""has_hole"": true}, {""bbox"": [328, 210, 19, 20], ""centroid"": [336.88121402407114, 219.31972789115645], ""area_px"": 318.5, ""has_hole"": true}]",0.0,0.0,0.0,0.265,
1784258431.938093,ACTIVE,SETTLE,0.40003179997438565,0,506127,True,4,2,0.9881841603962108,0,False,,0.011815839603789223,0,325.0010603048376,176.54446653412856,1257.5,"[{""bbox"": [306, 158, 38, 37], ""centroid"": [325.0010603048376, 176.54446653412856], ""area_px"": 1257.5, ""has_hole"": true}, {""bbox"": [328, 210, 19, 20], ""centroid"": [336.88121402407114, 219.31972789115645], ""area_px"": 318.5, ""has_hole"": true}]",0.0,0.0,0.0,0.265,
1784258431.958967,ACTIVE,SETTLE,0.4209252999862656,0,506128,True,4,2,0.983077972015212,0,False,,0.01692202798478805,0,325.0599889165974,177.31656968689387,1203.0,"[{""bbox"": [306, 158, 38, 37], ""centroid"": [325.0599889165974, 177.31656968689387], ""area_px"": 1203.0, ""has_hole"": true}, {""bbox"": [328, 210, 19, 20], ""centroid"": [336.94291539245665, 219.2787971457696], ""area_px"": 327.0, ""has_hole"": true}]",0.0,0.0,0.0,0.265,
1784258431.9782417,ACTIVE,SETTLE,0.4401672999956645,0,506129,True,4,2,0.9983874438800546,0,False,,0.0016125561199454,0,325.0863939899833,177.3881469115192,1198.0,"[{""bbox"": [306, 158, 38, 37], ""centroid"": [325.0863939899833, 177.3881469115192], ""area_px"": 1198.0, ""has_hole"": true}, {""bbox"": [328, 210, 19, 20], ""centroid"": [337.0183486238532, 219.19928644240568], ""area_px"": 327.0, ""has_hole"": true}]",0.0,0.0,0.0,0.265,
1784258431.998652,ACTIVE,SETTLE,0.4603317999863066,0,506129,True,4,2,0.9983874438800546,0,False,,0.0016125561199454,0,325.0863939899833,177.3881469115192,1198.0,"[{""bbox"": [306, 158, 38, 37], ""centroid"": [325.0863939899833, 177.3881469115192], ""area_px"": 1198.0, ""has_hole"": true}, {""bbox"": [328, 210, 19, 20], ""centroid"": [337.0183486238532, 219.19928644240568], ""area_px"": 327.0, ""has_hole"": true}]",0.0,0.0,0.0,0.265,
1784258432.018175,ACTIVE,SETTLE,0.4801402000011876,0,506130,True,4,2,0.9863074992290732,0,False,,0.013692500770926753,0,325.0202192795102,177.71693008685747,1170.5,"[{""bbox"": [306, 157, 38, 38], ""centroid"": [325.0202192795102, 177.71693008685747], ""area_px"": 1170.5, ""has_hole"": true}, {""bbox"": [328, 210, 19, 20], ""centroid"": [336.9329205366357, 219.1444788441692], ""area_px"": 323.0, ""has_hole"": true}]",0.0,0.0,0.0,0.265,
1784258432.0391965,ACTIVE,CLIMB,0.5006776999798603,0,506131,True,4,2,0.8582971129757537,0,False,,0.14170288702424627,0,324.86163086163083,179.26103026103024,721.5,"[{""bbox"": [306, 157, 38, 38], ""centroid"": [324.86163086163083, 179.26103026103024], ""area_px"": 721.5, ""has_hole"": false}, {""bbox"": [328, 210, 19, 20], ""centroid"": [337.0338461538461, 219.1979487179487], ""area_px"": 325.0, ""has_hole"": true}]",0.0,0.0,0.0,0.28,
1784258432.058294,ACTIVE,CLIMB,0.5202179999905638,0,506131,True,4,2,0.8582971129757537,0,False,,0.14170288702424627,0,324.86163086163083,179.26103026103024,721.5,"[{""bbox"": [306, 157, 38, 38], ""centroid"": [324.86163086163083, 179.26103026103024], ""area_px"": 721.5, ""has_hole"": false}, {""bbox"": [328, 210, 19, 20], ""centroid"": [337.0338461538461, 219.1979487179487], ""area_px"": 325.0, ""has_hole"": true}]",0.0,0.0,0.0,0.28,
1784258432.0781648,ACTIVE,CLIMB,0.5401699999929406,0,506131,True,4,2,0.8582971129757537,0,False,,0.14170288702424627,0,324.86163086163083,179.26103026103024,721.5,"[{""bbox"": [306, 157, 38, 38], ""centroid"": [324.86163086163083, 179.26103026103024], ""area_px"": 721.5, ""has_hole"": false}, {""bbox"": [328, 210, 19, 20], ""centroid"": [337.0338461538461, 219.1979487179487], ""area_px"": 325.0, ""has_hole"": true}]",0.0,0.0,0.0,0.28,
1784258432.0984883,ACTIVE,CLIMB,0.5604400999727659,0,506133,True,4,2,0.9962192508119007,0,False,,0.003780749188099385,0,325.4365889212828,179.9715743440233,686.0,"[{""bbox"": [306, 157, 39, 38], ""centroid"": [325.4365889212828, 179.9715743440233], ""area_px"": 686.0, ""has_hole"": false}, {""bbox"": [328, 210, 19, 20], ""centroid"": [337.0248447204969, 219.16770186335404], ""area_px"": 322.0, ""has_hole"": true}]",0.0,0.0,0.0,0.28,
1784258432.1183727,ACTIVE,CLIMB,0.5802470999769866,0,506133,True,4,2,0.9962192508119007,0,False,,0.003780749188099385,0,325.4365889212828,179.9715743440233,686.0,"[{""bbox"": [306, 157, 39, 38], ""centroid"": [325.4365889212828, 179.9715743440233], ""area_px"": 686.0, ""has_hole"": false}, {""bbox"": [328, 210, 19, 20], ""centroid"": [337.0248447204969, 219.16770186335404], ""area_px"": 322.0, ""has_hole"": true}]",0.0,0.0,0.0,0.28,
1784258432.138277,ACTIVE,CLIMB,0.6001677999738604,0,506133,True,4,2,0.9962192508119007,0,False,,0.003780749188099385,0,325.4365889212828,179.9715743440233,686.0,"[{""bbox"": [306, 157, 39, 38], ""centroid"": [325.4365889212828, 179.9715743440233], ""area_px"": 686.0, ""has_hole"": false}, {""bbox"": [328, 210, 19, 20], ""centroid"": [337.0248447204969, 219.16770186335404], ""area_px"": 322.0, ""has_hole"": true}]",0.0,0.0,0.0,0.28,
1784258432.1586761,ACTIVE,CLIMB,0.6204420999856666,0,506134,True,4,2,0.9919172552303045,0,False,,0.008082744769695482,0,325.71923536439664,179.47861409796894,697.5,"[{""bbox"": [306, 157, 39, 38], ""centroid"": [325.71923536439664, 179.47861409796894], ""area_px"": 697.5, ""has_hole"": false}, {""bbox"": [328, 210, 19, 20], ""centroid"": [337.07936507936506, 219.3], ""area_px"": 315.0, ""has_hole"": true}]",0.0,0.0,0.0,0.28,
1784258432.1785867,ACTIVE,CLIMB,0.640567899972666,0,506135,True,4,1,0.9854035701325463,0,False,,0.014596429867453641,0,325.5442372070779,178.8381157340985,697.0,"[{""bbox"": [306, 156, 39, 38], ""centroid"": [325.5442372070779, 178.8381157340985], ""area_px"": 697.0, ""has_hole"": false}]",0.0,0.0,0.0,0.28,
1784258432.198373,ACTIVE,CLIMB,0.6602347000152804,0,506135,True,4,1,0.9854035701325463,0,False,,0.014596429867453641,0,325.5442372070779,178.8381157340985,697.0,"[{""bbox"": [306, 156, 39, 38], ""centroid"": [325.5442372070779, 178.8381157340985], ""area_px"": 697.0, ""has_hole"": false}]",0.0,0.0,0.0,0.28,
1784258432.2185526,ACTIVE,CLIMB,0.6805104999803007,0,506136,True,4,1,0.9832001470174073,0,False,,0.01679985298259271,0,324.98343685300205,178.0101219231654,724.5,"[{""bbox"": [306, 156, 39, 38], ""centroid"": [324.98343685300205, 178.0101219231654], ""area_px"": 724.5, ""has_hole"": false}]",0.0,0.0,0.0,0.28,
1784258432.2383597,ACTIVE,CLIMB,0.7002960999961942,0,506137,True,4,1,0.9950756983375137,0,False,,0.004924301662486268,0,325.3317362537075,177.76066621035818,730.5,"[{""bbox"": [306, 156, 39, 38], ""centroid"": [325.3317362537075, 177.76066621035818], ""area_px"": 730.5, ""has_hole"": false}]",0.0,0.0,0.0,0.28,
1784258432.2583032,ACTIVE,CLIMB,0.7203093999996781,0,506137,True,4,1,0.9950756983375137,0,False,,0.004924301662486268,0,325.3317362537075,177.76066621035818,730.5,"[{""bbox"": [306, 156, 39, 38], ""centroid"": [325.3317362537075, 177.76066621035818], ""area_px"": 730.5, ""has_hole"": false}]",0.0,0.0,0.0,0.28,
1784258432.2784235,ACTIVE,CLIMB,0.740313199989032,0,506137,True,4,1,0.9950756983375137,0,False,,0.004924301662486268,0,325.3317362537075,177.76066621035818,730.5,"[{""bbox"": [306, 156, 39, 38], ""centroid"": [325.3317362537075, 177.76066621035818], ""area_px"": 730.5, ""has_hole"": false}]",0.0,0.0,0.0,0.28,
1784258432.2984538,ACTIVE,CLIMB,0.7599880999769084,0,506138,True,4,1,0.8121218898221088,0,False,,0.1878781101778913,0,325.15358278307656,174.9298116898997,1363.0,"[{""bbox"": [306, 156, 39, 38], ""centroid"": [325.15358278307656, 174.9298116898997], ""area_px"": 1363.0, ""has_hole"": true}]",0.0,0.0,0.0,0.28,
1784258432.3185518,ACTIVE,CLIMB,0.7802223999751732,0,506139,True,4,1,0.9995442391507686,0,False,,0.000455760849231384,0,325.113880742913,174.9398826979472,1364.0,"[{""bbox"": [306, 156, 39, 38], ""centroid"": [325.113880742913, 174.9398826979472], ""area_px"": 1364.0, ""has_hole"": true}]",0.0,0.0,0.0,0.28,
1784258432.340112,ACTIVE,CLIMB,0.8017036999808624,0,506139,True,4,1,0.9995442391507686,0,False,,0.000455760849231384,0,325.113880742913,174.9398826979472,1364.0,"[{""bbox"": [306, 156, 39, 38], ""centroid"": [325.113880742913, 174.9398826979472], ""area_px"": 1364.0, ""has_hole"": true}]",0.0,0.0,0.0,0.28,
1784258432.3583317,ACTIVE,CLIMB,0.8201773000182584,0,506140,True,4,1,0.9822379467580885,0,False,,0.017762053241911442,0,325.0692671394799,174.36737588652483,1410.0,"[{""bbox"": [306, 155, 39, 39], ""centroid"": [325.0692671394799, 174.36737588652483], ""area_px"": 1410.0, ""has_hole"": true}]",0.0,0.0,0.0,0.28,
1784258432.3783906,ACTIVE,CLIMB,0.8403422000119463,0,506141,True,4,1,0.9972421036083857,0,False,,0.002757896391614294,0,325.06244131455395,174.23462441314553,1420.0,"[{""bbox"": [306, 155, 39, 39], ""centroid"": [325.06244131455395, 174.23462441314553], ""area_px"": 1420.0, ""has_hole"": true}]",0.0,0.0,0.0,0.28,
1784258432.3983076,ACTIVE,CLIMB,0.8602571999654174,0,506141,True,4,1,0.9972421036083857,0,False,,0.002757896391614294,0,325.06244131455395,174.23462441314553,1420.0,"[{""bbox"": [306, 155, 39, 39], ""centroid"": [325.06244131455395, 174.23462441314553], ""area_px"": 1420.0, ""has_hole"": true}]",0.0,0.0,0.0,0.28,
1784258432.4182293,ACTIVE,CLIMB,0.8801271999836899,0,506142,True,4,1,0.9990117044774346,0,False,,0.0009882955225654628,0,325.0056258790436,174.15623534927332,1422.0,"[{""bbox"": [306, 155, 39, 39], ""centroid"": [325.0056258790436, 174.15623534927332], ""area_px"": 1422.0, ""has_hole"": true}]",0.0,0.0,0.0,0.28,
1784258432.4383247,ACTIVE,CLIMB,0.9000847999705002,0,506143,True,4,1,0.9907738496809836,0,False,,0.009226150319016461,0,324.96314325452016,173.97311080203986,1438.0,"[{""bbox"": [306, 154, 39, 40], ""centroid"": [324.96314325452016, 173.97311080203986], ""area_px"": 1438.0, ""has_hole"": true}]",0.0,0.0,0.0,0.28,
1784258432.4583788,ACTIVE,CLIMB,0.9201879000174813,0,506143,True,4,1,0.9907738496809836,0,False,,0.009226150319016461,0,324.96314325452016,173.97311080203986,1438.0,"[{""bbox"": [306, 154, 39, 40], ""centroid"": [324.96314325452016, 173.97311080203986], ""area_px"": 1438.0, ""has_hole"": true}]",0.0,0.0,0.0,0.28,
1784258432.478185,ACTIVE,CLIMB,0.9400695000076666,0,506143,True,4,1,0.9907738496809836,0,False,,0.009226150319016461,0,324.96314325452016,173.97311080203986,1438.0,"[{""bbox"": [306, 154, 39, 40], ""centroid"": [324.96314325452016, 173.97311080203986], ""area_px"": 1438.0, ""has_hole"": true}]",0.0,0.0,0.0,0.28,
1784258432.4987328,ACTIVE,CLIMB,0.9603315999847837,0,506144,True,4,1,0.9918219766568294,0,False,,0.008178023343170616,0,325.0006830601093,173.44751821493625,1464.0,"[{""bbox"": [306, 154, 39, 40], ""centroid"": [325.0006830601093, 173.44751821493625], ""area_px"": 1464.0, ""has_hole"": true}]",0.0,0.0,0.0,0.28,
1784258432.5182493,ACTIVE,CLIMB,0.9801458999863826,0,506145,True,4,1,0.9989957590213921,0,False,,0.001004240978607813,0,324.9445769449176,173.4542873367405,1467.5,"[{""bbox"": [306, 154, 39, 40], ""centroid"": [324.9445769449176, 173.4542873367405], ""area_px"": 1467.5, ""has_hole"": true}]",0.0,0.0,0.0,0.28,
1784258432.5384989,ACTIVE,CLIMB,1.000413000001572,0,506145,True,4,1,0.9989957590213921,0,False,,0.001004240978607813,0,324.9445769449176,173.4542873367405,1467.5,"[{""bbox"": [306, 154, 39, 40], ""centroid"": [324.9445769449176, 173.4542873367405], ""area_px"": 1467.5, ""has_hole"": true}]",0.0,0.0,0.0,0.28,
1784258432.559113,ACTIVE,CLIMB,1.020968199998606,0,506146,True,4,2,0.986405946007625,0,False,,0.01359405399237499,0,325.32639125981564,173.09331967679526,1464.5,"[{""bbox"": [306, 154, 40, 39], ""centroid"": [325.32639125981564, 173.09331967679526], ""area_px"": 1464.5, ""has_hole"": true}, {""bbox"": [328, 210, 19, 20], ""centroid"": [337.0407523510972, 219.13636363636363], ""area_px"": 319.0, ""has_hole"": true}]",0.0,0.0,0.0,0.28,
1784258432.5784686,ACTIVE,CLIMB,1.0403579999692738,0,506147,True,4,2,0.9928585977305502,0,False,,0.007141402269449812,0,325.4057724957555,173.02467458970006,1472.5,"[{""bbox"": [306, 153, 40, 40], ""centroid"": [325.4057724957555, 173.02467458970006], ""area_px"": 1472.5, ""has_hole"": true}, {""bbox"": [328, 210, 19, 20], ""centroid"": [337.0407523510972, 219.13636363636363], ""area_px"": 319.0, ""has_hole"": true}]",0.0,0.0,0.0,0.28,
1784258432.5983784,ACTIVE,CLIMB,1.0599375999881886,0,506147,True,4,2,0.9928585977305502,0,False,,0.007141402269449812,0,325.4057724957555,173.02467458970006,1472.5,"[{""bbox"": [306, 153, 40, 40], ""centroid"": [325.4057724957555, 173.02467458970006], ""area_px"": 1472.5, ""has_hole"": true}, {""bbox"": [328, 210, 19, 20], ""centroid"": [337.0407523510972, 219.13636363636363], ""area_px"": 319.0, ""has_hole"": true}]",0.0,0.0,0.0,0.28,
1784258432.6187375,ACTIVE,CLIMB,1.0807397000025958,0,506148,True,4,2,0.9892151777932495,0,False,,0.010784822206750472,0,325.5026402640264,172.55038503850383,1515.0,"[{""bbox"": [306, 153, 40, 40], ""centroid"": [325.5026402640264, 172.55038503850383], ""area_px"": 1515.0, ""has_hole"": true}, {""bbox"": [328, 210, 19, 20], ""centroid"": [336.9834625322997, 219.17984496124032], ""area_px"": 322.5, ""has_hole"": true}]",0.0,0.0,0.0,0.28,
1784258432.638466,ACTIVE,CLIMB,1.100365000020247,0,506149,True,4,2,0.999346664681971,0,False,,0.00065333531802907,0,325.5116253443526,172.58159779614326,1512.5,"[{""bbox"": [306, 153, 40, 40], ""centroid"": [325.5116253443526, 172.58159779614326], ""area_px"": 1512.5, ""has_hole"": true}, {""bbox"": [328, 210, 19, 20], ""centroid"": [337.01857585139317, 219.2518059855521], ""area_px"": 323.0, ""has_hole"": true}]",0.0,0.0,0.0,0.28,
1784258432.6581569,ACTIVE,CLIMB,1.1200771000003442,0,506149,True,4,2,0.999346664681971,0,False,,0.00065333531802907,0,325.5116253443526,172.58159779614326,1512.5,"[{""bbox"": [306, 153, 40, 40], ""centroid"": [325.5116253443526, 172.58159779614326], ""area_px"": 1512.5, ""has_hole"": true}, {""bbox"": [328, 210, 19, 20], ""centroid"": [337.01857585139317, 219.2518059855521], ""area_px"": 323.0, ""has_hole"": true}]",0.0,0.0,0.0,0.28,
1784258432.6780863,ACTIVE,CLIMB,1.1400476999697275,0,506149,True,4,2,0.999346664681971,0,False,,0.00065333531802907,0,325.5116253443526,172.58159779614326,1512.5,"[{""bbox"": [306, 153, 40, 40], ""centroid"": [325.5116253443526, 172.58159779614326], ""area_px"": 1512.5, ""has_hole"": true}, {""bbox"": [328, 210, 19, 20], ""centroid"": [337.01857585139317, 219.2518059855521], ""area_px"": 323.0, ""has_hole"": true}]",0.0,0.0,0.0,0.28,
1784258432.698052,ACTIVE,CLIMB,1.1599677000194788,0,506150,True,4,2,0.9988320256095848,0,False,,0.0011679743904152119,0,325.5013183915623,172.52526917161063,1517.0,"[{""bbox"": [306, 153, 40, 40], ""centroid"": [325.5013183915623, 172.52526917161063], ""area_px"": 1517.0, ""has_hole"": true}, {""bbox"": [328, 210, 19, 20], ""centroid"": [337.0338461538461, 219.30871794871794], ""area_px"": 325.0, ""has_hole"": true}]",0.0,0.0,0.0,0.28,
1784258432.7185144,ACTIVE,CLIMB,1.180489899998065,0,506151,True,4,2,0.9936153674560021,0,False,,0.006384632543997872,0,325.4592227695676,172.4535303776683,1522.5,"[{""bbox"": [306, 152, 40, 41], ""centroid"": [325.4592227695676, 172.4535303776683], ""area_px"": 1522.5, ""has_hole"": true}, {""bbox"": [328, 210, 19, 20], ""centroid"": [337.0640243902439, 219.39329268292684], ""area_px"": 328.0, ""has_hole"": true}]",0.0,0.0,0.0,0.28,
1784258432.7384017,ACTIVE,CLIMB,1.200302399985958,0,506151,True,4,2,0.9936153674560021,0,False,,0.006384632543997872,0,325.4592227695676,172.4535303776683,1522.5,"[{""bbox"": [306, 152, 40, 41], ""centroid"": [325.4592227695676, 172.4535303776683], ""area_px"": 1522.5, ""has_hole"": true}, {""bbox"": [328, 210, 19, 20], ""centroid"": [337.0640243902439, 219.39329268292684], ""area_px"": 328.0, ""has_hole"": true}]",0.0,0.0,0.0,0.28,
1784258432.758556,ACTIVE,CLIMB,1.2205343999667093,0,506152,True,4,2,0.9998275466944059,0,False,,0.0001724533055940936,0,325.46979645436636,172.44550229809587,1523.0,"[{""bbox"": [306, 152, 40, 41], ""centroid"": [325.46979645436636, 172.44550229809587], ""area_px"": 1523.0, ""has_hole"": true}, {""bbox"": [328, 210, 20, 20], ""centroid"": [337.54424778761063, 219.36283185840708], ""area_px"": 339.0, ""has_hole"": true}]",0.0,0.0,0.0,0.28,
1784258432.7783237,ACTIVE,CLIMB,1.2402566999662668,0,506153,True,4,2,0.9925377681369535,0,False,,0.007462231863046499,0,325.49065721649487,172.07506443298968,1552.0,"[{""bbox"": [306, 152, 40, 41], ""centroid"": [325.49065721649487, 172.07506443298968], ""area_px"": 1552.0, ""has_hole"": true}, {""bbox"": [328, 210, 20, 20], ""centroid"": [337.60097323600974, 219.22530413625302], ""area_px"": 342.5, ""has_hole"": true}]",0.0,0.0,0.0,0.28,
1784258432.7984843,ACTIVE,CLIMB,1.2602948999847285,0,506153,True,4,2,0.9925377681369535,0,False,,0.007462231863046499,0,325.49065721649487,172.07506443298968,1552.0,"[{""bbox"": [306, 152, 40, 41], ""centroid"": [325.49065721649487, 172.07506443298968], ""area_px"": 1552.0, ""has_hole"": true}, {""bbox"": [328, 210, 20, 20], ""centroid"": [337.60097323600974, 219.22530413625302], ""area_px"": 342.5, ""has_hole"": true}]",0.0,0.0,0.0,0.28,
1784258432.8186119,ACTIVE,CLIMB,1.280205799965188,0,506153,True,4,2,0.9925377681369535,0,False,,0.007462231863046499,0,325.49065721649487,172.07506443298968,1552.0,"[{""bbox"": [306, 152, 40, 41], ""centroid"": [325.49065721649487, 172.07506443298968], ""area_px"": 1552.0, ""has_hole"": true}, {""bbox"": [328, 210, 20, 20], ""centroid"": [337.60097323600974, 219.22530413625302], ""area_px"": 342.5, ""has_hole"": true}]",0.0,0.0,0.0,0.28,
1784258432.8383813,ACTIVE,CLIMB,1.3002976999850944,0,506155,True,4,2,0.9974169715917803,0,False,,0.002583028408219678,0,325.50313689190574,172.11570502931195,1620.5,"[{""bbox"": [305, 152, 42, 41], ""centroid"": [325.50313689190574, 172.11570502931195], ""area_px"": 1620.5, ""has_hole"": true}, {""bbox"": [328, 210, 20, 20], ""centroid"": [337.4298884036875, 219.19990295972826], ""area_px"": 343.5, ""has_hole"": true}]",0.0,0.0,0.0,0.28,
1784258432.858258,ACTIVE,CLIMB,1.320187299977988,0,506155,True,4,2,0.9974169715917803,0,False,,0.002583028408219678,0,325.50313689190574,172.11570502931195,1620.5,"[{""bbox"": [305, 152, 42, 41], ""centroid"": [325.50313689190574, 172.11570502931195], ""area_px"": 1620.5, ""has_hole"": true}, {""bbox"": [328, 210, 20, 20], ""centroid"": [337.4298884036875, 219.19990295972826], ""area_px"": 343.5, ""has_hole"": true}]",0.0,0.0,0.0,0.28,
1784258432.878368,ACTIVE,CLIMB,1.3403251999989152,0,506155,True,4,2,0.9974169715917803,0,False,,0.002583028408219678,0,325.50313689190574,172.11570502931195,1620.5,"[{""bbox"": [305, 152, 42, 41], ""centroid"": [325.50313689190574, 172.11570502931195], ""area_px"": 1620.5, ""has_hole"": true}, {""bbox"": [328, 210, 20, 20], ""centroid"": [337.4298884036875, 219.19990295972826], ""area_px"": 343.5, ""has_hole"": true}]",0.0,0.0,0.0,0.28,
1784258432.8980792,ACTIVE,CLIMB,1.3600454999832436,0,506157,True,4,2,0.9895468348649599,0,False,,0.010453165135040151,0,325.7349336574496,171.6766940139775,1645.5,"[{""bbox"": [305, 151, 42, 42], ""centroid"": [325.7349336574496, 171.6766940139775], ""area_px"": 1645.5, ""has_hole"": true}, {""bbox"": [328, 210, 20, 21], ""centroid"": [337.4859943977591, 219.5532212885154], ""area_px"": 357.0, ""has_hole"": true}]",0.0,0.0,0.0,0.28,
1784258432.9183314,ACTIVE,CLIMB,1.3802780999685638,0,506157,True,4,2,0.9895468348649599,0,False,,0.010453165135040151,0,325.7349336574496,171.6766940139775,1645.5,"[{""bbox"": [305, 151, 42, 42], ""centroid"": [325.7349336574496, 171.6766940139775], ""area_px"": 1645.5, ""has_hole"": true}, {""bbox"": [328, 210, 20, 21], ""centroid"": [337.4859943977591, 219.5532212885154], ""area_px"": 357.0, ""has_hole"": true}]",0.0,0.0,0.0,0.28,
1784258432.9383771,ACTIVE,CLIMB,1.4001588000101037,0,506157,True,4,2,0.9895468348649599,0,False,,0.010453165135040151,0,325.7349336574496,171.6766940139775,1645.5,"[{""bbox"": [305, 151, 42, 42], ""centroid"": [325.7349336574496, 171.6766940139775], ""area_px"": 1645.5, ""has_hole"": true}, {""bbox"": [328, 210, 20, 21], ""centroid"": [337.4859943977591, 219.5532212885154], ""area_px"": 357.0, ""has_hole"": true}]",0.0,0.0,0.0,0.28,
1784258432.9580452,ACTIVE,CLIMB,1.4199912999756634,0,506158,True,4,2,0.9793114217804844,0,False,,0.020688578219515665,0,325.2707780072784,171.36539785580797,1694.5,"[{""bbox"": [304, 150, 43, 43], ""centroid"": [325.2707780072784, 171.36539785580797], ""area_px"": 1694.5, ""has_hole"": true}, {""bbox"": [328, 210, 20, 20], ""centroid"": [337.4986033519553, 219.52560521415268], ""area_px"": 358.0, ""has_hole"": true}]",0.0,0.0,0.0,0.28,
1784258432.978049,ACTIVE,CLIMB,1.4400615000049584,0,506159,True,4,2,0.9949359057846794,0,False,,0.005064094215320594,0,325.3603630560542,171.54518252543386,1671.0,"[{""bbox"": [304, 150, 43, 43], ""centroid"": [325.3603630560542, 171.54518252543386], ""area_px"": 1671.0, ""has_hole"": true}, {""bbox"": [328, 210, 20, 20], ""centroid"": [337.51680672268907, 219.55135387488326], ""area_px"": 357.0, ""has_hole"": true}]",0.0,0.0,0.0,0.28,
1784258432.998387,ACTIVE,CLIMB,1.4603369999676943,0,506159,True,4,2,0.9949359057846794,0,False,,0.005064094215320594,0,325.3603630560542,171.54518252543386,1671.0,"[{""bbox"": [304, 150, 43, 43], ""centroid"": [325.3603630560542, 171.54518252543386], ""area_px"": 1671.0, ""has_hole"": true}, {""bbox"": [328, 210, 20, 20], ""centroid"": [337.51680672268907, 219.55135387488326], ""area_px"": 357.0, ""has_hole"": true}]",0.0,0.0,0.0,0.28,
1784258433.0180986,ACTIVE,CLIMB,1.4800138999707997,0,506160,True,4,2,0.981922983051696,0,False,,0.018077016948304013,0,325.3622228620789,171.05797101449272,1736.5,"[{""bbox"": [304, 150, 44, 43], ""centroid"": [325.3622228620789, 171.05797101449272], ""area_px"": 1736.5, ""has_hole"": true}, {""bbox"": [328, 210, 20, 20], ""centroid"": [337.51680672268907, 219.55135387488326], ""area_px"": 357.0, ""has_hole"": true}]",0.0,0.0,0.0,0.28,
1784258433.0382855,ACTIVE,APPROACH,1.5001633999636397,0,506161,True,4,2,0.9962735898958421,0,False,,0.0037264101041579005,0,325.7453677172875,171.03992359121295,1745.0,"[{""bbox"": [304, 150, 44, 43], ""centroid"": [325.7453677172875, 171.03992359121295], ""area_px"": 1745.0, ""has_hole"": true}, {""bbox"": [328, 210, 20, 20], ""centroid"": [337.518156424581, 219.52560521415268], ""area_px"": 358.0, ""has_hole"": true}]",0.0,-0.05,0.0,0.27,
1784258433.0580206,ACTIVE,APPROACH,1.5199785999720916,0,506161,True,4,2,0.9962735898958421,0,False,,0.0037264101041579005,0,325.7453677172875,171.03992359121295,1745.0,"[{""bbox"": [304, 150, 44, 43], ""centroid"": [325.7453677172875, 171.03992359121295], ""area_px"": 1745.0, ""has_hole"": true}, {""bbox"": [328, 210, 20, 20], ""centroid"": [337.518156424581, 219.52560521415268], ""area_px"": 358.0, ""has_hole"": true}]",0.0,-0.05,0.0,0.27,
1784258433.078093,ACTIVE,APPROACH,1.5400542999850586,0,506161,True,4,2,0.9962735898958421,0,False,,0.0037264101041579005,0,325.7453677172875,171.03992359121295,1745.0,"[{""bbox"": [304, 150, 44, 43], ""centroid"": [325.7453677172875, 171.03992359121295], ""area_px"": 1745.0, ""has_hole"": true}, {""bbox"": [328, 210, 20, 20], ""centroid"": [337.518156424581, 219.52560521415268], ""area_px"": 358.0, ""has_hole"": true}]",0.0,-0.05,0.0,0.27,
1784258433.0985856,ACTIVE,APPROACH,1.5606008999748155,0,506163,True,4,2,0.99357854764061,0,False,,0.006421452359389902,0,325.88781567562125,171.79665962370458,1656.5,"[{""bbox"": [304, 150, 44, 43], ""centroid"": [325.88781567562125, 171.79665962370458], ""area_px"": 1656.5, ""has_hole"": true}, {""bbox"": [328, 210, 20, 20], ""centroid"": [337.546875, 219.67992424242422], ""area_px"": 352.0, ""has_hole"": true}]",0.0,-0.05,0.0,0.27,
1784258433.1184702,ACTIVE,APPROACH,1.5803961000056006,0,506163,True,4,2,0.99357854764061,0,False,,0.006421452359389902,0,325.88781567562125,171.79665962370458,1656.5,"[{""bbox"": [304, 150, 44, 43], ""centroid"": [325.88781567562125, 171.79665962370458], ""area_px"": 1656.5, ""has_hole"": true}, {""bbox"": [328, 210, 20, 20], ""centroid"": [337.546875, 219.67992424242422], ""area_px"": 352.0, ""has_hole"": true}]",0.0,-0.05,0.0,0.27,
1784258433.1383204,ACTIVE,APPROACH,1.6002635000040755,0,506163,True,4,2,0.99357854764061,0,False,,0.006421452359389902,0,325.88781567562125,171.79665962370458,1656.5,"[{""bbox"": [304, 150, 44, 43], ""centroid"": [325.88781567562125, 171.79665962370458], ""area_px"": 1656.5, ""has_hole"": true}, {""bbox"": [328, 210, 20, 20], ""centroid"": [337.546875, 219.67992424242422], ""area_px"": 352.0, ""has_hole"": true}]",0.0,-0.05,0.0,0.27,
1784258433.158449,ACTIVE,APPROACH,1.6204029999789782,0,506164,True,4,2,0.8172444299008395,0,False,,0.18275557009916055,0,325.47415611814347,172.4732770745429,948.0,"[{""bbox"": [304, 146, 44, 45], ""centroid"": [325.47415611814347, 172.4732770745429], ""area_px"": 948.0, ""has_hole"": false}, {""bbox"": [328, 208, 20, 20], ""centroid"": [337.66006600660063, 218.76980198019803], ""area_px"": 202.0, ""has_hole"": false}]",0.0,-0.05,0.0,0.27,
1784258433.178347,ACTIVE,APPROACH,1.6403194000013173,0,506165,True,4,2,0.9880865732451611,0,False,,0.011913426754838832,0,325.43157531885555,172.14684591520165,967.0,"[{""bbox"": [304, 146, 44, 44], ""centroid"": [325.43157531885555, 172.14684591520165], ""area_px"": 967.0, ""has_hole"": false}, {""bbox"": [328, 207, 21, 21], ""centroid"": [338.26911314984704, 218.8860856269113], ""area_px"": 218.0, ""has_hole"": false}]",0.0,-0.05,0.0,0.27,
1784258433.19847,ACTIVE,APPROACH,1.6603816999704577,0,506165,True,4,2,0.9880865732451611,0,False,,0.011913426754838832,0,325.43157531885555,172.14684591520165,967.0,"[{""bbox"": [304, 146, 44, 44], ""centroid"": [325.43157531885555, 172.14684591520165], ""area_px"": 967.0, ""has_hole"": false}, {""bbox"": [328, 207, 21, 21], ""centroid"": [338.26911314984704, 218.8860856269113], ""area_px"": 218.0, ""has_hole"": false}]",0.0,-0.05,0.0,0.27,
1784258433.2181704,ACTIVE,APPROACH,1.6801171000115573,0,506166,True,4,2,0.9619445927554745,0,False,,0.03805540724452548,0,325.74497786857336,170.0207694926796,979.0,"[{""bbox"": [304, 144, 45, 44], ""centroid"": [325.74497786857336, 170.0207694926796], ""area_px"": 979.0, ""has_hole"": false}, {""bbox"": [328, 206, 21, 20], ""centroid"": [338.5057471264368, 217.216091954023], ""area_px"": 217.5, ""has_hole"": false}]",0.0,-0.05,0.0,0.27,
1784258433.2380486,ACTIVE,APPROACH,1.7000617000157945,0,506167,True,4,2,0.9777432273394008,0,False,,0.022256772660599194,0,326.0722911497105,169.16277915632753,1007.5,"[{""bbox"": [304, 142, 45, 46], ""centroid"": [326.0722911497105, 169.16277915632753], ""area_px"": 1007.5, ""has_hole"": false}, {""bbox"": [328, 205, 22, 21], ""centroid"": [338.54385964912274, 216.0909090909091], ""area_px"": 209.0, ""has_hole"": false}]",0.0,-0.05,0.0,0.27,
1784258433.2580562,ACTIVE,APPROACH,1.7200262999976985,0,506167,True,4,2,0.9777432273394008,0,False,,0.022256772660599194,0,326.0722911497105,169.16277915632753,1007.5,"[{""bbox"": [304, 142, 45, 46], ""centroid"": [326.0722911497105, 169.16277915632753], ""area_px"": 1007.5, ""has_hole"": false}, {""bbox"": [328, 205, 22, 21], ""centroid"": [338.54385964912274, 216.0909090909091], ""area_px"": 209.0, ""has_hole"": false}]",0.0,-0.05,0.0,0.27,
1784258433.278511,ACTIVE,APPROACH,1.7401746999821626,0,506167,True,4,2,0.9777432273394008,0,False,,0.022256772660599194,0,326.0722911497105,169.16277915632753,1007.5,"[{""bbox"": [304, 142, 45, 46], ""centroid"": [326.0722911497105, 169.16277915632753], ""area_px"": 1007.5, ""has_hole"": false}, {""bbox"": [328, 205, 22, 21], ""centroid"": [338.54385964912274, 216.0909090909091], ""area_px"": 209.0, ""has_hole"": false}]",0.0,-0.05,0.0,0.27,
1784258433.2981837,ACTIVE,APPROACH,1.7601909000077285,0,506169,True,4,2,0.9902844450095539,0,False,,0.009715554990446058,0,326.052563480511,166.2882096069869,1030.5,"[{""bbox"": [304, 140, 45, 46], ""centroid"": [326.052563480511, 166.2882096069869], ""area_px"": 1030.5, ""has_hole"": false}, {""bbox"": [328, 202, 22, 22], ""centroid"": [338.63888888888886, 213.87134502923976], ""area_px"": 228.0, ""has_hole"": false}]",0.0,-0.05,0.0,0.27,
1784258433.3181348,ACTIVE,APPROACH,1.7800310999737121,0,506169,True,4,2,0.9902844450095539,0,False,,0.009715554990446058,0,326.052563480511,166.2882096069869,1030.5,"[{""bbox"": [304, 140, 45, 46], ""centroid"": [326.052563480511, 166.2882096069869], ""area_px"": 1030.5, ""has_hole"": false}, {""bbox"": [328, 202, 22, 22], ""centroid"": [338.63888888888886, 213.87134502923976], ""area_px"": 228.0, ""has_hole"": false}]",0.0,-0.05,0.0,0.27,
1784258433.338515,ACTIVE,APPROACH,1.8004867999698035,0,506169,True,4,2,0.9902844450095539,0,False,,0.009715554990446058,0,326.052563480511,166.2882096069869,1030.5,"[{""bbox"": [304, 140, 45, 46], ""centroid"": [326.052563480511, 166.2882096069869], ""area_px"": 1030.5, ""has_hole"": false}, {""bbox"": [328, 202, 22, 22], ""centroid"": [338.63888888888886, 213.87134502923976], ""area_px"": 228.0, ""has_hole"": false}]",0.0,-0.05,0.0,0.27,
1784258433.3584468,ACTIVE,APPROACH,1.8203802999923937,0,506170,True,4,2,0.9307947660700606,0,False,,0.06920523392993937,0,326.6134529147982,163.1291479820628,1115.0,"[{""bbox"": [304, 136, 46, 48], ""centroid"": [326.6134529147982, 163.1291479820628], ""area_px"": 1115.0, ""has_hole"": false}, {""bbox"": [328, 201, 21, 21], ""centroid"": [338.33565891472864, 212.23953488372092], ""area_px"": 215.0, ""has_hole"": false}]",0.0,-0.05,0.0,0.27,
1784258433.3784983,ACTIVE,APPROACH,1.840510300011374,0,506171,True,4,2,0.8030592601718632,0,False,,0.19694073982813673,0,326.4329683092749,158.65256346441015,2009.0,"[{""bbox"": [304, 136, 46, 46], ""centroid"": [326.4329683092749, 158.65256346441015], ""area_px"": 2009.0, ""has_hole"": true}, {""bbox"": [328, 200, 21, 21], ""centroid"": [338.99835796387515, 211.63711001642034], ""area_px"": 203.0, ""has_hole"": false}]",0.0,-0.05,0.0,0.27,
1784258433.398402,ACTIVE,APPROACH,1.860351699986495,0,506171,True,4,2,0.8030592601718632,0,False,,0.19694073982813673,0,326.4329683092749,158.65256346441015,2009.0,"[{""bbox"": [304, 136, 46, 46], ""centroid"": [326.4329683092749, 158.65256346441015], ""area_px"": 2009.0, ""has_hole"": true}, {""bbox"": [328, 200, 21, 21], ""centroid"": [338.99835796387515, 211.63711001642034], ""area_px"": 203.0, ""has_hole"": false}]",0.0,-0.05,0.0,0.27,
1784258433.4179902,ACTIVE,APPROACH,1.8799316000076942,0,506172,True,4,2,0.8319616074180591,0,False,,0.16803839258194084,0,325.904941901162,159.22553548929022,1190.5,"[{""bbox"": [303, 134, 47, 46], ""centroid"": [325.904941901162, 159.22553548929022], ""area_px"": 1190.5, ""has_hole"": false}, {""bbox"": [328, 198, 21, 22], ""centroid"": [338.6235827664399, 209.74225245653815], ""area_px"": 220.5, ""has_hole"": false}]",0.0,-0.05,0.0,0.27,
1784258433.4383836,ACTIVE,APPROACH,1.899960100010503,0,506173,True,4,1,0.9782736441876069,0,False,,0.021726355812393083,0,325.8706931495744,158.6318065126334,1233.5,"[{""bbox"": [303, 132, 47, 48], ""centroid"": [325.8706931495744, 158.6318065126334], ""area_px"": 1233.5, ""has_hole"": false}]",0.0,-0.05,0.0,0.27,
1784258433.4583833,ACTIVE,APPROACH,1.9203958999714814,0,506173,True,4,1,0.9782736441876069,0,False,,0.021726355812393083,0,325.8706931495744,158.6318065126334,1233.5,"[{""bbox"": [303, 132, 47, 48], ""centroid"": [325.8706931495744, 158.6318065126334], ""area_px"": 1233.5, ""has_hole"": false}]",0.0,-0.05,0.0,0.27,
1784258433.478337,ACTIVE,APPROACH,1.9403251999756321,0,506173,True,4,1,0.9782736441876069,0,False,,0.021726355812393083,0,325.8706931495744,158.6318065126334,1233.5,"[{""bbox"": [303, 132, 47, 48], ""centroid"": [325.8706931495744, 158.6318065126334], ""area_px"": 1233.5, ""has_hole"": false}]",0.0,-0.05,0.0,0.27,
1784258433.498666,ACTIVE,APPROACH,1.9606305999914184,0,506175,True,4,1,0.8469959373661602,0,False,,0.15300406263383975,0,326.41201413427564,153.3383588535532,2122.5,"[{""bbox"": [302, 128, 49, 50], ""centroid"": [326.41201413427564, 153.3383588535532], ""area_px"": 2122.5, ""has_hole"": true}]",0.0,-0.05,0.0,0.27,
1784258433.5183165,ACTIVE,APPROACH,1.980051199963782,0,506175,True,4,1,0.8469959373661602,0,False,,0.15300406263383975,0,326.41201413427564,153.3383588535532,2122.5,"[{""bbox"": [302, 128, 49, 50], ""centroid"": [326.41201413427564, 153.3383588535532], ""area_px"": 2122.5, ""has_hole"": true}]",0.0,-0.05,0.0,0.27,
1784258433.5381978,ACTIVE,APPROACH,1.9999786000116728,0,506175,True,4,1,0.8469959373661602,0,False,,0.15300406263383975,0,326.41201413427564,153.3383588535532,2122.5,"[{""bbox"": [302, 128, 49, 50], ""centroid"": [326.41201413427564, 153.3383588535532], ""area_px"": 2122.5, ""has_hole"": true}]",0.0,-0.05,0.0,0.27,
1784258433.5583663,ACTIVE,APPROACH,2.0201736000017263,0,506176,True,4,2,0.9477973543685755,0,False,,0.052202645631424516,0,326.40085792470967,150.05761408179868,2253.5,"[{""bbox"": [302, 126, 49, 50], ""centroid"": [326.40085792470967, 150.05761408179868], ""area_px"": 2253.5, ""has_hole"": true}, {""bbox"": [328, 193, 22, 21], ""centroid"": [338.90813316477033, 203.23219553308047], ""area_px"": 395.5, ""has_hole"": true}]",0.0,0.0,0.0,0.27,
1784258433.5780969,ACTIVE,APPROACH,2.040053299977444,0,506177,True,4,2,0.9756664932479557,0,False,,0.024333506752044286,0,326.32674392183594,149.67128682875102,2200.5,"[{""bbox"": [302, 125, 50, 49], ""centroid"": [326.32674392183594, 149.67128682875102], ""area_px"": 2200.5, ""has_hole"": true}, {""bbox"": [328, 193, 22, 21], ""centroid"": [339.30669710806694, 204.66590563165903], ""area_px"": 219.0, ""has_hole"": false}]",0.0,0.0,0.0,0.27,
1784258433.5983696,ACTIVE,APPROACH,2.0603294000029564,0,506177,True,4,2,0.9756664932479557,0,False,,0.024333506752044286,0,326.32674392183594,149.67128682875102,2200.5,"[{""bbox"": [302, 125, 50, 49], ""centroid"": [326.32674392183594, 149.67128682875102], ""area_px"": 2200.5, ""has_hole"": true}, {""bbox"": [328, 193, 22, 21], ""centroid"": [339.30669710806694, 204.66590563165903], ""area_px"": 219.0, ""has_hole"": false}]",0.0,0.0,0.0,0.27,
1784258433.6183841,ACTIVE,APPROACH,2.0803511000121944,0,506178,True,4,2,0.9534721340491751,0,False,,0.046527865950824886,0,326.44261585101776,147.4047928396131,2309.0,"[{""bbox"": [302, 122, 50, 50], ""centroid"": [326.44261585101776, 147.4047928396131], ""area_px"": 2309.0, ""has_hole"": true}, {""bbox"": [328, 191, 22, 21], ""centroid"": [338.98800342759205, 201.27977720651242], ""area_px"": 389.0, ""has_hole"": true}]",0.0,0.0,0.0,0.27,
1784258433.6381574,ACTIVE,APPROACH,2.1000540999812074,0,506179,True,4,2,0.9874496281043743,0,False,,0.012550371895625644,0,326.5008406893653,146.7019756200084,2379.0,"[{""bbox"": [302, 122, 50, 50], ""centroid"": [326.5008406893653, 146.7019756200084], ""area_px"": 2379.0, ""has_hole"": true}, {""bbox"": [328, 191, 22, 21], ""centroid"": [339.0284974093264, 201.42746113989637], ""area_px"": 386.0, ""has_hole"": true}]",0.0,0.0,0.0,0.27,
1784258433.6580026,ACTIVE,APPROACH,2.1199607999878936,0,506179,True,4,2,0.9874496281043743,0,False,,0.012550371895625644,0,326.5008406893653,146.7019756200084,2379.0,"[{""bbox"": [302, 122, 50, 50], ""centroid"": [326.5008406893653, 146.7019756200084], ""area_px"": 2379.0, ""has_hole"": true}, {""bbox"": [328, 191, 22, 21], ""centroid"": [339.0284974093264, 201.42746113989637], ""area_px"": 386.0, ""has_hole"": true}]",0.0,0.0,0.0,0.27,
1784258433.67839,ACTIVE,APPROACH,2.140189300000202,0,506179,True,4,2,0.9874496281043743,0,False,,0.012550371895625644,0,326.5008406893653,146.7019756200084,2379.0,"[{""bbox"": [302, 122, 50, 50], ""centroid"": [326.5008406893653, 146.7019756200084], ""area_px"": 2379.0, ""has_hole"": true}, {""bbox"": [328, 191, 22, 21], ""centroid"": [339.0284974093264, 201.42746113989637], ""area_px"": 386.0, ""has_hole"": true}]",0.0,0.0,0.0,0.27,
1784258433.6982942,ACTIVE,APPROACH,2.1600881000049412,0,506180,True,4,2,0.9812261920915443,0,False,,0.01877380790845573,0,326.77403551745255,146.29883649724434,2449.5,"[{""bbox"": [302, 121, 51, 51], ""centroid"": [326.77403551745255, 146.29883649724434], ""area_px"": 2449.5, ""has_hole"": true}, {""bbox"": [328, 191, 22, 21], ""centroid"": [338.8837998303647, 201.29728583545375], ""area_px"": 393.0, ""has_hole"": true}]",0.0,0.0,0.0,0.27,
1784258433.7186294,ACTIVE,APPROACH,2.1803819999913685,0,506181,True,4,2,0.9928868928957161,0,False,,0.0071131071042839465,0,326.7890867395116,146.15823553217322,2471.0,"[{""bbox"": [302, 120, 51, 52], ""centroid"": [326.7890867395116, 146.15823553217322], ""area_px"": 2471.0, ""has_hole"": true}, {""bbox"": [328, 191, 22, 21], ""centroid"": [338.83122362869193, 201.29324894514767], ""area_px"": 395.0, ""has_hole"": true}]",0.0,0.0,0.0,0.27,
1784258433.7383447,ACTIVE,APPROACH,2.200301299977582,0,506181,True,4,2,0.9928868928957161,0,False,,0.0071131071042839465,0,326.7890867395116,146.15823553217322,2471.0,"[{""bbox"": [302, 120, 51, 52], ""centroid"": [326.7890867395116, 146.15823553217322], ""area_px"": 2471.0, ""has_hole"": true}, {""bbox"": [328, 191, 22, 21], ""centroid"": [338.83122362869193, 201.29324894514767], ""area_px"": 395.0, ""has_hole"": true}]",0.0,0.0,0.0,0.27,
1784258433.758603,ACTIVE,APPROACH,2.2203470999957062,0,506182,True,4,2,0.988084072210452,0,False,,0.011915927789547965,0,326.9948859166011,145.51980068187777,2542.0,"[{""bbox"": [302, 120, 51, 52], ""centroid"": [326.9948859166011, 145.51980068187777], ""area_px"": 2542.0, ""has_hole"": true}, {""bbox"": [328, 191, 22, 21], ""centroid"": [339.02187902187904, 201.3118833118833], ""area_px"": 388.5, ""has_hole"": true}]",0.0,0.0,0.0,0.27,
1784258433.7780466,ACTIVE,APPROACH,2.240011300018523,0,506183,True,4,2,0.9892574533541135,0,False,,0.0107425466458865,0,327.4120191066356,145.58630260779756,2582.0,"[{""bbox"": [302, 120, 52, 52], ""centroid"": [327.4120191066356, 145.58630260779756], ""area_px"": 2582.0, ""has_hole"": true}, {""bbox"": [328, 191, 22, 21], ""centroid"": [338.87621461765946, 201.24503591043512], ""area_px"": 394.5, ""has_hole"": true}]",0.0,0.0,0.0,0.27,
1784258433.7983725,ACTIVE,APPROACH,2.2603670000098646,0,506183,True,4,2,0.9892574533541135,0,False,,0.0107425466458865,0,327.4120191066356,145.58630260779756,2582.0,"[{""bbox"": [302, 120, 52, 52], ""centroid"": [327.4120191066356, 145.58630260779756], ""area_px"": 2582.0, ""has_hole"": true}, {""bbox"": [328, 191, 22, 21], ""centroid"": [338.87621461765946, 201.24503591043512], ""area_px"": 394.5, ""has_hole"": true}]",0.0,0.0,0.0,0.27,
1784258433.8183131,ACTIVE,APPROACH,2.2801807000068948,0,506184,True,4,2,0.9631014551562858,0,False,,0.036898544843714284,0,326.9893249413797,144.0302357151672,2701.0,"[{""bbox"": [300, 118, 54, 54], ""centroid"": [326.9893249413797, 144.0302357151672], ""area_px"": 2701.0, ""has_hole"": true}, {""bbox"": [328, 191, 24, 21], ""centroid"": [339.61778846153845, 201.37019230769232], ""area_px"": 416.0, ""has_hole"": true}]",0.0,0.0,0.0,0.27,
1784258433.8383908,ACTIVE,APPROACH,2.300351199985016,0,506185,True,4,2,0.9941932522145198,0,False,,0.00580674778548021,0,326.8720737327189,143.9347465437788,2712.5,"[{""bbox"": [300, 118, 54, 53], ""centroid"": [326.8720737327189, 143.9347465437788], ""area_px"": 2712.5, ""has_hole"": true}, {""bbox"": [328, 191, 24, 22], ""centroid"": [339.56550387596894, 201.68527131782943], ""area_px"": 430.0, ""has_hole"": true}]",0.0,0.0,0.0,0.27,
1784258433.858016,ACTIVE,APPROACH,2.319974199985154,0,506185,True,4,2,0.9941932522145198,0,False,,0.00580674778548021,0,326.8720737327189,143.9347465437788,2712.5,"[{""bbox"": [300, 118, 54, 53], ""centroid"": [326.8720737327189, 143.9347465437788], ""area_px"": 2712.5, ""has_hole"": true}, {""bbox"": [328, 191, 24, 22], ""centroid"": [339.56550387596894, 201.68527131782943], ""area_px"": 430.0, ""has_hole"": true}]",0.0,0.0,0.0,0.27,
1784258433.8782778,ACTIVE,APPROACH,2.340244899969548,0,506185,True,4,2,0.9941932522145198,0,False,,0.00580674778548021,0,326.8720737327189,143.9347465437788,2712.5,"[{""bbox"": [300, 118, 54, 53], ""centroid"": [326.8720737327189, 143.9347465437788], ""area_px"": 2712.5, ""has_hole"": true}, {""bbox"": [328, 191, 24, 22], ""centroid"": [339.56550387596894, 201.68527131782943], ""area_px"": 430.0, ""has_hole"": true}]",0.0,0.0,0.0,0.27,
1784258433.8981876,ACTIVE,APPROACH,2.3601005999953486,0,506187,True,4,2,0.9905286390462793,0,False,,0.009471360953720698,0,327.20932798977753,142.91125050821861,2869.5,"[{""bbox"": [300, 116, 55, 55], ""centroid"": [327.20932798977753, 142.91125050821861], ""area_px"": 2869.5, ""has_hole"": true}, {""bbox"": [328, 191, 24, 23], ""centroid"": [339.4862700228833, 201.76353928299005], ""area_px"": 437.0, ""has_hole"": true}]",0.0,0.0,0.0,0.27,
1784258433.918343,ACTIVE,APPROACH,2.380282800004352,0,506187,True,4,2,0.9905286390462793,0,False,,0.009471360953720698,0,327.20932798977753,142.91125050821861,2869.5,"[{""bbox"": [300, 116, 55, 55], ""centroid"": [327.20932798977753, 142.91125050821861], ""area_px"": 2869.5, ""has_hole"": true}, {""bbox"": [328, 191, 24, 23], ""centroid"": [339.4862700228833, 201.76353928299005], ""area_px"": 437.0, ""has_hole"": true}]",0.0,0.0,0.0,0.27,
1784258433.93855,ACTIVE,APPROACH,2.4002410999964923,0,506187,True,4,2,0.9905286390462793,0,False,,0.009471360953720698,0,327.20932798977753,142.91125050821861,2869.5,"[{""bbox"": [300, 116, 55, 55], ""centroid"": [327.20932798977753, 142.91125050821861], ""area_px"": 2869.5, ""has_hole"": true}, {""bbox"": [328, 191, 24, 23], ""centroid"": [339.4862700228833, 201.76353928299005], ""area_px"": 437.0, ""has_hole"": true}]",0.0,0.0,0.0,0.27,
1784258433.9584959,ACTIVE,APPROACH,2.4205203999881633,0,506188,True,4,2,0.8563160843307202,0,False,,0.14368391566927982,0,326.93362429532635,144.6418439716312,1833.0,"[{""bbox"": [300, 114, 56, 57], ""centroid"": [326.93362429532635, 144.6418439716312], ""area_px"": 1833.0, ""has_hole"": false}, {""bbox"": [328, 191, 24, 23], ""centroid"": [339.39835575485796, 201.72421524663676], ""area_px"": 446.0, ""has_hole"": true}]",0.0,0.0,0.0,0.27,
1784258433.978276,ACTIVE,APPROACH,2.4402524000033736,0,506189,True,4,2,0.9965948625371485,0,False,,0.0034051374628515777,0,327.07193849533223,144.86015010067726,1821.0,"[{""bbox"": [300, 114, 56, 57], ""centroid"": [327.07193849533223, 144.86015010067726], ""area_px"": 1821.0, ""has_hole"": false}, {""bbox"": [328, 191, 24, 23], ""centroid"": [339.5199398043641, 201.72498118886378], ""area_px"": 443.0, ""has_hole"": true}]",0.0,0.0,0.0,0.27,
1784258434.0011208,ACTIVE,APPROACH,2.462892599985935,0,506189,True,4,2,0.9965948625371485,0,False,,0.0034051374628515777,0,327.07193849533223,144.86015010067726,1821.0,"[{""bbox"": [300, 114, 56, 57], ""centroid"": [327.07193849533223, 144.86015010067726], ""area_px"": 1821.0, ""has_hole"": false}, {""bbox"": [328, 191, 24, 23], ""centroid"": [339.5199398043641, 201.72498118886378], ""area_px"": 443.0, ""has_hole"": true}]",0.0,0.0,0.0,0.27,
1784258434.0186083,ACTIVE,APPROACH,2.4805259999702685,0,506190,True,4,2,0.9710523557135086,0,False,,0.02894764428649147,0,327.5090909090909,143.61131907308376,1870.0,"[{""bbox"": [300, 112, 57, 58], ""centroid"": [327.5090909090909, 143.61131907308376], ""area_px"": 1870.0, ""has_hole"": false}, {""bbox"": [328, 191, 24, 23], ""centroid"": [339.8972131740861, 201.75497647484616], ""area_px"": 460.5, ""has_hole"": true}]",0.0,0.0,0.0,0.27,
1784258434.0382304,ACTIVE,APPROACH,2.5001430999836884,0,506190,True,4,2,0.9710523557135086,0,False,,0.02894764428649147,0,327.5090909090909,143.61131907308376,1870.0,"[{""bbox"": [300, 112, 57, 58], ""centroid"": [327.5090909090909, 143.61131907308376], ""area_px"": 1870.0, ""has_hole"": false}, {""bbox"": [328, 191, 24, 23], ""centroid"": [339.8972131740861, 201.75497647484616], ""area_px"": 460.5, ""has_hole"": true}]",0.0,0.0,0.0,0.27,
1784258434.0581625,ACTIVE,APPROACH,2.5201596000115387,0,506191,True,4,2,0.997111700426623,0,False,,0.0028882995733769965,0,327.76901760972555,143.82104228121926,1864.5,"[{""bbox"": [300, 112, 57, 58], ""centroid"": [327.76901760972555, 143.82104228121926], ""area_px"": 1864.5, ""has_hole"": false}, {""bbox"": [328, 191, 24, 23], ""centroid"": [339.98733260948245, 201.79225479551212], ""area_px"": 460.5, ""has_hole"": true}]",0.0,0.0,0.0,0.27,
1784258434.078036,ACTIVE,APPROACH,2.5399473999859765,0,506191,True,4,2,0.997111700426623,0,False,,0.0028882995733769965,0,327.76901760972555,143.82104228121926,1864.5,"[{""bbox"": [300, 112, 57, 58], ""centroid"": [327.76901760972555, 143.82104228121926], ""area_px"": 1864.5, ""has_hole"": false}, {""bbox"": [328, 191, 24, 23], ""centroid"": [339.98733260948245, 201.79225479551212], ""area_px"": 460.5, ""has_hole"": true}]",0.0,0.0,0.0,0.27,
1784258434.0986435,ACTIVE,APPROACH,2.5600084000034258,0,506193,True,4,2,0.9906019229769496,0,False,,0.009398077023050375,0,327.52479843635473,142.8041371447186,2046.5,"[{""bbox"": [298, 110, 60, 60], ""centroid"": [327.52479843635473, 142.8041371447186], ""area_px"": 2046.5, ""has_hole"": false}, {""bbox"": [328, 191, 24, 23], ""centroid"": [340.2072072072072, 203.45945945945945], ""area_px"": 277.5, ""has_hole"": false}]",0.0,0.0,0.0,0.27,
1784258434.1192179,ACTIVE,APPROACH,2.580722299986519,0,506193,True,4,2,0.9906019229769496,0,False,,0.009398077023050375,0,327.52479843635473,142.8041371447186,2046.5,"[{""bbox"": [298, 110, 60, 60], ""centroid"": [327.52479843635473, 142.8041371447186], ""area_px"": 2046.5, ""has_hole"": false}, {""bbox"": [328, 191, 24, 23], ""centroid"": [340.2072072072072, 203.45945945945945], ""area_px"": 277.5, ""has_hole"": false}]",0.0,0.0,0.0,0.27,
1784258434.138418,ACTIVE,APPROACH,2.600327299966011,0,506193,True,4,2,0.9906019229769496,0,False,,0.009398077023050375,0,327.52479843635473,142.8041371447186,2046.5,"[{""bbox"": [298, 110, 60, 60], ""centroid"": [327.52479843635473, 142.8041371447186], ""area_px"": 2046.5, ""has_hole"": false}, {""bbox"": [328, 191, 24, 23], ""centroid"": [340.2072072072072, 203.45945945945945], ""area_px"": 277.5, ""has_hole"": false}]",0.0,0.0,0.0,0.27,
1784258434.1579795,ACTIVE,APPROACH,2.6199580999673344,0,506194,True,4,2,0.9790233188896987,0,False,,0.020976681110301224,0,328.1349226265161,143.02785445420326,1992.5,"[{""bbox"": [298, 108, 61, 62], ""centroid"": [328.1349226265161, 143.02785445420326], ""area_px"": 1992.5, ""has_hole"": false}, {""bbox"": [329, 191, 23, 23], ""centroid"": [340.5843214756258, 203.9584980237154], ""area_px"": 253.0, ""has_hole"": false}]",0.0,0.0,0.0,0.27,
1784258434.1782107,ACTIVE,APPROACH,2.6401964999968186,0,506195,True,4,2,0.9920958623432332,0,False,,0.007904137656766763,0,327.667083437526,142.65824789530714,1999.5,"[{""bbox"": [298, 108, 61, 61], ""centroid"": [327.667083437526, 142.65824789530714], ""area_px"": 1999.5, ""has_hole"": false}, {""bbox"": [329, 191, 23, 24], ""centroid"": [340.51257253384915, 203.96002578981302], ""area_px"": 258.5, ""has_hole"": false}]",0.0,0.0,0.0,0.27,
1784258434.1981149,ACTIVE,APPROACH,2.659997900016606,0,506196,True,4,2,0.9793048823041584,0,False,,0.020695117695841682,0,327.7581699346405,143.09330065359475,2040.0,"[{""bbox"": [298, 106, 62, 64], ""centroid"": [327.7581699346405, 143.09330065359475], ""area_px"": 2040.0, ""has_hole"": false}, {""bbox"": [330, 191, 24, 24], ""centroid"": [341.45179584120984, 203.9439193446755], ""area_px"": 264.5, ""has_hole"": false}]",0.0,0.0,0.0,0.27,
1784258434.218407,ACTIVE,APPROACH,2.6803626000182703,0,506196,True,4,2,0.9793048823041584,0,False,,0.020695117695841682,0,327.7581699346405,143.09330065359475,2040.0,"[{""bbox"": [298, 106, 62, 64], ""centroid"": [327.7581699346405, 143.09330065359475], ""area_px"": 2040.0, ""has_hole"": false}, {""bbox"": [330, 191, 24, 24], ""centroid"": [341.45179584120984, 203.9439193446755], ""area_px"": 264.5, ""has_hole"": false}]",0.0,0.0,0.0,0.27,
1784258434.2379105,ACTIVE,APPROACH,2.6999310000101104,0,506197,True,4,2,0.9855765699465799,0,False,,0.014423430053420025,0,328.15056910569103,142.6060162601626,2050.0,"[{""bbox"": [298, 105, 63, 64], ""centroid"": [328.15056910569103, 142.6060162601626], ""area_px"": 2050.0, ""has_hole"": false}, {""bbox"": [330, 191, 24, 24], ""centroid"": [341.64868336544635, 203.94091201027615], ""area_px"": 259.5, ""has_hole"": false}]",0.0,0.0,0.0,0.27,
1784258434.2583687,ACTIVE,APPROACH,2.7202699999907054,0,506197,True,4,2,0.9855765699465799,0,False,,0.014423430053420025,0,328.15056910569103,142.6060162601626,2050.0,"[{""bbox"": [298, 105, 63, 64], ""centroid"": [328.15056910569103, 142.6060162601626], ""area_px"": 2050.0, ""has_hole"": false}, {""bbox"": [330, 191, 24, 24], ""centroid"": [341.64868336544635, 203.94091201027615], ""area_px"": 259.5, ""has_hole"": false}]",0.0,0.0,0.0,0.27,
1784258434.2780895,ACTIVE,APPROACH,2.740087100013625,0,506198,True,4,2,0.9727777018889405,0,False,,0.02722229811105951,0,327.72259353153567,141.81562572021204,2169.5,"[{""bbox"": [297, 104, 64, 65], ""centroid"": [327.72259353153567, 141.81562572021204], ""area_px"": 2169.5, ""has_hole"": false}, {""bbox"": [330, 191, 24, 24], ""centroid"": [341.3610108303249, 204.6552346570397], ""area_px"": 277.0, ""has_hole"": false}]",0.0,0.0,0.0,0.27,
1784258434.2983918,ACTIVE,APPROACH,2.760229600011371,0,506198,True,4,2,0.9727777018889405,0,False,,0.02722229811105951,0,327.72259353153567,141.81562572021204,2169.5,"[{""bbox"": [297, 104, 64, 65], ""centroid"": [327.72259353153567, 141.81562572021204], ""area_px"": 2169.5, ""has_hole"": false}, {""bbox"": [330, 191, 24, 24], ""centroid"": [341.3610108303249, 204.6552346570397], ""area_px"": 277.0, ""has_hole"": false}]",0.0,0.0,0.0,0.27,
1784258434.31828,ACTIVE,APPROACH,2.7802565000019968,0,506199,True,4,2,0.9698662459070241,0,False,,0.030133754092975928,0,327.62592343854936,140.61137228565033,2233.5,"[{""bbox"": [296, 102, 66, 66], ""centroid"": [327.62592343854936, 140.61137228565033], ""area_px"": 2233.5, ""has_hole"": false}, {""bbox"": [330, 191, 23, 25], ""centroid"": [341.31009174311924, 204.49969418960245], ""area_px"": 272.5, ""has_hole"": false}]",0.0,0.0,0.0,0.27,
1784258434.3383195,ACTIVE,APPROACH,2.8002804999705404,0,506200,True,4,2,0.9763786354490255,0,False,,0.023621364550974536,0,327.6065642751946,140.490567360965,2376.5,"[{""bbox"": [296, 101, 67, 67], ""centroid"": [327.6065642751946, 140.490567360965], ""area_px"": 2376.5, ""has_hole"": false}, {""bbox"": [330, 191, 24, 25], ""centroid"": [341.33149509803917, 204.6311274509804], ""area_px"": 272.0, ""has_hole"": false}]",0.0,0.0,0.0,0.27,
1784258434.3581765,ACTIVE,APPROACH,2.8201194999855943,0,506200,True,4,2,0.9763786354490255,0,False,,0.023621364550974536,0,327.6065642751946,140.490567360965,2376.5,"[{""bbox"": [296, 101, 67, 67], ""centroid"": [327.6065642751946, 140.490567360965], ""area_px"": 2376.5, ""has_hole"": false}, {""bbox"": [330, 191, 24, 25], ""centroid"": [341.33149509803917, 204.6311274509804], ""area_px"": 272.0, ""has_hole"": false}]",0.0,0.0,0.0,0.27,
1784258434.3782856,ACTIVE,APPROACH,2.8402987999725156,0,506201,True,4,2,0.9797648026585277,0,False,,0.02023519734147233,0,328.0666530640005,139.64109365435624,2450.5,"[{""bbox"": [296, 100, 68, 68], ""centroid"": [328.0666530640005, 139.64109365435624], ""area_px"": 2450.5, ""has_hole"": false}, {""bbox"": [330, 191, 24, 25], ""centroid"": [342.14608695652174, 204.4342028985507], ""area_px"": 287.5, ""has_hole"": false}]",0.0,0.0,0.0,0.27,
1784258434.3982005,ACTIVE,APPROACH,2.860219199967105,0,506201,True,4,2,0.9797648026585277,0,False,,0.02023519734147233,0,328.0666530640005,139.64109365435624,2450.5,"[{""bbox"": [296, 100, 68, 68], ""centroid"": [328.0666530640005, 139.64109365435624], ""area_px"": 2450.5, ""has_hole"": false}, {""bbox"": [330, 191, 24, 25], ""centroid"": [342.14608695652174, 204.4342028985507], ""area_px"": 287.5, ""has_hole"": false}]",0.0,0.0,0.0,0.27,
1784258434.4186666,ACTIVE,APPROACH,2.8806301999720745,0,506202,True,4,2,0.9794017183284289,0,False,,0.02059828167157111,0,328.7110321221695,138.9370063191153,2532.0,"[{""bbox"": [296, 98, 68, 70], ""centroid"": [328.7110321221695, 138.9370063191153], ""area_px"": 2532.0, ""has_hole"": false}, {""bbox"": [330, 191, 24, 25], ""centroid"": [342.0, 204.45561434450323], ""area_px"": 283.5, ""has_hole"": false}]",0.0,0.0,0.0,0.27,
1784258434.4384005,ACTIVE,APPROACH,2.9003514999640174,0,506203,True,4,2,0.9719117294290466,0,False,,0.028088270570953436,0,328.88791959036604,137.57007396169163,2636.5,"[{""bbox"": [295, 97, 70, 71], ""centroid"": [328.88791959036604, 137.57007396169163], ""area_px"": 2636.5, ""has_hole"": false}, {""bbox"": [330, 191, 24, 25], ""centroid"": [341.9803921568627, 204.2439446366782], ""area_px"": 289.0, ""has_hole"": false}]",0.0,0.0,0.0,0.27,
1784258434.4588847,ACTIVE,APPROACH,2.92042360000778,0,506203,True,4,2,0.9719117294290466,0,False,,0.028088270570953436,0,328.88791959036604,137.57007396169163,2636.5,"[{""bbox"": [295, 97, 70, 71], ""centroid"": [328.88791959036604, 137.57007396169163], ""area_px"": 2636.5, ""has_hole"": false}, {""bbox"": [330, 191, 24, 25], ""centroid"": [341.9803921568627, 204.2439446366782], ""area_px"": 289.0, ""has_hole"": false}]",0.0,0.0,0.0,0.27,
1784258434.4781034,ACTIVE,APPROACH,2.9400845000054687,0,506204,True,4,2,0.9613747431843452,0,False,,0.03862525681565481,0,329.018125075021,135.81508822470292,2777.0,"[{""bbox"": [294, 95, 72, 72], ""centroid"": [329.018125075021, 135.81508822470292], ""area_px"": 2777.0, ""has_hole"": false}, {""bbox"": [330, 191, 24, 25], ""centroid"": [341.24426229508197, 204.5087431693989], ""area_px"": 305.0, ""has_hole"": false}]",0.0,0.0,0.0,0.27,
1784258434.498214,ACTIVE,APPROACH,2.9601408999878913,0,506204,True,4,2,0.9613747431843452,0,False,,0.03862525681565481,0,329.018125075021,135.81508822470292,2777.0,"[{""bbox"": [294, 95, 72, 72], ""centroid"": [329.018125075021, 135.81508822470292], ""area_px"": 2777.0, ""has_hole"": false}, {""bbox"": [330, 191, 24, 25], ""centroid"": [341.24426229508197, 204.5087431693989], ""area_px"": 305.0, ""has_hole"": false}]",0.0,0.0,0.0,0.27,
1784258434.5179584,ACTIVE,APPROACH,2.979920400015544,0,506205,True,4,2,0.976509038391145,0,False,,0.02349096160885495,0,329.2567986230637,134.92461273666092,2905.0,"[{""bbox"": [294, 94, 73, 73], ""centroid"": [329.2567986230637, 134.92461273666092], ""area_px"": 2905.0, ""has_hole"": false}, {""bbox"": [330, 191, 25, 25], ""centroid"": [341.905540417802, 203.3841961852861], ""area_px"": 550.5, ""has_hole"": true}]",0.0,0.0,0.0,0.27,
1784258434.5383434,ACTIVE,APPROACH,3.0002667999942787,0,506206,True,4,2,0.82259478204258,0,False,,0.17740521795742006,0,329.99839940062657,131.063887753712,4894.0,"[{""bbox"": [294, 92, 74, 74], ""centroid"": [329.99839940062657, 131.063887753712], ""area_px"": 4894.0, ""has_hole"": true}, {""bbox"": [330, 192, 26, 24], ""centroid"": [342.45917836713465, 204.66718668746748], ""area_px"": 320.5, ""has_hole"": false}]",0.0,0.0,0.0,0.27,
1784258434.5584884,ACTIVE,APPROACH,3.0204446999705397,0,506206,True,4,2,0.82259478204258,0,False,,0.17740521795742006,0,329.99839940062657,131.063887753712,4894.0,"[{""bbox"": [294, 92, 74, 74], ""centroid"": [329.99839940062657, 131.063887753712], ""area_px"": 4894.0, ""has_hole"": true}, {""bbox"": [330, 192, 26, 24], ""centroid"": [342.45917836713465, 204.66718668746748], ""area_px"": 320.5, ""has_hole"": false}]",0.0,0.0,0.0,0.27,
1784258434.5786357,ACTIVE,APPROACH,3.0406206999905407,0,506207,True,4,2,0.9622224366656241,0,False,,0.037777563334375916,0,329.9300095877277,129.4541706615532,5215.0,"[{""bbox"": [293, 90, 76, 76], ""centroid"": [329.9300095877277, 129.4541706615532], ""area_px"": 5215.0, ""has_hole"": true}, {""bbox"": [330, 192, 26, 24], ""centroid"": [342.05367686527103, 204.22920021470745], ""area_px"": 310.5, ""has_hole"": false}]",0.0,0.0,0.0,0.27,
1784258434.5985322,ACTIVE,APPROACH,3.060504099994432,0,506207,True,4,2,0.9622224366656241,0,False,,0.037777563334375916,0,329.9300095877277,129.4541706615532,5215.0,"[{""bbox"": [293, 90, 76, 76], ""centroid"": [329.9300095877277, 129.4541706615532], ""area_px"": 5215.0, ""has_hole"": true}, {""bbox"": [330, 192, 26, 24], ""centroid"": [342.05367686527103, 204.22920021470745], ""area_px"": 310.5, ""has_hole"": false}]",0.0,0.0,0.0,0.27,
1784258434.618052,ACTIVE,APPROACH,3.0800067000091076,0,506208,True,4,2,0.942812221880478,0,False,,0.05718777811952204,0,330.6172924560799,126.6909518888506,5806.0,"[{""bbox"": [292, 88, 78, 78], ""centroid"": [330.6172924560799, 126.6909518888506], ""area_px"": 5806.0, ""has_hole"": true}, {""bbox"": [330, 192, 26, 25], ""centroid"": [342.1361283643892, 204.79192546583852], ""area_px"": 322.0, ""has_hole"": false}]",0.0,0.0,0.0,0.27,
1784258434.638316,ACTIVE,APPROACH,3.1002980999764986,0,506209,True,4,3,0.9735974000788298,0,False,,0.02640259992117023,0,330.7997729412416,125.2438389544221,6019.0,"[{""bbox"": [292, 86, 79, 80], ""centroid"": [330.7997729412416, 125.2438389544221], ""area_px"": 6019.0, ""has_hole"": true}, {""bbox"": [330, 192, 26, 26], ""centroid"": [342.17662337662335, 204.03924963924962], ""area_px"": 577.5, ""has_hole"": true}, {""bbox"": [306, 226, 20, 15], ""centroid"": [314.91707717569784, 233.4909688013136], ""area_px"": 203.0, ""has_hole"": true}]",0.0,0.0,0.0,0.27,
1784258434.65824,ACTIVE,APPROACH,3.1201359999831766,0,506209,True,4,3,0.9735974000788298,0,False,,0.02640259992117023,0,330.7997729412416,125.2438389544221,6019.0,"[{""bbox"": [292, 86, 79, 80], ""centroid"": [330.7997729412416, 125.2438389544221], ""area_px"": 6019.0, ""has_hole"": true}, {""bbox"": [330, 192, 26, 26], ""centroid"": [342.17662337662335, 204.03924963924962], ""area_px"": 577.5, ""has_hole"": true}, {""bbox"": [306, 226, 20, 15], ""centroid"": [314.91707717569784, 233.4909688013136], ""area_px"": 203.0, ""has_hole"": true}]",0.0,0.0,0.0,0.27,
1784258434.6787164,ACTIVE,APPROACH,3.1407537999912165,0,506210,True,4,2,0.964541019324191,0,False,,0.03545898067580898,0,331.109512516469,124.05873517786561,6325.0,"[{""bbox"": [290, 84, 82, 81], ""centroid"": [331.109512516469, 124.05873517786561], ""area_px"": 6325.0, ""has_hole"": true}, {""bbox"": [330, 192, 26, 26], ""centroid"": [342.4866220735786, 204.12040133779263], ""area_px"": 598.0, ""has_hole"": true}]",0.0,0.0,0.0,0.27,
1784258434.6984901,ACTIVE,APPROACH,3.160245799983386,0,506210,True,4,2,0.964541019324191,0,False,,0.03545898067580898,0,331.109512516469,124.05873517786561,6325.0,"[{""bbox"": [290, 84, 82, 81], ""centroid"": [331.109512516469, 124.05873517786561], ""area_px"": 6325.0, ""has_hole"": true}, {""bbox"": [330, 192, 26, 26], ""centroid"": [342.4866220735786, 204.12040133779263], ""area_px"": 598.0, ""has_hole"": true}]",0.0,0.0,0.0,0.27,
1784258434.7180223,ACTIVE,APPROACH,3.179929399979301,0,506211,True,4,2,0.9641055022773961,0,False,,0.035894497722603835,0,331.19548286604356,122.28424278966938,6634.0,"[{""bbox"": [290, 81, 83, 83], ""centroid"": [331.19548286604356, 122.28424278966938], ""area_px"": 6634.0, ""has_hole"": true}, {""bbox"": [330, 192, 26, 26], ""centroid"": [342.8770726129216, 204.2670097198399], ""area_px"": 583.0, ""has_hole"": true}]",0.0,0.0,0.0,0.27,
1784258434.7382152,ACTIVE,APPROACH,3.2001876999856904,0,506212,True,4,2,0.9653769578756559,0,False,,0.03462304212434414,0,331.685507557848,120.88518757313084,6979.5,"[{""bbox"": [290, 78, 85, 86], ""centroid"": [331.685507557848, 120.88518757313084], ""area_px"": 6979.5, ""has_hole"": true}, {""bbox"": [330, 192, 26, 26], ""centroid"": [342.95355423392806, 204.32625318606628], ""area_px"": 588.5, ""has_hole"": true}]",0.0,0.0,0.0,0.27,
1784258434.758964,ACTIVE,APPROACH,3.2204490000149235,0,506212,True,4,2,0.9653769578756559,0,False,,0.03462304212434414,0,331.685507557848,120.88518757313084,6979.5,"[{""bbox"": [290, 78, 85, 86], ""centroid"": [331.685507557848, 120.88518757313084], ""area_px"": 6979.5, ""has_hole"": true}, {""bbox"": [330, 192, 26, 26], ""centroid"": [342.95355423392806, 204.32625318606628], ""area_px"": 588.5, ""has_hole"": true}]",0.0,0.0,0.0,0.27,
1784258434.7782755,ACTIVE,APPROACH,3.2401962999720126,0,506213,True,4,2,0.9628459541778115,0,False,,0.03715404582218848,0,332.08814814814815,119.49007856341188,7425.0,"[{""bbox"": [288, 76, 88, 88], ""centroid"": [332.08814814814815, 119.49007856341188], ""area_px"": 7425.0, ""has_hole"": true}, {""bbox"": [330, 192, 27, 26], ""centroid"": [343.0529928610653, 204.48297638660074], ""area_px"": 607.0, ""has_hole"": true}]",0.0,0.0,0.0,0.27,
1784258434.7983677,ACTIVE,APPROACH,3.2603311999700963,0,506213,True,4,2,0.9628459541778115,0,False,,0.03715404582218848,0,332.08814814814815,119.49007856341188,7425.0,"[{""bbox"": [288, 76, 88, 88], ""centroid"": [332.08814814814815, 119.49007856341188], ""area_px"": 7425.0, ""has_hole"": true}, {""bbox"": [330, 192, 27, 26], ""centroid"": [343.0529928610653, 204.48297638660074], ""area_px"": 607.0, ""has_hole"": true}]",0.0,0.0,0.0,0.27,
1784258434.818211,ACTIVE,APPROACH,3.2801241999841295,0,506214,True,4,3,0.9678636983763677,0,False,,0.032136301623632305,0,332.11789355451873,117.7710817349231,7716.0,"[{""bbox"": [288, 74, 90, 89], ""centroid"": [332.11789355451873, 117.7710817349231], ""area_px"": 7716.0, ""has_hole"": true}, {""bbox"": [330, 192, 28, 26], ""centroid"": [343.56535433070866, 204.544094488189], ""area_px"": 635.0, ""has_hole"": true}, {""bbox"": [307, 228, 19, 14], ""centroid"": [315.01152263374485, 234.56954732510286], ""area_px"": 202.5, ""has_hole"": true}]",0.0,0.0,0.0,0.27,
1784258434.8386004,ACTIVE,APPROACH,3.3004788999678567,0,506214,True,4,3,0.9678636983763677,0,False,,0.032136301623632305,0,332.11789355451873,117.7710817349231,7716.0,"[{""bbox"": [288, 74, 90, 89], ""centroid"": [332.11789355451873, 117.7710817349231], ""area_px"": 7716.0, ""has_hole"": true}, {""bbox"": [330, 192, 28, 26], ""centroid"": [343.56535433070866, 204.544094488189], ""area_px"": 635.0, ""has_hole"": true}, {""bbox"": [307, 228, 19, 14], ""centroid"": [315.01152263374485, 234.56954732510286], ""area_px"": 202.5, ""has_hole"": true}]",0.0,0.0,0.0,0.27,
1784258434.85805,ACTIVE,APPROACH,3.3199634000193328,0,506215,True,4,2,0.9607317260795328,0,False,,0.03926827392046718,0,332.58379655081137,116.17315171135951,8185.5,"[{""bbox"": [287, 70, 92, 93], ""centroid"": [332.58379655081137, 116.17315171135951], ""area_px"": 8185.5, ""has_hole"": true}, {""bbox"": [330, 192, 28, 26], ""centroid"": [343.6328389279209, 204.44158209731978], ""area_px"": 640.5, ""has_hole"": true}]",0.0,0.0,0.0,0.27,
1784258434.8781445,ACTIVE,APPROACH,3.340105700015556,0,506216,True,4,2,0.9521115607380822,0,False,,0.0478884392619178,0,332.89637186908925,113.90665061806232,8723.5,"[{""bbox"": [286, 66, 95, 96], ""centroid"": [332.89637186908925, 113.90665061806232], ""area_px"": 8723.5, ""has_hole"": true}, {""bbox"": [330, 192, 28, 27], ""centroid"": [343.36836760599135, 204.85478547854785], ""area_px"": 656.5, ""has_hole"": true}]",0.0,0.0,0.0,0.27,
1784258434.8986044,ACTIVE,APPROACH,3.3603753999923356,0,506216,True,4,2,0.9521115607380822,0,False,,0.0478884392619178,0,332.89637186908925,113.90665061806232,8723.5,"[{""bbox"": [286, 66, 95, 96], ""centroid"": [332.89637186908925, 113.90665061806232], ""area_px"": 8723.5, ""has_hole"": true}, {""bbox"": [330, 192, 28, 27], ""centroid"": [343.36836760599135, 204.85478547854785], ""area_px"": 656.5, ""has_hole"": true}]",0.0,0.0,0.0,0.27,
1784258434.9184923,ACTIVE,APPROACH,3.3804611999657936,0,506217,True,4,3,0.9708065259737695,0,False,,0.029193474026230504,0,333.4594982469526,112.52409758933274,9174.5,"[{""bbox"": [286, 64, 96, 98], ""centroid"": [333.4594982469526, 112.52409758933274], ""area_px"": 9174.5, ""has_hole"": true}, {""bbox"": [330, 192, 28, 28], ""centroid"": [343.8216715257531, 205.38824101068997], ""area_px"": 686.0, ""has_hole"": true}, {""bbox"": [306, 228, 20, 16], ""centroid"": [314.1565086531226, 235.17005267118134], ""area_px"": 221.5, ""has_hole"": true}]",0.0,0.0,0.0,0.27,
1784258434.9388928,ACTIVE,APPROACH,3.400636399979703,0,506218,True,4,3,0.9561435923189162,0,False,,0.043856407681083766,0,333.79603482458407,110.29930178432893,9667.5,"[{""bbox"": [284, 61, 100, 100], ""centroid"": [333.79603482458407, 110.29930178432893], ""area_px"": 9667.5, ""has_hole"": true}, {""bbox"": [330, 192, 28, 28], ""centroid"": [343.7890019379845, 205.18968023255815], ""area_px"": 688.0, ""has_hole"": true}, {""bbox"": [306, 228, 20, 15], ""centroid"": [314.23423423423424, 235.10435435435434], ""area_px"": 222.0, ""has_hole"": true}]",0.0,0.0,0.0,0.27,
1784258434.958494,ACTIVE,APPROACH,3.4203656999743544,0,506218,True,4,3,0.9561435923189162,0,False,,0.043856407681083766,0,333.79603482458407,110.29930178432893,9667.5,"[{""bbox"": [284, 61, 100, 100], ""centroid"": [333.79603482458407, 110.29930178432893], ""area_px"": 9667.5, ""has_hole"": true}, {""bbox"": [330, 192, 28, 28], ""centroid"": [343.7890019379845, 205.18968023255815], ""area_px"": 688.0, ""has_hole"": true}, {""bbox"": [306, 228, 20, 15], ""centroid"": [314.23423423423424, 235.10435435435434], ""area_px"": 222.0, ""has_hole"": true}]",0.0,0.0,0.0,0.27,
1784258434.9783723,ACTIVE,APPROACH,3.4403029999812134,0,506219,True,4,3,0.9504296741065468,0,False,,0.04957032589345317,0,334.34821269207674,108.05593146083824,10271.5,"[{""bbox"": [282, 56, 104, 104], ""centroid"": [334.34821269207674, 108.05593146083824], ""area_px"": 10271.5, ""has_hole"": true}, {""bbox"": [330, 192, 28, 28], ""centroid"": [343.8631169462679, 205.18380743982493], ""area_px"": 685.5, ""has_hole"": true}, {""bbox"": [306, 229, 20, 15], ""centroid"": [314.1606425702811, 235.45381526104416], ""area_px"": 207.5, ""has_hole"": true}]",0.0,0.0,0.0,0.27,
1784258434.998253,ACTIVE,APPROACH,3.4602038000011817,0,506219,True,4,3,0.9504296741065468,0,False,,0.04957032589345317,0,334.34821269207674,108.05593146083824,10271.5,"[{""bbox"": [282, 56, 104, 104], ""centroid"": [334.34821269207674, 108.05593146083824], ""area_px"": 10271.5, ""has_hole"": true}, {""bbox"": [330, 192, 28, 28], ""centroid"": [343.8631169462679, 205.18380743982493], ""area_px"": 685.5, ""has_hole"": true}, {""bbox"": [306, 229, 20, 15], ""centroid"": [314.1606425702811, 235.45381526104416], ""area_px"": 207.5, ""has_hole"": true}]",0.0,0.0,0.0,0.27,
1784258435.0181131,ACTIVE,APPROACH,3.480086700001266,0,506220,True,4,2,0.9620647202911199,0,False,,0.03793527970888014,0,334.5839808635768,106.23160252308254,10939.0,"[{""bbox"": [282, 53, 106, 107], ""centroid"": [334.5839808635768, 106.23160252308254], ""area_px"": 10939.0, ""has_hole"": true}, {""bbox"": [330, 193, 29, 27], ""centroid"": [344.2324888226528, 206.16269249875805], ""area_px"": 671.0, ""has_hole"": true}]",0.0,0.0,0.0,0.27,
1784258435.0382695,ACTIVE,APPROACH,3.50022440002067,0,506221,True,4,3,0.9489808944053393,0,False,,0.05101910559466068,0,335.3024409832774,103.33310386369503,11621.0,"[{""bbox"": [281, 48, 109, 111], ""centroid"": [335.3024409832774, 103.33310386369503], ""area_px"": 11621.0, ""has_hole"": true}, {""bbox"": [331, 193, 29, 27], ""centroid"": [344.9081041968162, 206.30173661360348], ""area_px"": 691.0, ""has_hole"": true}, {""bbox"": [306, 229, 20, 15], ""centroid"": [314.14615958240114, 235.9202087994034], ""area_px"": 223.5, ""has_hole"": true}]",0.0,0.0,0.0,0.27,
1784258435.0585258,ACTIVE,APPROACH,3.5204838999779895,0,506221,True,4,3,0.9489808944053393,0,False,,0.05101910559466068,0,335.3024409832774,103.33310386369503,11621.0,"[{""bbox"": [281, 48, 109, 111], ""centroid"": [335.3024409832774, 103.33310386369503], ""area_px"": 11621.0, ""has_hole"": true}, {""bbox"": [331, 193, 29, 27], ""centroid"": [344.9081041968162, 206.30173661360348], ""area_px"": 691.0, ""has_hole"": true}, {""bbox"": [306, 229, 20, 15], ""centroid"": [314.14615958240114, 235.9202087994034], ""area_px"": 223.5, ""has_hole"": true}]",0.0,0.0,0.0,0.27,
1784258435.078144,ACTIVE,APPROACH,3.5401330000022426,0,506222,True,4,3,0.954098475947989,0,False,,0.04590152405201094,0,335.55694736274984,100.94655460373902,12374.0,"[{""bbox"": [280, 45, 113, 113], ""centroid"": [335.55694736274984, 100.94655460373902], ""area_px"": 12374.0, ""has_hole"": true}, {""bbox"": [331, 193, 29, 27], ""centroid"": [344.42360248447204, 207.39792960662524], ""area_px"": 402.5, ""has_hole"": false}, {""bbox"": [306, 229, 20, 15], ""centroid"": [313.76522435897436, 235.96955128205127], ""area_px"": 208.0, ""has_hole"": true}]",0.0,0.0,0.0,0.27,
1784258435.0984826,ACTIVE,APPROACH,3.560482300003059,0,506222,True,4,3,0.954098475947989,0,False,,0.04590152405201094,0,335.55694736274984,100.94655460373902,12374.0,"[{""bbox"": [280, 45, 113, 113], ""centroid"": [335.55694736274984, 100.94655460373902], ""area_px"": 12374.0, ""has_hole"": true}, {""bbox"": [331, 193, 29, 27], ""centroid"": [344.42360248447204, 207.39792960662524], ""area_px"": 402.5, ""has_hole"": false}, {""bbox"": [306, 229, 20, 15], ""centroid"": [313.76522435897436, 235.96955128205127], ""area_px"": 208.0, ""has_hole"": true}]",0.0,0.0,0.0,0.27,
1784258435.1184857,ACTIVE,APPROACH,3.5803559999912977,0,506223,True,4,3,0.9464762007096321,0,False,,0.053523799290367886,0,336.1728404272515,98.3434550677062,13403.5,"[{""bbox"": [278, 40, 117, 118], ""centroid"": [336.1728404272515, 98.3434550677062], ""area_px"": 13403.5, ""has_hole"": true}, {""bbox"": [332, 192, 28, 30], ""centroid"": [345.1775173611111, 209.28559027777774], ""area_px"": 384.0, ""has_hole"": false}, {""bbox"": [306, 229, 20, 15], ""centroid"": [313.9553933495539, 236.22060016220598], ""area_px"": 205.5, ""has_hole"": true}]",0.0,0.0,0.0,0.27,
1784258435.1379492,ACTIVE,APPROACH,3.599932399985846,0,506224,True,4,3,0.9462241456633005,0,False,,0.0537758543366995,0,336.9823410344106,95.3092994579,14327.0,"[{""bbox"": [277, 35, 121, 122], ""centroid"": [336.9823410344106, 95.3092994579], ""area_px"": 14327.0, ""has_hole"": true}, {""bbox"": [332, 192, 28, 30], ""centroid"": [345.65062852188987, 209.48287819679234], ""area_px"": 384.5, ""has_hole"": false}, {""bbox"": [306, 230, 20, 15], ""centroid"": [313.69530628480504, 236.9236276849642], ""area_px"": 209.5, ""has_hole"": true}]",0.0,0.0,0.0,0.27,
1784258435.1582668,ACTIVE,APPROACH,3.620168499997817,0,506224,True,4,3,0.9462241456633005,0,False,,0.0537758543366995,0,336.9823410344106,95.3092994579,14327.0,"[{""bbox"": [277, 35, 121, 122], ""centroid"": [336.9823410344106, 95.3092994579], ""area_px"": 14327.0, ""has_hole"": true}, {""bbox"": [332, 192, 28, 30], ""centroid"": [345.65062852188987, 209.48287819679234], ""area_px"": 384.5, ""has_hole"": false}, {""bbox"": [306, 230, 20, 15], ""centroid"": [313.69530628480504, 236.9236276849642], ""area_px"": 209.5, ""has_hole"": true}]",0.0,0.0,0.0,0.27,
1784258435.1785603,ACTIVE,APPROACH,3.6402520000119694,0,506225,True,4,3,0.9435452283404517,0,False,,0.0564547716595483,0,337.5214996273614,92.27160493827161,15430.5,"[{""bbox"": [275, 30, 126, 126], ""centroid"": [337.5214996273614, 92.27160493827161], ""area_px"": 15430.5, ""has_hole"": true}, {""bbox"": [332, 192, 28, 30], ""centroid"": [345.1039377289377, 209.12866300366298], ""area_px"": 364.0, ""has_hole"": false}, {""bbox"": [306, 230, 20, 15], ""centroid"": [313.75843137254896, 237.04549019607842], ""area_px"": 212.5, ""has_hole"": true}]",0.0,0.0,0.0,0.27,
1784258435.1982868,ACTIVE,APPROACH,3.6602557000005618,0,506225,True,4,3,0.9435452283404517,0,False,,0.0564547716595483,0,337.5214996273614,92.27160493827161,15430.5,"[{""bbox"": [275, 30, 126, 126], ""centroid"": [337.5214996273614, 92.27160493827161], ""area_px"": 15430.5, ""has_hole"": true}, {""bbox"": [332, 192, 28, 30], ""centroid"": [345.1039377289377, 209.12866300366298], ""area_px"": 364.0, ""has_hole"": false}, {""bbox"": [306, 230, 20, 15], ""centroid"": [313.75843137254896, 237.04549019607842], ""area_px"": 212.5, ""has_hole"": true}]",0.0,0.0,0.0,0.27,
1784258435.2180085,ACTIVE,APPROACH,3.6800079999957234,0,506226,True,4,3,0.9479065704702515,0,False,,0.052093429529748506,0,338.05272788265074,89.47617740640216,16395.5,"[{""bbox"": [273, 24, 131, 131], ""centroid"": [338.05272788265074, 89.47617740640216], ""area_px"": 16395.5, ""has_hole"": true}, {""bbox"": [332, 192, 30, 31], ""centroid"": [345.17639429312584, 209.6070038910506], ""area_px"": 385.5, ""has_hole"": false}, {""bbox"": [306, 230, 18, 16], ""centroid"": [313.3103448275862, 237.04844006568143], ""area_px"": 203.0, ""has_hole"": true}]",0.0,0.0,0.0,0.27,
1784258435.238389,ACTIVE,APPROACH,3.7002775999717414,0,506227,True,4,2,0.9332491664866596,0,False,,0.06675083351334044,0,338.76929873511904,85.47927827380951,17920.0,"[{""bbox"": [272, 18, 136, 136], ""centroid"": [338.76929873511904, 85.47927827380951], ""area_px"": 17920.0, ""has_hole"": true}, {""bbox"": [332, 193, 30, 29], ""centroid"": [346.3587301587301, 209.87738095238095], ""area_px"": 420.0, ""has_hole"": false}]",0.0,0.0,0.0,0.27,
1784258435.2579787,ACTIVE,APPROACH,3.7199707999825478,0,506227,True,4,2,0.9332491664866596,0,False,,0.06675083351334044,0,338.76929873511904,85.47927827380951,17920.0,"[{""bbox"": [272, 18, 136, 136], ""centroid"": [338.76929873511904, 85.47927827380951], ""area_px"": 17920.0, ""has_hole"": true}, {""bbox"": [332, 193, 30, 29], ""centroid"": [346.3587301587301, 209.87738095238095], ""area_px"": 420.0, ""has_hole"": false}]",0.0,0.0,0.0,0.27,
1784258435.2785592,ACTIVE,APPROACH,3.740356599970255,0,506228,True,4,2,0.9279669317130663,0,False,,0.07203306828693362,0,339.9876518064007,81.38246301906969,19638.5,"[{""bbox"": [269, 10, 142, 143], ""centroid"": [339.9876518064007, 81.38246301906969], ""area_px"": 19638.5, ""has_hole"": true}, {""bbox"": [332, 193, 30, 31], ""centroid"": [344.71912432878975, 210.61586121437423], ""area_px"": 403.5, ""has_hole"": false}]",0.0,0.0,0.0,0.27,
1784258435.2984428,ACTIVE,APPROACH,3.760349699994549,0,506228,True,4,2,0.9279669317130663,0,False,,0.07203306828693362,0,339.9876518064007,81.38246301906969,19638.5,"[{""bbox"": [269, 10, 142, 143], ""centroid"": [339.9876518064007, 81.38246301906969], ""area_px"": 19638.5, ""has_hole"": true}, {""bbox"": [332, 193, 30, 31], ""centroid"": [344.71912432878975, 210.61586121437423], ""area_px"": 403.5, ""has_hole"": false}]",0.0,0.0,0.0,0.27,
1784258435.3184307,ACTIVE,APPROACH,3.780418800015468,0,506229,False,4,2,0.75,1,False,,,1,,,,"[{""bbox"": [267, 2, 149, 150], ""centroid"": [340.48763057049257, 76.90084368625996], ""area_px"": 21572.0, ""has_hole"": true}, {""bbox"": [332, 194, 30, 30], ""centroid"": [345.048139158576, 210.92192556634302], ""area_px"": 412.0, ""has_hole"": false}]",0.0,0.0,0.0,0.27,
1784258435.3386405,ACTIVE,APPROACH,3.8006003000191413,0,506230,False,4,2,0.5,2,False,,,1,,,,"[{""bbox"": [265, 0, 155, 151], ""centroid"": [341.5173095944609, 74.30417261970179], ""area_px"": 22747.5, ""has_hole"": true}, {""bbox"": [332, 194, 30, 30], ""centroid"": [344.6637463496036, 210.57738840216936], ""area_px"": 399.5, ""has_hole"": false}]",0.0,0.0,0.0,0.27,
1784258435.3586426,ACTIVE,APPROACH,3.8206402999931015,0,506230,False,4,2,0.5,2,False,,,1,,,,"[{""bbox"": [265, 0, 155, 151], ""centroid"": [341.5173095944609, 74.30417261970179], ""area_px"": 22747.5, ""has_hole"": true}, {""bbox"": [332, 194, 30, 30], ""centroid"": [344.6637463496036, 210.57738840216936], ""area_px"": 399.5, ""has_hole"": false}]",0.0,0.0,0.0,0.27,
1784258435.378471,ACTIVE,APPROACH,3.840496599965263,0,506231,False,4,2,0.25,3,False,,,1,,,,"[{""bbox"": [262, 0, 163, 149], ""centroid"": [343.04645546648374, 74.1130592589417], ""area_px"": 23327.0, ""has_hole"": true}, {""bbox"": [332, 194, 30, 31], ""centroid"": [344.54237288135596, 210.74576271186442], ""area_px"": 413.0, ""has_hole"": false}]",0.0,0.0,0.0,0.27,
1784258435.398474,ACTIVE,APPROACH,3.860398599994369,0,506231,False,4,2,0.25,3,False,,,1,,,,"[{""bbox"": [262, 0, 163, 149], ""centroid"": [343.04645546648374, 74.1130592589417], ""area_px"": 23327.0, ""has_hole"": true}, {""bbox"": [332, 194, 30, 31], ""centroid"": [344.54237288135596, 210.74576271186442], ""area_px"": 413.0, ""has_hole"": false}]",0.0,0.0,0.0,0.27,
1784258435.4184659,ACTIVE,APPROACH,3.880347999976948,0,506232,True,5,2,1.0,0,True,association_lost,,1,345.61290322580646,209.72811059907835,434.0,"[{""bbox"": [259, 0, 171, 147], ""centroid"": [343.85749189624414, 73.58068009078983], ""area_px"": 24011.5, ""has_hole"": true}, {""bbox"": [332, 194, 32, 30], ""centroid"": [345.61290322580646, 209.72811059907835], ""area_px"": 434.0, ""has_hole"": false}]",0.0,0.0,0.0,0.27,
1784258435.438422,ACTIVE,APPROACH,3.900318600004539,0,506233,True,5,2,0.9796430546449291,0,False,,0.02035694535507088,1,345.8023997000375,209.82714660667415,444.5,"[{""bbox"": [256, 0, 180, 145], ""centroid"": [345.074262115358, 81.35362050430543], ""area_px"": 15658.5, ""has_hole"": false}, {""bbox"": [332, 194, 32, 32], ""centroid"": [345.8023997000375, 209.82714660667415], ""area_px"": 444.5, ""has_hole"": false}]",0.0,0.0,0.0,0.27,
1784258435.4580019,ACTIVE,APPROACH,3.919924499990884,0,506233,True,5,2,0.9796430546449291,0,False,,0.02035694535507088,1,345.8023997000375,209.82714660667415,444.5,"[{""bbox"": [256, 0, 180, 145], ""centroid"": [345.074262115358, 81.35362050430543], ""area_px"": 15658.5, ""has_hole"": false}, {""bbox"": [332, 194, 32, 32], ""centroid"": [345.8023997000375, 209.82714660667415], ""area_px"": 444.5, ""has_hole"": false}]",0.0,0.0,0.0,0.27,
1784258435.478326,ACTIVE,APPROACH,3.940332399972249,0,506234,True,5,2,0.7940305316736066,0,False,,0.2059694683263934,1,347.8616352201258,209.350166481687,901.0,"[{""bbox"": [252, 0, 191, 144], ""centroid"": [347.6705866149657, 83.81276419921812], ""area_px"": 15731.5, ""has_hole"": false}, {""bbox"": [332, 194, 32, 32], ""centroid"": [347.8616352201258, 209.350166481687], ""area_px"": 901.0, ""has_hole"": true}]",0.0,0.0,0.0,0.27,
1784258435.498594,ACTIVE,APPROACH,3.9606033000163734,0,506235,True,5,2,0.9842181623749499,0,False,,0.015781837625050178,1,347.78491720662345,209.70302375809936,926.0,"[{""bbox"": [248, 0, 203, 141], ""centroid"": [349.66272183613927, 82.76307754935884], ""area_px"": 17195.5, ""has_hole"": false}, {""bbox"": [332, 194, 32, 33], ""centroid"": [347.78491720662345, 209.70302375809936], ""area_px"": 926.0, ""has_hole"": true}]",0.0,0.0,0.0,0.27,
1784258435.5183308,ACTIVE,APPROACH,3.9801753999781795,0,506235,True,5,2,0.9842181623749499,0,False,,0.015781837625050178,1,347.78491720662345,209.70302375809936,926.0,"[{""bbox"": [248, 0, 203, 141], ""centroid"": [349.66272183613927, 82.76307754935884], ""area_px"": 17195.5, ""has_hole"": false}, {""bbox"": [332, 194, 32, 33], ""centroid"": [347.78491720662345, 209.70302375809936], ""area_px"": 926.0, ""has_hole"": true}]",0.0,0.0,0.0,0.27,
1784258435.5380516,ACTIVE,APPROACH,3.999971800018102,0,506235,True,5,2,0.9842181623749499,0,False,,0.015781837625050178,1,347.78491720662345,209.70302375809936,926.0,"[{""bbox"": [248, 0, 203, 141], ""centroid"": [349.66272183613927, 82.76307754935884], ""area_px"": 17195.5, ""has_hole"": false}, {""bbox"": [332, 194, 32, 33], ""centroid"": [347.78491720662345, 209.70302375809936], ""area_px"": 926.0, ""has_hole"": true}]",0.0,0.0,0.0,0.27,
1784258435.5582006,ACTIVE,APPROACH,4.020081900001969,0,506236,True,5,1,0.8009402734654384,0,False,,0.1990597265345616,0,346.3299039780521,210.8082990397805,486.0,"[{""bbox"": [331, 195, 33, 32], ""centroid"": [346.3299039780521, 210.8082990397805], ""area_px"": 486.0, ""has_hole"": false}]",0.0,0.0,0.0,0.27,
1784258435.5786638,ACTIVE,APPROACH,4.040539900015574,0,506237,True,5,1,0.9323627518803356,0,False,,0.06763724811966446,0,347.6843366277328,210.8418688230009,556.5,"[{""bbox"": [330, 195, 36, 33], ""centroid"": [347.6843366277328, 210.8418688230009], ""area_px"": 556.5, ""has_hole"": false}]",0.0,0.0,0.0,0.27,
1784258435.5983558,ACTIVE,APPROACH,4.0602969999890774,0,506237,True,5,1,0.9323627518803356,0,False,,0.06763724811966446,0,347.6843366277328,210.8418688230009,556.5,"[{""bbox"": [330, 195, 36, 33], ""centroid"": [347.6843366277328, 210.8418688230009], ""area_px"": 556.5, ""has_hole"": false}]",0.0,0.0,0.0,0.27,
1784258435.618441,ACTIVE,APPROACH,4.080399099970236,0,506238,True,5,1,0.819666154581915,0,False,,0.180333845418085,0,348.5137895812053,211.08903643173306,979.0,"[{""bbox"": [327, 195, 39, 34], ""centroid"": [348.5137895812053, 211.08903643173306], ""area_px"": 979.0, ""has_hole"": true}]",0.0,0.0,0.0,0.27,
1784258435.6381195,ACTIVE,APPROACH,4.100100299983751,0,506239,True,5,1,0.9904647903719503,0,False,,0.00953520962804962,0,348.68872305140957,211.4285240464345,1005.0,"[{""bbox"": [327, 195, 39, 34], ""centroid"": [348.68872305140957, 211.4285240464345], ""area_px"": 1005.0, ""has_hole"": true}]",0.0,0.0,0.0,0.27,
1784258435.6584623,ACTIVE,APPROACH,4.120364399976097,0,506239,True,5,1,0.9904647903719503,0,False,,0.00953520962804962,0,348.68872305140957,211.4285240464345,1005.0,"[{""bbox"": [327, 195, 39, 34], ""centroid"": [348.68872305140957, 211.4285240464345], ""area_px"": 1005.0, ""has_hole"": true}]",0.0,0.0,0.0,0.27,
1784258435.6779957,ACTIVE,APPROACH,4.139962100016419,0,506240,True,5,2,0.9801348068395728,0,False,,0.01986519316042723,0,348.24100779048564,212.0013260401127,1005.5,"[{""bbox"": [326, 195, 41, 35], ""centroid"": [348.24100779048564, 212.0013260401127], ""area_px"": 1005.5, ""has_hole"": true}, {""bbox"": [304, 232, 20, 19], ""centroid"": [312.72426205903525, 241.00431965442763], ""area_px"": 231.5, ""has_hole"": true}]",0.0,0.0,0.0,0.27,
1784258435.6984186,ACTIVE,APPROACH,4.160144499968737,0,506240,True,5,2,0.9801348068395728,0,False,,0.01986519316042723,0,348.24100779048564,212.0013260401127,1005.5,"[{""bbox"": [326, 195, 41, 35], ""centroid"": [348.24100779048564, 212.0013260401127], ""area_px"": 1005.5, ""has_hole"": true}, {""bbox"": [304, 232, 20, 19], ""centroid"": [312.72426205903525, 241.00431965442763], ""area_px"": 231.5, ""has_hole"": true}]",0.0,0.0,0.0,0.27,
1784258435.7186913,ACTIVE,APPROACH,4.18043010000838,0,506241,True,5,2,0.7867682989814034,0,False,,0.21323170101859656,0,347.88868557487035,212.3860933211345,546.5,"[{""bbox"": [333, 196, 34, 33], ""centroid"": [347.88868557487035, 212.3860933211345], ""area_px"": 546.5, ""has_hole"": false}, {""bbox"": [304, 234, 18, 16], ""centroid"": [312.4318181818182, 241.180303030303], ""area_px"": 220.0, ""has_hole"": true}]",0.0,0.0,0.0,0.27,
1784258435.7385285,ACTIVE,APPROACH,4.200498499965761,0,506242,True,5,2,0.8027433928800162,0,False,,0.1972566071199838,0,349.71456692913387,212.4511154855643,1016.0,"[{""bbox"": [332, 196, 36, 34], ""centroid"": [349.71456692913387, 212.4511154855643], ""area_px"": 1016.0, ""has_hole"": true}, {""bbox"": [304, 234, 19, 17], ""centroid"": [312.5948396094839, 241.76011157601116], ""area_px"": 239.0, ""has_hole"": true}]",0.0,0.0,0.0,0.27,
1784258435.7587981,ACTIVE,APPROACH,4.220410100009758,0,506242,True,5,2,0.8027433928800162,0,False,,0.1972566071199838,0,349.71456692913387,212.4511154855643,1016.0,"[{""bbox"": [332, 196, 36, 34], ""centroid"": [349.71456692913387, 212.4511154855643], ""area_px"": 1016.0, ""has_hole"": true}, {""bbox"": [304, 234, 19, 17], ""centroid"": [312.5948396094839, 241.76011157601116], ""area_px"": 239.0, ""has_hole"": true}]",0.0,0.0,0.0,0.27,
1784258435.7784057,ACTIVE,APPROACH,4.240372199972626,0,506243,True,5,2,0.9739431396235309,0,False,,0.026056860376469097,0,350.2224276032039,212.6809919901417,1082.0,"[{""bbox"": [331, 196, 37, 34], ""centroid"": [350.2224276032039, 212.6809919901417], ""area_px"": 1082.0, ""has_hole"": true}, {""bbox"": [304, 234, 20, 18], ""centroid"": [312.5070214338507, 241.96969696969697], ""area_px"": 225.5, ""has_hole"": true}]",0.0,0.0,0.0,0.27,
1784258435.7983963,ACTIVE,APPROACH,4.260034999984782,0,506243,True,5,2,0.9739431396235309,0,False,,0.026056860376469097,0,350.2224276032039,212.6809919901417,1082.0,"[{""bbox"": [331, 196, 37, 34], ""centroid"": [350.2224276032039, 212.6809919901417], ""area_px"": 1082.0, ""has_hole"": true}, {""bbox"": [304, 234, 20, 18], ""centroid"": [312.5070214338507, 241.96969696969697], ""area_px"": 225.5, ""has_hole"": true}]",0.0,0.0,0.0,0.27,
1784258435.8179967,ACTIVE,APPROACH,4.279888699995354,0,506244,True,5,2,0.9922383945952392,0,False,,0.0077616054047608225,0,350.41739530602854,212.66022396073015,1086.5,"[{""bbox"": [332, 196, 36, 34], ""centroid"": [350.41739530602854, 212.66022396073015], ""area_px"": 1086.5, ""has_hole"": true}, {""bbox"": [304, 234, 22, 18], ""centroid"": [312.86779184247536, 241.89029535864978], ""area_px"": 237.0, ""has_hole"": true}]",0.0,0.0,0.0,0.27,
1784258435.8383222,ACTIVE,APPROACH,4.3002691000001505,0,506245,True,5,2,0.8453839115031804,0,False,,0.1546160884968196,0,349.3233261853705,213.5570645699309,699.5,"[{""bbox"": [331, 196, 39, 36], ""centroid"": [349.3233261853705, 213.5570645699309], ""area_px"": 699.5, ""has_hole"": false}, {""bbox"": [304, 234, 22, 18], ""centroid"": [312.64150943396226, 242.59182389937106], ""area_px"": 265.0, ""has_hole"": true}]",0.0,0.0,0.0,0.27,
1784258435.8585174,ACTIVE,APPROACH,4.320456999994349,0,506245,True,5,2,0.8453839115031804,0,False,,0.1546160884968196,0,349.3233261853705,213.5570645699309,699.5,"[{""bbox"": [331, 196, 39, 36], ""centroid"": [349.3233261853705, 213.5570645699309], ""area_px"": 699.5, ""has_hole"": false}, {""bbox"": [304, 234, 22, 18], ""centroid"": [312.64150943396226, 242.59182389937106], ""area_px"": 265.0, ""has_hole"": true}]",0.0,0.0,0.0,0.27,
1784258435.8781471,ACTIVE,APPROACH,4.340133399993647,0,506246,True,5,2,0.9801360475905776,0,False,,0.019863952409422347,0,349.02916666666664,214.64289215686273,680.0,"[{""bbox"": [331, 196, 38, 36], ""centroid"": [349.02916666666664, 214.64289215686273], ""area_px"": 680.0, ""has_hole"": false}, {""bbox"": [304, 234, 22, 19], ""centroid"": [312.86289308176094, 242.71509433962265], ""area_px"": 265.0, ""has_hole"": true}]",0.0,0.0,0.0,0.27,
1784258435.8981721,ACTIVE,APPROACH,4.36010950000491,0,506246,True,5,2,0.9801360475905776,0,False,,0.019863952409422347,0,349.02916666666664,214.64289215686273,680.0,"[{""bbox"": [331, 196, 38, 36], ""centroid"": [349.02916666666664, 214.64289215686273], ""area_px"": 680.0, ""has_hole"": false}, {""bbox"": [304, 234, 22, 19], ""centroid"": [312.86289308176094, 242.71509433962265], ""area_px"": 265.0, ""has_hole"": true}]",0.0,0.0,0.0,0.27,
1784258435.918428,ACTIVE,APPROACH,4.3803886999958195,0,506247,True,5,2,0.9595844649387313,0,False,,0.04041553506126871,0,349.1308500477555,214.92215854823303,698.0,"[{""bbox"": [327, 197, 44, 35], ""centroid"": [349.1308500477555, 214.92215854823303], ""area_px"": 698.0, ""has_hole"": false}, {""bbox"": [304, 234, 22, 20], ""centroid"": [312.90060606060604, 242.96727272727273], ""area_px"": 275.0, ""has_hole"": true}]",0.0,0.0,0.0,0.27,
1784258435.9382284,ACTIVE,APPROACH,4.400187099992763,0,506248,True,5,2,0.9755332624566967,0,False,,0.024466737543303335,0,349.5173923059203,215.40612762036395,723.5,"[{""bbox"": [327, 197, 44, 37], ""centroid"": [349.5173923059203, 215.40612762036395], ""area_px"": 723.5, ""has_hole"": false}, {""bbox"": [304, 235, 22, 19], ""centroid"": [312.92592592592587, 243.6630236794171], ""area_px"": 274.5, ""has_hole"": true}]",0.0,0.0,0.0,0.27,
1784258435.9584348,ACTIVE,APPROACH,4.420320399978664,0,506248,True,5,2,0.9755332624566967,0,False,,0.024466737543303335,0,349.5173923059203,215.40612762036395,723.5,"[{""bbox"": [327, 197, 44, 37], ""centroid"": [349.5173923059203, 215.40612762036395], ""area_px"": 723.5, ""has_hole"": false}, {""bbox"": [304, 235, 22, 19], ""centroid"": [312.92592592592587, 243.6630236794171], ""area_px"": 274.5, ""has_hole"": true}]",0.0,0.0,0.0,0.27,
1784258435.9781556,ACTIVE,APPROACH,4.4400860000168905,0,506249,True,5,2,0.9721550822496061,0,False,,0.027844917750393886,0,349.41225806451615,216.14193548387098,775.0,"[{""bbox"": [327, 197, 45, 37], ""centroid"": [349.41225806451615, 216.14193548387098], ""area_px"": 775.0, ""has_hole"": false}, {""bbox"": [304, 235, 22, 19], ""centroid"": [312.7346153846154, 243.5685897435897], ""area_px"": 260.0, ""has_hole"": true}]",0.0,0.0,0.0,0.27,
1784258435.9983027,ACTIVE,APPROACH,4.4602419000002556,0,506249,True,5,2,0.9721550822496061,0,False,,0.027844917750393886,0,349.41225806451615,216.14193548387098,775.0,"[{""bbox"": [327, 197, 45, 37], ""centroid"": [349.41225806451615, 216.14193548387098], ""area_px"": 775.0, ""has_hole"": false}, {""bbox"": [304, 235, 22, 19], ""centroid"": [312.7346153846154, 243.5685897435897], ""area_px"": 260.0, ""has_hole"": true}]",0.0,0.0,0.0,0.27,
1784258436.0180836,ACTIVE,APPROACH,4.480063199996948,0,506250,True,5,2,0.9768566561568854,0,False,,0.023143343843114506,0,349.81423374261027,216.08276489313323,733.0,"[{""bbox"": [327, 198, 45, 36], ""centroid"": [349.81423374261027, 216.08276489313323], ""area_px"": 733.0, ""has_hole"": false}, {""bbox"": [304, 235, 22, 19], ""centroid"": [312.9982332155477, 243.87514723203765], ""area_px"": 283.0, ""has_hole"": true}]",0.0,0.0,0.0,0.27,
1784258436.0384324,ACTIVE,APPROACH,4.500378699973226,0,506251,True,5,2,0.8954335181759077,0,False,,0.10456648182409234,0,347.01264755480605,220.39404159640245,593.0,"[{""bbox"": [327, 198, 46, 38], ""centroid"": [347.01264755480605, 220.39404159640245], ""area_px"": 593.0, ""has_hole"": false}, {""bbox"": [304, 235, 22, 19], ""centroid"": [313.0279202279202, 243.87749287749284], ""area_px"": 292.5, ""has_hole"": true}]",0.0,0.0,0.0,0.27,
1784258436.05842,ACTIVE,APPROACH,4.520373700011987,0,506251,True,5,2,0.8954335181759077,0,False,,0.10456648182409234,0,347.01264755480605,220.39404159640245,593.0,"[{""bbox"": [327, 198, 46, 38], ""centroid"": [347.01264755480605, 220.39404159640245], ""area_px"": 593.0, ""has_hole"": false}, {""bbox"": [304, 235, 22, 19], ""centroid"": [313.0279202279202, 243.87749287749284], ""area_px"": 292.5, ""has_hole"": true}]",0.0,0.0,0.0,0.27,
1784258436.0783062,ACTIVE,APPROACH,4.540306699986104,0,506252,True,5,2,0.9843516246661541,0,False,,0.01564837533384587,0,347.2286411716843,220.55356658529968,614.5,"[{""bbox"": [326, 198, 47, 38], ""centroid"": [347.2286411716843, 220.55356658529968], ""area_px"": 614.5, ""has_hole"": false}, {""bbox"": [304, 234, 22, 22], ""centroid"": [313.16439135381114, 244.9061433447099], ""area_px"": 293.0, ""has_hole"": true}]",0.0,0.0,0.0,0.27,
1784258436.0984097,ACTIVE,APPROACH,4.560376800014637,0,506252,True,5,2,0.9843516246661541,0,False,,0.01564837533384587,0,347.2286411716843,220.55356658529968,614.5,"[{""bbox"": [326, 198, 47, 38], ""centroid"": [347.2286411716843, 220.55356658529968], ""area_px"": 614.5, ""has_hole"": false}, {""bbox"": [304, 234, 22, 22], ""centroid"": [313.16439135381114, 244.9061433447099], ""area_px"": 293.0, ""has_hole"": true}]",0.0,0.0,0.0,0.27,
1784258436.118446,ACTIVE,APPROACH,4.580234499997459,0,506253,True,5,2,0.9693353124334754,0,False,,0.03066468756652465,0,347.6483870967742,221.38306451612902,620.0,"[{""bbox"": [327, 199, 47, 39], ""centroid"": [347.6483870967742, 221.38306451612902], ""area_px"": 620.0, ""has_hole"": false}, {""bbox"": [304, 234, 22, 22], ""centroid"": [313.3685682326622, 244.8562639821029], ""area_px"": 298.0, ""has_hole"": true}]",0.0,0.0,0.0,0.27,
1784258436.1382978,ACTIVE,APPROACH,4.600265800021589,0,506254,True,5,2,0.9784240345608569,0,False,,0.02157596543914304,0,347.1574981160512,221.42451645315245,663.5,"[{""bbox"": [327, 199, 47, 39], ""centroid"": [347.1574981160512, 221.42451645315245], ""area_px"": 663.5, ""has_hole"": false}, {""bbox"": [304, 236, 22, 20], ""centroid"": [313.07781456953643, 245.5772626931567], ""area_px"": 302.0, ""has_hole"": true}]",0.0,0.0,0.0,0.27,
1784258436.1584482,ACTIVE,APPROACH,4.620283800002653,0,506254,True,5,2,0.9784240345608569,0,False,,0.02157596543914304,0,347.1574981160512,221.42451645315245,663.5,"[{""bbox"": [327, 199, 47, 39], ""centroid"": [347.1574981160512, 221.42451645315245], ""area_px"": 663.5, ""has_hole"": false}, {""bbox"": [304, 236, 22, 20], ""centroid"": [313.07781456953643, 245.5772626931567], ""area_px"": 302.0, ""has_hole"": true}]",0.0,0.0,0.0,0.27,
1784258436.1780632,ACTIVE,APPROACH,4.64001679996727,0,506255,True,5,2,0.9873203761432983,0,False,,0.012679623856701742,0,346.9514925373134,221.63905472636816,670.0,"[{""bbox"": [327, 199, 49, 39], ""centroid"": [346.9514925373134, 221.63905472636816], ""area_px"": 670.0, ""has_hole"": false}, {""bbox"": [304, 236, 22, 20], ""centroid"": [313.209315375982, 245.62962962962962], ""area_px"": 297.0, ""has_hole"": true}]",0.0,0.0,0.0,0.27,
1784258436.1983404,ACTIVE,APPROACH,4.660298399976455,0,506255,True,5,2,0.9873203761432983,0,False,,0.012679623856701742,0,346.9514925373134,221.63905472636816,670.0,"[{""bbox"": [327, 199, 49, 39], ""centroid"": [346.9514925373134, 221.63905472636816], ""area_px"": 670.0, ""has_hole"": false}, {""bbox"": [304, 236, 22, 20], ""centroid"": [313.209315375982, 245.62962962962962], ""area_px"": 297.0, ""has_hole"": true}]",0.0,0.0,0.0,0.27,
1784258436.217914,ACTIVE,APPROACH,4.6799061999772675,0,506256,True,5,2,0.9721478003853637,0,False,,0.027852199614636263,0,346.5304013458303,222.0814708002884,693.5,"[{""bbox"": [327, 200, 49, 40], ""centroid"": [346.5304013458303, 222.0814708002884], ""area_px"": 693.5, ""has_hole"": false}, {""bbox"": [303, 236, 23, 22], ""centroid"": [313.7150928167877, 245.37933817594833], ""area_px"": 206.5, ""has_hole"": false}]",0.0,0.0,0.0,0.27,
1784258436.23839,ACTIVE,APPROACH,4.7003767999704,0,506257,True,5,2,0.9219530940886389,0,False,,0.07804690591136104,0,344.9925122643945,220.34521043119025,645.5,"[{""bbox"": [326, 200, 40, 40], ""centroid"": [344.9925122643945, 220.34521043119025], ""area_px"": 645.5, ""has_hole"": false}, {""bbox"": [303, 236, 23, 22], ""centroid"": [312.7219485495347, 246.41871921182266], ""area_px"": 304.5, ""has_hole"": true}]",0.0,0.0,0.0,0.27,
1784258436.2584476,ACTIVE,APPROACH,4.720381599967368,0,506257,True,5,2,0.9219530940886389,0,False,,0.07804690591136104,0,344.9925122643945,220.34521043119025,645.5,"[{""bbox"": [326, 200, 40, 40], ""centroid"": [344.9925122643945, 220.34521043119025], ""area_px"": 645.5, ""has_hole"": false}, {""bbox"": [303, 236, 23, 22], ""centroid"": [312.7219485495347, 246.41871921182266], ""area_px"": 304.5, ""has_hole"": true}]",0.0,0.0,0.0,0.27,
1784258436.2780747,ACTIVE,APPROACH,4.740022099984344,0,506258,True,5,2,0.9314673926790198,0,False,,0.06853260732098024,0,346.8543261424263,219.7246578520065,718.5,"[{""bbox"": [327, 200, 42, 42], ""centroid"": [346.8543261424263, 219.7246578520065], ""area_px"": 718.5, ""has_hole"": false}, {""bbox"": [302, 236, 24, 22], ""centroid"": [312.47958656330746, 246.86821705426357], ""area_px"": 322.5, ""has_hole"": true}]",0.0,0.0,0.0,0.27,
1784258436.2981288,ACTIVE,APPROACH,4.760084100009408,0,506258,True,5,2,0.9314673926790198,0,False,,0.06853260732098024,0,346.8543261424263,219.7246578520065,718.5,"[{""bbox"": [327, 200, 42, 42], ""centroid"": [346.8543261424263, 219.7246578520065], ""area_px"": 718.5, ""has_hole"": false}, {""bbox"": [302, 236, 24, 22], ""centroid"": [312.47958656330746, 246.86821705426357], ""area_px"": 322.5, ""has_hole"": true}]",0.0,0.0,0.0,0.27,
1784258436.3181398,ACTIVE,APPROACH,4.780142400006298,0,506259,True,5,2,0.9530829585703784,0,False,,0.046917041429621616,0,348.23047127178825,220.18054658919732,774.5,"[{""bbox"": [326, 200, 46, 42], ""centroid"": [348.23047127178825, 220.18054658919732], ""area_px"": 774.5, ""has_hole"": false}, {""bbox"": [302, 236, 25, 22], ""centroid"": [312.6944444444444, 245.61186186186185], ""area_px"": 222.0, ""has_hole"": false}]",0.0,0.0,0.0,0.27,
1784258436.3387773,ACTIVE,APPROACH,4.800677499966696,0,506260,True,5,2,0.9064693790584675,0,False,,0.09353062094153251,0,350.8146512055954,220.39977912755384,905.5,"[{""bbox"": [326, 201, 52, 43], ""centroid"": [350.8146512055954, 220.39977912755384], ""area_px"": 905.5, ""has_hole"": false}, {""bbox"": [302, 236, 24, 24], ""centroid"": [312.16951788491446, 247.4945567651633], ""area_px"": 321.5, ""has_hole"": true}]",0.0,0.0,0.0,0.27,
1784258436.3582182,ACTIVE,APPROACH,4.820184400014114,0,506260,True,5,2,0.9064693790584675,0,False,,0.09353062094153251,0,350.8146512055954,220.39977912755384,905.5,"[{""bbox"": [326, 201, 52, 43], ""centroid"": [350.8146512055954, 220.39977912755384], ""area_px"": 905.5, ""has_hole"": false}, {""bbox"": [302, 236, 24, 24], ""centroid"": [312.16951788491446, 247.4945567651633], ""area_px"": 321.5, ""has_hole"": true}]",0.0,0.0,0.0,0.27,
1784258436.3781743,ACTIVE,APPROACH,4.840151000011247,0,506261,True,5,2,0.9641283229219876,0,False,,0.03587167707801241,0,352.9052480745119,220.57764642665234,930.5,"[{""bbox"": [327, 202, 53, 42], ""centroid"": [352.9052480745119, 220.57764642665234], ""area_px"": 930.5, ""has_hole"": false}, {""bbox"": [302, 237, 24, 23], ""centroid"": [312.48395445134577, 247.72049689440993], ""area_px"": 322.0, ""has_hole"": true}]",0.0,0.0,0.0,0.27,
1784258436.3981166,ACTIVE,APPROACH,4.860073999967426,0,506261,True,5,2,0.9641283229219876,0,False,,0.03587167707801241,0,352.9052480745119,220.57764642665234,930.5,"[{""bbox"": [327, 202, 53, 42], ""centroid"": [352.9052480745119, 220.57764642665234], ""area_px"": 930.5, ""has_hole"": false}, {""bbox"": [302, 237, 24, 23], ""centroid"": [312.48395445134577, 247.72049689440993], ""area_px"": 322.0, ""has_hole"": true}]",0.0,0.0,0.0,0.27,
1784258436.4180627,ACTIVE,APPROACH,4.8799412999651395,0,506262,True,5,2,0.9253513686769126,0,False,,0.07464863132308736,0,355.2197902416781,222.0831433348533,1096.5,"[{""bbox"": [326, 202, 54, 44], ""centroid"": [355.2197902416781, 222.0831433348533], ""area_px"": 1096.5, ""has_hole"": false}, {""bbox"": [302, 237, 25, 23], ""centroid"": [312.5189807592304, 248.33229329173167], ""area_px"": 320.5, ""has_hole"": true}]",0.0,0.0,0.0,0.27,
1784258436.4381254,ACTIVE,APPROACH,4.9000891000032425,0,506263,True,5,2,0.8616259619946609,0,False,,0.13837403800533912,0,356.4484740388426,223.8897146254459,1682.0,"[{""bbox"": [326, 202, 55, 45], ""centroid"": [356.4484740388426, 223.8897146254459], ""area_px"": 1682.0, ""has_hole"": true}, {""bbox"": [302, 237, 24, 23], ""centroid"": [312.65593047034764, 248.59202453987731], ""area_px"": 326.0, ""has_hole"": true}]",0.0,0.0,0.0,0.27,
1784258436.4584317,ACTIVE,APPROACH,4.9203919999999925,0,506263,True,5,2,0.8616259619946609,0,False,,0.13837403800533912,0,356.4484740388426,223.8897146254459,1682.0,"[{""bbox"": [326, 202, 55, 45], ""centroid"": [356.4484740388426, 223.8897146254459], ""area_px"": 1682.0, ""has_hole"": true}, {""bbox"": [302, 237, 24, 23], ""centroid"": [312.65593047034764, 248.59202453987731], ""area_px"": 326.0, ""has_hole"": true}]",0.0,0.0,0.0,0.27,
1784258436.4785914,ACTIVE,APPROACH,4.940517099981662,0,506263,True,5,2,0.8616259619946609,0,False,,0.13837403800533912,0,356.4484740388426,223.8897146254459,1682.0,"[{""bbox"": [326, 202, 55, 45], ""centroid"": [356.4484740388426, 223.8897146254459], ""area_px"": 1682.0, ""has_hole"": true}, {""bbox"": [302, 237, 24, 23], ""centroid"": [312.65593047034764, 248.59202453987731], ""area_px"": 326.0, ""has_hole"": true}]",0.0,0.0,0.0,0.27,
1784258436.4984694,ACTIVE,APPROACH,4.960326100001112,0,506264,True,5,1,0.959386827673839,0,False,,0.040613172326161004,0,357.60102278010226,224.40037192003717,1792.5,"[{""bbox"": [327, 203, 55, 45], ""centroid"": [357.60102278010226, 224.40037192003717], ""area_px"": 1792.5, ""has_hole"": true}]",0.0,0.0,0.0,0.27,
1784258436.5183973,ACTIVE,APPROACH,4.980377800005954,0,506265,True,5,2,0.9512430268491369,0,False,,0.04875697315086311,0,358.86112554112555,225.4152380952381,1925.0,"[{""bbox"": [327, 204, 57, 46], ""centroid"": [358.86112554112555, 225.4152380952381], ""area_px"": 1925.0, ""has_hole"": true}, {""bbox"": [302, 237, 23, 25], ""centroid"": [312.2531769305963, 250.3548387096774], ""area_px"": 341.0, ""has_hole"": true}]",0.0,0.0,0.0,0.27,
1784258436.5384004,ACTIVE,APPROACH,5.000370799971279,0,506265,True,5,2,0.9512430268491369,0,False,,0.04875697315086311,0,358.86112554112555,225.4152380952381,1925.0,"[{""bbox"": [327, 204, 57, 46], ""centroid"": [358.86112554112555, 225.4152380952381], ""area_px"": 1925.0, ""has_hole"": true}, {""bbox"": [302, 237, 23, 25], ""centroid"": [312.2531769305963, 250.3548387096774], ""area_px"": 341.0, ""has_hole"": true}]",0.0,0.0,0.0,0.27,
1784258436.5582724,ACTIVE,APPROACH,5.019916200020816,0,506266,True,5,2,0.9090985335457372,0,False,,0.09090146645426278,0,358.7313245448838,227.7748744507219,2124.0,"[{""bbox"": [326, 204, 58, 60], ""centroid"": [358.7313245448838, 227.7748744507219], ""area_px"": 2124.0, ""has_hole"": true}, {""bbox"": [301, 238, 25, 24], ""centroid"": [312.3106481481481, 250.10601851851848], ""area_px"": 360.0, ""has_hole"": true}]",0.0,0.0,0.0,0.27,
1784258436.578177,ACTIVE,APPROACH,5.040180500014685,0,506267,True,5,2,0.9762085822320636,0,False,,0.023791417767936317,0,359.78542385884157,228.39432297660144,2172.5,"[{""bbox"": [327, 204, 59, 60], ""centroid"": [359.78542385884157, 228.39432297660144], ""area_px"": 2172.5, ""has_hole"": true}, {""bbox"": [302, 238, 24, 25], ""centroid"": [312.28097241701727, 250.80130902290787], ""area_px"": 356.5, ""has_hole"": true}]",0.0,0.0,0.0,0.27,
1784258436.598269,ACTIVE,APPROACH,5.06003980000969,0,506267,True,5,2,0.9762085822320636,0,False,,0.023791417767936317,0,359.78542385884157,228.39432297660144,2172.5,"[{""bbox"": [327, 204, 59, 60], ""centroid"": [359.78542385884157, 228.39432297660144], ""area_px"": 2172.5, ""has_hole"": true}, {""bbox"": [302, 238, 24, 25], ""centroid"": [312.28097241701727, 250.80130902290787], ""area_px"": 356.5, ""has_hole"": true}]",0.0,0.0,0.0,0.27,
1784258436.6181448,ACTIVE,APPROACH,5.0801392999710515,0,506268,True,5,2,0.969532545357354,0,False,,0.03046745464264604,0,360.82986666666665,229.2046476190476,2187.5,"[{""bbox"": [333, 204, 53, 60], ""centroid"": [360.82986666666665, 229.2046476190476], ""area_px"": 2187.5, ""has_hole"": true}, {""bbox"": [302, 238, 24, 26], ""centroid"": [312.42112482853224, 250.97119341563786], ""area_px"": 364.5, ""has_hole"": true}]",0.0,0.0,0.0,0.27,
1784258436.6384163,ACTIVE,APPROACH,5.10032859997591,0,506268,True,5,2,0.969532545357354,0,False,,0.03046745464264604,0,360.82986666666665,229.2046476190476,2187.5,"[{""bbox"": [333, 204, 53, 60], ""centroid"": [360.82986666666665, 229.2046476190476], ""area_px"": 2187.5, ""has_hole"": true}, {""bbox"": [302, 238, 24, 26], ""centroid"": [312.42112482853224, 250.97119341563786], ""area_px"": 364.5, ""has_hole"": true}]",0.0,0.0,0.0,0.27,
1784258436.658075,ACTIVE,APPROACH,5.120047700009309,0,506269,True,5,2,0.8787831561009776,0,False,,0.12121684389902249,0,361.20342429106466,230.604708400214,1557.5,"[{""bbox"": [333, 206, 55, 60], ""centroid"": [361.20342429106466, 230.604708400214], ""area_px"": 1557.5, ""has_hole"": false}, {""bbox"": [302, 238, 24, 26], ""centroid"": [312.50467289719626, 251.88963061860255], ""area_px"": 374.5, ""has_hole"": true}]",0.0,0.0,0.0,0.27,
1784258436.6781807,ACTIVE,APPROACH,5.140045700012706,0,506270,True,5,2,0.8862813058102297,0,False,,0.11371869418977026,0,362.382257012394,230.75545408422118,2299.5,"[{""bbox"": [333, 206, 55, 60], ""centroid"": [362.382257012394, 230.75545408422118], ""area_px"": 2299.5, ""has_hole"": true}, {""bbox"": [302, 238, 24, 26], ""centroid"": [312.52232336367575, 251.65236237537925], ""area_px"": 384.5, ""has_hole"": true}]",0.0,0.0,0.0,0.27,
1784258436.698485,ACTIVE,APPROACH,5.160460899991449,0,506270,True,5,2,0.8862813058102297,0,False,,0.11371869418977026,0,362.382257012394,230.75545408422118,2299.5,"[{""bbox"": [333, 206, 55, 60], ""centroid"": [362.382257012394, 230.75545408422118], ""area_px"": 2299.5, ""has_hole"": true}, {""bbox"": [302, 238, 24, 26], ""centroid"": [312.52232336367575, 251.65236237537925], ""area_px"": 384.5, ""has_hole"": true}]",0.0,0.0,0.0,0.27,
1784258436.7182517,ACTIVE,APPROACH,5.180237399996258,0,506271,True,5,2,0.9646510491450201,0,False,,0.03534895085497995,0,363.45327263949235,232.29098558521275,2416.5,"[{""bbox"": [333, 207, 57, 59], ""centroid"": [363.45327263949235, 232.29098558521275], ""area_px"": 2416.5, ""has_hole"": true}, {""bbox"": [302, 239, 24, 26], ""centroid"": [312.5018066847335, 252.81029810298102], ""area_px"": 369.0, ""has_hole"": true}]",0.0,0.0,0.0,0.27,
1784258436.7382686,ACTIVE,APPROACH,5.200228100002278,0,506271,True,5,2,0.9646510491450201,0,False,,0.03534895085497995,0,363.45327263949235,232.29098558521275,2416.5,"[{""bbox"": [333, 207, 57, 59], ""centroid"": [363.45327263949235, 232.29098558521275], ""area_px"": 2416.5, ""has_hole"": true}, {""bbox"": [302, 239, 24, 26], ""centroid"": [312.5018066847335, 252.81029810298102], ""area_px"": 369.0, ""has_hole"": true}]",0.0,0.0,0.0,0.27,
1784258436.7581737,ACTIVE,APPROACH,5.220124499988742,0,506272,True,5,2,0.9712407048383976,0,False,,0.028759295161602354,0,363.76180058339963,233.53858392999206,2514.0,"[{""bbox"": [333, 208, 59, 58], ""centroid"": [363.76180058339963, 233.53858392999206], ""area_px"": 2514.0, ""has_hole"": true}, {""bbox"": [302, 239, 24, 27], ""centroid"": [312.457805907173, 253.5320675105485], ""area_px"": 395.0, ""has_hole"": true}]",0.0,0.0,0.0,0.27,
1784258436.7781172,ACTIVE,APPROACH,5.240089899976738,0,506273,True,5,2,0.9752011229400421,0,False,,0.024798877059957845,0,364.8566150710236,234.81699471303904,2616.5,"[{""bbox"": [334, 208, 58, 58], ""centroid"": [364.8566150710236, 234.81699471303904], ""area_px"": 2616.5, ""has_hole"": true}, {""bbox"": [302, 239, 24, 27], ""centroid"": [312.5865427180168, 253.8038955289951], ""area_px"": 376.5, ""has_hole"": true}]",0.0,0.0,0.0,0.27,
1784258436.7980936,ACTIVE,APPROACH,5.2600647999788634,0,506273,True,5,2,0.9752011229400421,0,False,,0.024798877059957845,0,364.8566150710236,234.81699471303904,2616.5,"[{""bbox"": [334, 208, 58, 58], ""centroid"": [364.8566150710236, 234.81699471303904], ""area_px"": 2616.5, ""has_hole"": true}, {""bbox"": [302, 239, 24, 27], ""centroid"": [312.5865427180168, 253.8038955289951], ""area_px"": 376.5, ""has_hole"": true}]",0.0,0.0,0.0,0.27,
1784258436.8184338,ACTIVE,APPROACH,5.279948799987324,0,506274,True,5,2,0.9732216997853209,0,False,,0.02677830021467904,0,366.14228089475614,235.4055738907224,2727.0,"[{""bbox"": [334, 208, 60, 58], ""centroid"": [366.14228089475614, 235.4055738907224], ""area_px"": 2727.0, ""has_hole"": true}, {""bbox"": [302, 239, 24, 28], ""centroid"": [312.4007537688442, 254.19765494137351], ""area_px"": 398.0, ""has_hole"": true}]",0.0,0.0,0.0,0.27,
1784258436.838107,ACTIVE,APPROACH,5.300106499984395,0,506274,True,5,2,0.9732216997853209,0,False,,0.02677830021467904,0,366.14228089475614,235.4055738907224,2727.0,"[{""bbox"": [334, 208, 60, 58], ""centroid"": [366.14228089475614, 235.4055738907224], ""area_px"": 2727.0, ""has_hole"": true}, {""bbox"": [302, 239, 24, 28], ""centroid"": [312.4007537688442, 254.19765494137351], ""area_px"": 398.0, ""has_hole"": true}]",0.0,0.0,0.0,0.27,
1784258436.8584142,ACTIVE,APPROACH,5.3203786999802105,0,506275,True,5,2,0.976718196144743,0,False,,0.02328180385525701,0,366.5399610136452,236.82571881091616,2736.0,"[{""bbox"": [334, 210, 61, 57], ""centroid"": [366.5399610136452, 236.82571881091616], ""area_px"": 2736.0, ""has_hole"": true}, {""bbox"": [301, 244, 25, 24], ""centroid"": [311.51357365376055, 256.6457498887405], ""area_px"": 374.5, ""has_hole"": true}]",0.0,0.0,0.0,0.27,
1784258436.878438,ACTIVE,APPROACH,5.340381100017112,0,506276,True,5,2,0.9776823738012892,0,False,,0.02231762619871082,0,367.5660652770479,237.45816546972614,2854.5,"[{""bbox"": [334, 210, 62, 57], ""centroid"": [367.5660652770479, 237.45816546972614], ""area_px"": 2854.5, ""has_hole"": true}, {""bbox"": [300, 240, 26, 28], ""centroid"": [311.84557661927323, 255.51224328593995], ""area_px"": 422.0, ""has_hole"": true}]",0.0,0.0,0.0,0.27,
1784258436.8982625,ACTIVE,APPROACH,5.3601094000041485,0,506276,True,5,2,0.9776823738012892,0,False,,0.02231762619871082,0,367.5660652770479,237.45816546972614,2854.5,"[{""bbox"": [334, 210, 62, 57], ""centroid"": [367.5660652770479, 237.45816546972614], ""area_px"": 2854.5, ""has_hole"": true}, {""bbox"": [300, 240, 26, 28], ""centroid"": [311.84557661927323, 255.51224328593995], ""area_px"": 422.0, ""has_hole"": true}]",0.0,0.0,0.0,0.27,
1784258436.9181864,ACTIVE,APPROACH,5.380152300000191,0,506277,True,5,2,0.9609574187199845,0,False,,0.03904258128001542,0,368.5051881765662,239.13741656851195,2971.5,"[{""bbox"": [334, 212, 64, 56], ""centroid"": [368.5051881765662, 239.13741656851195], ""area_px"": 2971.5, ""has_hole"": true}, {""bbox"": [300, 240, 26, 29], ""centroid"": [311.8904214559387, 256.26513409961683], ""area_px"": 435.0, ""has_hole"": true}]",0.0,0.0,0.0,0.27,
1784258436.9381366,ACTIVE,APPROACH,5.400119099998847,0,506278,True,5,2,0.9747273225634786,0,False,,0.025272677436521375,0,368.94194274686396,240.0649726600193,3109.0,"[{""bbox"": [334, 212, 65, 57], ""centroid"": [368.94194274686396, 240.0649726600193], ""area_px"": 3109.0, ""has_hole"": true}, {""bbox"": [300, 240, 28, 30], ""centroid"": [312.2301858172165, 256.8892681076981], ""area_px"": 439.5, ""has_hole"": true}]",0.0,0.0,0.0,0.27,
1784258436.9587467,ACTIVE,APPROACH,5.420094600005541,0,506278,True,5,2,0.9747273225634786,0,False,,0.025272677436521375,0,368.94194274686396,240.0649726600193,3109.0,"[{""bbox"": [334, 212, 65, 57], ""centroid"": [368.94194274686396, 240.0649726600193], ""area_px"": 3109.0, ""has_hole"": true}, {""bbox"": [300, 240, 28, 30], ""centroid"": [312.2301858172165, 256.8892681076981], ""area_px"": 439.5, ""has_hole"": true}]",0.0,0.0,0.0,0.27,
1784258436.978021,ACTIVE,APPROACH,5.439992200001143,0,506279,True,5,2,0.967297098512139,0,False,,0.03270290148786101,0,370.3085894405043,241.88148148148147,3172.5,"[{""bbox"": [334, 213, 66, 58], ""centroid"": [370.3085894405043, 241.88148148148147], ""area_px"": 3172.5, ""has_hole"": true}, {""bbox"": [300, 240, 26, 30], ""centroid"": [312.2129840546697, 257.17539863325743], ""area_px"": 439.0, ""has_hole"": true}]",0.0,0.0,0.0,0.27,
1784258436.998407,ACTIVE,APPROACH,5.460361999983434,0,506279,True,5,2,0.967297098512139,0,False,,0.03270290148786101,0,370.3085894405043,241.88148148148147,3172.5,"[{""bbox"": [334, 213, 66, 58], ""centroid"": [370.3085894405043, 241.88148148148147], ""area_px"": 3172.5, ""has_hole"": true}, {""bbox"": [300, 240, 26, 30], ""centroid"": [312.2129840546697, 257.17539863325743], ""area_px"": 439.0, ""has_hole"": true}]",0.0,0.0,0.0,0.27,
1784258437.0182474,ACTIVE,APPROACH,5.480228599975817,0,506280,True,5,2,0.9623068776089578,0,False,,0.03769312239104222,0,371.81604844814535,242.8660105980318,3302.5,"[{""bbox"": [334, 214, 68, 59], ""centroid"": [371.81604844814535, 242.8660105980318], ""area_px"": 3302.5, ""has_hole"": true}, {""bbox"": [300, 240, 28, 31], ""centroid"": [312.26416482707873, 257.621412803532], ""area_px"": 453.0, ""has_hole"": true}]",0.0,0.0,0.0,0.27,
1784258437.0380566,ACTIVE,APPROACH,5.50001069996506,0,506281,True,5,2,0.9629434096073823,0,False,,0.03705659039261768,0,372.5661550231913,244.32821689857983,3485.5,"[{""bbox"": [334, 214, 70, 61], ""centroid"": [372.5661550231913, 244.32821689857983], ""area_px"": 3485.5, ""has_hole"": true}, {""bbox"": [300, 240, 27, 32], ""centroid"": [311.99209770114936, 258.3376436781609], ""area_px"": 464.0, ""has_hole"": true}]",0.0,0.0,0.0,0.27,
1784258437.0582552,ACTIVE,APPROACH,5.520020800002385,0,506281,True,5,2,0.9629434096073823,0,False,,0.03705659039261768,0,372.5661550231913,244.32821689857983,3485.5,"[{""bbox"": [334, 214, 70, 61], ""centroid"": [372.5661550231913, 244.32821689857983], ""area_px"": 3485.5, ""has_hole"": true}, {""bbox"": [300, 240, 27, 32], ""centroid"": [311.99209770114936, 258.3376436781609], ""area_px"": 464.0, ""has_hole"": true}]",0.0,0.0,0.0,0.27,
1784258437.078284,ACTIVE,APPROACH,5.540249200013932,0,506282,True,5,2,0.9625221405879972,0,False,,0.0374778594120028,0,373.58251656865485,245.68892933818725,3571.0,"[{""bbox"": [335, 216, 71, 61], ""centroid"": [373.58251656865485, 245.68892933818725], ""area_px"": 3571.0, ""has_hole"": true}, {""bbox"": [300, 241, 27, 32], ""centroid"": [312.2594634325615, 259.41051084160233], ""area_px"": 453.5, ""has_hole"": true}]",0.0,0.0,0.0,0.27,
1784258437.0983245,ACTIVE,APPROACH,5.559906799986493,0,506282,True,5,2,0.9625221405879972,0,False,,0.0374778594120028,0,373.58251656865485,245.68892933818725,3571.0,"[{""bbox"": [335, 216, 71, 61], ""centroid"": [373.58251656865485, 245.68892933818725], ""area_px"": 3571.0, ""has_hole"": true}, {""bbox"": [300, 241, 27, 32], ""centroid"": [312.2594634325615, 259.41051084160233], ""area_px"": 453.5, ""has_hole"": true}]",0.0,0.0,0.0,0.27,
1784258437.118046,ACTIVE,APPROACH,5.580007400014438,0,506283,True,5,2,0.9589406505611149,0,False,,0.04105934943888515,0,375.0165857605178,247.76002337288745,3708.0,"[{""bbox"": [335, 217, 72, 63], ""centroid"": [375.0165857605178, 247.76002337288745], ""area_px"": 3708.0, ""has_hole"": true}, {""bbox"": [300, 241, 28, 32], ""centroid"": [311.9204627621113, 259.70245842371656], ""area_px"": 461.0, ""has_hole"": true}]",0.0,0.0,0.0,0.27,
1784258437.1384969,ACTIVE,APPROACH,5.600310200010426,0,506283,True,5,2,0.9589406505611149,0,False,,0.04105934943888515,0,375.0165857605178,247.76002337288745,3708.0,"[{""bbox"": [335, 217, 72, 63], ""centroid"": [375.0165857605178, 247.76002337288745], ""area_px"": 3708.0, ""has_hole"": true}, {""bbox"": [300, 241, 28, 32], ""centroid"": [311.9204627621113, 259.70245842371656], ""area_px"": 461.0, ""has_hole"": true}]",0.0,0.0,0.0,0.27,
1784258437.1586084,ACTIVE,APPROACH,5.620530100015458,0,506284,True,5,2,0.9584046380211991,0,False,,0.04159536197880082,0,376.4227251051285,249.16673169462868,3844.5,"[{""bbox"": [337, 218, 72, 64], ""centroid"": [376.4227251051285, 249.16673169462868], ""area_px"": 3844.5, ""has_hole"": true}, {""bbox"": [300, 252, 22, 22], ""centroid"": [309.96666666666664, 262.8425], ""area_px"": 400.0, ""has_hole"": true}]",0.0,0.0,0.0,0.27,
1784258437.1783042,ACTIVE,APPROACH,5.640241799992509,0,506285,True,5,2,0.9469323994161323,0,False,,0.0530676005838677,0,377.33652928236415,251.7697256464533,4015.5,"[{""bbox"": [335, 220, 77, 64], ""centroid"": [377.33652928236415, 251.7697256464533], ""area_px"": 4015.5, ""has_hole"": true}, {""bbox"": [300, 253, 22, 23], ""centroid"": [310.1105610561056, 263.9496699669967], ""area_px"": 404.0, ""has_hole"": true}]",0.0,0.0,0.0,0.27,
1784258437.1983228,ACTIVE,APPROACH,5.660209699999541,0,506285,True,5,2,0.9469323994161323,0,False,,0.0530676005838677,0,377.33652928236415,251.7697256464533,4015.5,"[{""bbox"": [335, 220, 77, 64], ""centroid"": [377.33652928236415, 251.7697256464533], ""area_px"": 4015.5, ""has_hole"": true}, {""bbox"": [300, 253, 22, 23], ""centroid"": [310.1105610561056, 263.9496699669967], ""area_px"": 404.0, ""has_hole"": true}]",0.0,0.0,0.0,0.27,
1784258437.2182322,ACTIVE,APPROACH,5.680183099990245,0,506286,True,5,2,0.9646156799145936,0,False,,0.03538432008540641,0,378.7223700120919,253.43143893591295,4135.0,"[{""bbox"": [336, 221, 77, 65], ""centroid"": [378.7223700120919, 253.43143893591295], ""area_px"": 4135.0, ""has_hole"": true}, {""bbox"": [300, 254, 22, 22], ""centroid"": [310.09632294164663, 264.5275779376499], ""area_px"": 417.0, ""has_hole"": true}]",0.0,0.0,0.0,0.27,
1784258437.2386596,ACTIVE,APPROACH,5.700595100002829,0,506287,True,5,2,0.9398199186689202,0,False,,0.060180081331079716,0,380.10647680980674,255.23216354598796,4459.5,"[{""bbox"": [340, 221, 75, 69], ""centroid"": [380.10647680980674, 255.23216354598796], ""area_px"": 4459.5, ""has_hole"": true}, {""bbox"": [300, 254, 22, 24], ""centroid"": [310.1379863618131, 265.35018050541515], ""area_px"": 415.5, ""has_hole"": true}]",0.0,0.0,0.0,0.27,
1784258437.2592537,ACTIVE,APPROACH,5.721070199972019,0,506287,True,5,2,0.9398199186689202,0,False,,0.060180081331079716,0,380.10647680980674,255.23216354598796,4459.5,"[{""bbox"": [340, 221, 75, 69], ""centroid"": [380.10647680980674, 255.23216354598796], ""area_px"": 4459.5, ""has_hole"": true}, {""bbox"": [300, 254, 22, 24], ""centroid"": [310.1379863618131, 265.35018050541515], ""area_px"": 415.5, ""has_hole"": true}]",0.0,0.0,0.0,0.27,
1784258437.2784348,ACTIVE,APPROACH,5.7403541000094265,0,506288,True,5,2,0.9494831464373981,0,False,,0.050516853562601965,0,381.6739994892561,257.71868957717703,4568.5,"[{""bbox"": [339, 224, 79, 69], ""centroid"": [381.6739994892561, 257.71868957717703], ""area_px"": 4568.5, ""has_hole"": true}, {""bbox"": [300, 256, 22, 22], ""centroid"": [310.1754385964912, 265.99469604243166], ""area_px"": 408.5, ""has_hole"": true}]",0.0,0.0,0.0,0.27,
1784258437.298571,ACTIVE,APPROACH,5.760556599998381,0,506288,True,5,2,0.9494831464373981,0,False,,0.050516853562601965,0,381.6739994892561,257.71868957717703,4568.5,"[{""bbox"": [339, 224, 79, 69], ""centroid"": [381.6739994892561, 257.71868957717703], ""area_px"": 4568.5, ""has_hole"": true}, {""bbox"": [300, 256, 22, 22], ""centroid"": [310.1754385964912, 265.99469604243166], ""area_px"": 408.5, ""has_hole"": true}]",0.0,0.0,0.0,0.27,
1784258437.318421,ACTIVE,APPROACH,5.780399099981878,0,506289,True,5,2,0.9453831834565374,0,False,,0.05461681654346258,0,383.3572344878806,259.61812166632905,4937.0,"[{""bbox"": [341, 224, 79, 72], ""centroid"": [383.3572344878806, 259.61812166632905], ""area_px"": 4937.0, ""has_hole"": true}, {""bbox"": [299, 256, 23, 22], ""centroid"": [309.81206496519724, 266.4238205723124], ""area_px"": 431.0, ""has_hole"": true}]",0.0,0.0,0.0,0.27,
1784258437.3383336,ACTIVE,APPROACH,5.800365799979772,0,506290,True,5,2,0.9371202642947072,0,False,,0.0628797357052928,0,384.17677997467615,262.7596506606928,5133.5,"[{""bbox"": [334, 226, 88, 73], ""centroid"": [384.17677997467615, 262.7596506606928], ""area_px"": 5133.5, ""has_hole"": true}, {""bbox"": [298, 256, 24, 24], ""centroid"": [309.47063063063064, 267.332972972973], ""area_px"": 462.5, ""has_hole"": true}]",0.0,0.0,0.0,0.27,
1784258437.3581643,ACTIVE,APPROACH,5.820134999987204,0,506290,True,5,2,0.9371202642947072,0,False,,0.0628797357052928,0,384.17677997467615,262.7596506606928,5133.5,"[{""bbox"": [334, 226, 88, 73], ""centroid"": [384.17677997467615, 262.7596506606928], ""area_px"": 5133.5, ""has_hole"": true}, {""bbox"": [298, 256, 24, 24], ""centroid"": [309.47063063063064, 267.332972972973], ""area_px"": 462.5, ""has_hole"": true}]",0.0,0.0,0.0,0.27,
1784258437.3784046,ACTIVE,APPROACH,5.840392799989786,0,506291,True,5,2,0.9551665414969353,0,False,,0.0448334585030648,0,385.75189200877276,264.3675284959689,5395.5,"[{""bbox"": [334, 228, 90, 74], ""centroid"": [385.75189200877276, 264.3675284959689], ""area_px"": 5395.5, ""has_hole"": true}, {""bbox"": [298, 258, 24, 23], ""centroid"": [309.5808361080281, 268.39400665926746], ""area_px"": 450.5, ""has_hole"": true}]",0.0,0.0,0.0,0.27,
1784258437.398213,ACTIVE,APPROACH,5.860191699990537,0,506291,True,5,2,0.9551665414969353,0,False,,0.0448334585030648,0,385.75189200877276,264.3675284959689,5395.5,"[{""bbox"": [334, 228, 90, 74], ""centroid"": [385.75189200877276, 264.3675284959689], ""area_px"": 5395.5, ""has_hole"": true}, {""bbox"": [298, 258, 24, 23], ""centroid"": [309.5808361080281, 268.39400665926746], ""area_px"": 450.5, ""has_hole"": true}]",0.0,0.0,0.0,0.27,
1784258437.418401,ACTIVE,APPROACH,5.880372299987357,0,506292,True,5,2,0.9384705196426938,0,False,,0.06152948035730624,0,388.33653219595993,267.4584740240507,5627.0,"[{""bbox"": [335, 230, 93, 76], ""centroid"": [388.33653219595993, 267.4584740240507], ""area_px"": 5627.0, ""has_hole"": true}, {""bbox"": [298, 258, 24, 24], ""centroid"": [309.5424107142857, 269.51153273809524], ""area_px"": 448.0, ""has_hole"": true}]",0.0,0.0,0.0,0.27,
1784258437.4380426,ACTIVE,APPROACH,5.900014900020324,0,506292,True,5,2,0.9384705196426938,0,False,,0.06152948035730624,0,388.33653219595993,267.4584740240507,5627.0,"[{""bbox"": [335, 230, 93, 76], ""centroid"": [388.33653219595993, 267.4584740240507], ""area_px"": 5627.0, ""has_hole"": true}, {""bbox"": [298, 258, 24, 24], ""centroid"": [309.5424107142857, 269.51153273809524], ""area_px"": 448.0, ""has_hole"": true}]",0.0,0.0,0.0,0.27,
1784258437.4583945,ACTIVE,APPROACH,5.9203000999987125,0,506293,True,5,2,0.9203239823437374,0,False,,0.07967601765626268,0,390.46949041127203,270.1093772328446,5831.5,"[{""bbox"": [351, 232, 79, 78], ""centroid"": [390.46949041127203, 270.1093772328446], ""area_px"": 5831.5, ""has_hole"": true}, {""bbox"": [298, 258, 24, 25], ""centroid"": [309.61659663865544, 269.7955182072829], ""area_px"": 476.0, ""has_hole"": true}]",0.0,0.0,0.0,0.27,
1784258437.4783716,ACTIVE,APPROACH,5.9400688000023365,0,506294,True,5,2,0.935597210575529,0,False,,0.06440278942447095,0,392.27113224783704,273.5518028910742,6203.0,"[{""bbox"": [352, 233, 82, 81], ""centroid"": [392.27113224783704, 273.5518028910742], ""area_px"": 6203.0, ""has_hole"": true}, {""bbox"": [298, 260, 24, 24], ""centroid"": [309.62797302094424, 271.27866524671634], ""area_px"": 469.5, ""has_hole"": true}]",0.0,0.0,0.0,0.27,
1784258437.498562,ACTIVE,APPROACH,5.960479700006545,0,506294,True,5,2,0.935597210575529,0,False,,0.06440278942447095,0,392.27113224783704,273.5518028910742,6203.0,"[{""bbox"": [352, 233, 82, 81], ""centroid"": [392.27113224783704, 273.5518028910742], ""area_px"": 6203.0, ""has_hole"": true}, {""bbox"": [298, 260, 24, 24], ""centroid"": [309.62797302094424, 271.27866524671634], ""area_px"": 469.5, ""has_hole"": true}]",0.0,0.0,0.0,0.27,
1784258437.5179415,ACTIVE,APPROACH,5.979897700017318,0,506295,True,5,2,0.9408841813782214,0,False,,0.059115818621778574,0,394.28765873317616,276.5688033863077,6575.5,"[{""bbox"": [352, 235, 84, 84], ""centroid"": [394.28765873317616, 276.5688033863077], ""area_px"": 6575.5, ""has_hole"": true}, {""bbox"": [299, 260, 23, 24], ""centroid"": [309.6488413547237, 271.951871657754], ""area_px"": 467.5, ""has_hole"": true}]",0.0,0.0,0.0,0.27,
1784258437.5383375,ACTIVE,APPROACH,6.000148899969645,0,506295,True,5,2,0.9408841813782214,0,False,,0.059115818621778574,0,394.28765873317616,276.5688033863077,6575.5,"[{""bbox"": [352, 235, 84, 84], ""centroid"": [394.28765873317616, 276.5688033863077], ""area_px"": 6575.5, ""has_hole"": true}, {""bbox"": [299, 260, 23, 24], ""centroid"": [309.6488413547237, 271.951871657754], ""area_px"": 467.5, ""has_hole"": true}]",0.0,0.0,0.0,0.27,
1784258437.5580266,ACTIVE,APPROACH,6.01998589996947,0,506296,True,5,2,0.9347895379947447,0,False,,0.06521046200525529,0,396.5813636037072,279.59786383121394,6959.5,"[{""bbox"": [353, 238, 87, 85], ""centroid"": [396.5813636037072, 279.59786383121394], ""area_px"": 6959.5, ""has_hole"": true}, {""bbox"": [298, 262, 24, 24], ""centroid"": [309.0643702157272, 272.92693110647184], ""area_px"": 479.0, ""has_hole"": true}]",0.0,0.0,0.0,0.27,
1784258437.5781991,ACTIVE,APPROACH,6.040230699989479,0,506297,True,5,2,0.9329184684642035,0,False,,0.06708153153579657,0,399.12695059625213,282.754980124929,7337.5,"[{""bbox"": [355, 240, 89, 88], ""centroid"": [399.12695059625213, 282.754980124929], ""area_px"": 7337.5, ""has_hole"": true}, {""bbox"": [298, 262, 24, 24], ""centroid"": [309.1261633919338, 273.9214064115822], ""area_px"": 483.5, ""has_hole"": true}]",0.0,0.0,0.0,0.27,
1784258437.5985982,ACTIVE,APPROACH,6.060301799967419,0,506297,True,5,2,0.9329184684642035,0,False,,0.06708153153579657,0,399.12695059625213,282.754980124929,7337.5,"[{""bbox"": [355, 240, 89, 88], ""centroid"": [399.12695059625213, 282.754980124929], ""area_px"": 7337.5, ""has_hole"": true}, {""bbox"": [298, 262, 24, 24], ""centroid"": [309.1261633919338, 273.9214064115822], ""area_px"": 483.5, ""has_hole"": true}]",0.0,0.0,0.0,0.27,
1784258437.6179063,ACTIVE,APPROACH,6.079934199980926,0,506298,True,5,2,0.8541112459456696,0,False,,0.1458887540543304,0,401.57603400359653,285.23916952754615,5097.5,"[{""bbox"": [356, 242, 92, 91], ""centroid"": [401.57603400359653, 285.23916952754615], ""area_px"": 5097.5, ""has_hole"": false}, {""bbox"": [298, 262, 24, 26], ""centroid"": [309.2173479561316, 273.9803921568627], ""area_px"": 501.5, ""has_hole"": true}]",0.0,0.0,0.0,0.27,
1784258437.6379826,ACTIVE,APPROACH,6.099986499990337,0,506298,True,5,2,0.8541112459456696,0,False,,0.1458887540543304,0,401.57603400359653,285.23916952754615,5097.5,"[{""bbox"": [356, 242, 92, 91], ""centroid"": [401.57603400359653, 285.23916952754615], ""area_px"": 5097.5, ""has_hole"": false}, {""bbox"": [298, 262, 24, 26], ""centroid"": [309.2173479561316, 273.9803921568627], ""area_px"": 501.5, ""has_hole"": true}]",0.0,0.0,0.0,0.27,
1784258437.6582341,ACTIVE,APPROACH,6.120204399980139,0,506299,True,5,2,0.9484953308259011,0,False,,0.051504669174098884,0,403.03413264203925,286.43196617597135,5400.5,"[{""bbox"": [357, 244, 94, 95], ""centroid"": [403.03413264203925, 286.43196617597135], ""area_px"": 5400.5, ""has_hole"": false}, {""bbox"": [298, 264, 24, 24], ""centroid"": [309.01090661213357, 275.3718473074301], ""area_px"": 489.0, ""has_hole"": true}]",0.0,0.0,0.0,0.27,
1784258437.6784315,ACTIVE,APPROACH,6.140393099980429,0,506300,True,5,2,0.9248752701667367,0,False,,0.07512472983326336,0,405.6464083510262,290.9220334984666,5652.0,"[{""bbox"": [358, 248, 98, 97], ""centroid"": [405.6464083510262, 290.9220334984666], ""area_px"": 5652.0, ""has_hole"": false}, {""bbox"": [298, 264, 24, 25], ""centroid"": [308.97253306205494, 276.1637843336724], ""area_px"": 491.5, ""has_hole"": true}]",0.0,0.0,0.0,0.27,
1784258437.6981952,ACTIVE,APPROACH,6.160122799978126,0,506300,True,5,2,0.9248752701667367,0,False,,0.07512472983326336,0,405.6464083510262,290.9220334984666,5652.0,"[{""bbox"": [358, 248, 98, 97], ""centroid"": [405.6464083510262, 290.9220334984666], ""area_px"": 5652.0, ""has_hole"": false}, {""bbox"": [298, 264, 24, 25], ""centroid"": [308.97253306205494, 276.1637843336724], ""area_px"": 491.5, ""has_hole"": true}]",0.0,0.0,0.0,0.27,
1784258437.7179635,ACTIVE,APPROACH,6.17994279996492,0,506301,True,5,2,0.9208905798703365,0,False,,0.07910942012966353,0,409.2030641821946,295.61717046238783,6037.5,"[{""bbox"": [359, 250, 101, 101], ""centroid"": [409.2030641821946, 295.61717046238783], ""area_px"": 6037.5, ""has_hole"": false}, {""bbox"": [297, 266, 25, 24], ""centroid"": [308.7422480620155, 277.3355943152455], ""area_px"": 516.0, ""has_hole"": true}]",0.0,0.0,0.0,0.27,
1784258437.7382727,ACTIVE,APPROACH,6.200156899983995,0,506302,False,5,2,0.75,1,False,,,1,,,,"[{""bbox"": [361, 254, 105, 103], ""centroid"": [411.9345775637166, 300.4620961268312], ""area_px"": 6644.0, ""has_hole"": false}, {""bbox"": [296, 266, 26, 25], ""centroid"": [308.5307101727447, 278.2731925783749], ""area_px"": 521.0, ""has_hole"": true}]",0.0,0.0,0.0,0.27,
1784258437.7584102,ACTIVE,APPROACH,6.220296300016344,0,506302,False,5,2,0.75,1,False,,,1,,,,"[{""bbox"": [361, 254, 105, 103], ""centroid"": [411.9345775637166, 300.4620961268312], ""area_px"": 6644.0, ""has_hole"": false}, {""bbox"": [296, 266, 26, 25], ""centroid"": [308.5307101727447, 278.2731925783749], ""area_px"": 521.0, ""has_hole"": true}]",0.0,0.0,0.0,0.27,
1784258437.778437,ACTIVE,APPROACH,6.240409299964085,0,506303,False,5,2,0.5,2,False,,,1,,,,"[{""bbox"": [362, 256, 109, 104], ""centroid"": [415.5381805867982, 304.34842657765523], ""area_px"": 6890.5, ""has_hole"": false}, {""bbox"": [296, 268, 26, 24], ""centroid"": [308.4848484848485, 279.4719065656565], ""area_px"": 528.0, ""has_hole"": true}]",0.0,0.0,0.0,0.27,
1784258437.798385,ACTIVE,APPROACH,6.260397300007753,0,506303,False,5,2,0.5,2,False,,,1,,,,"[{""bbox"": [362, 256, 109, 104], ""centroid"": [415.5381805867982, 304.34842657765523], ""area_px"": 6890.5, ""has_hole"": false}, {""bbox"": [296, 268, 26, 24], ""centroid"": [308.4848484848485, 279.4719065656565], ""area_px"": 528.0, ""has_hole"": true}]",0.0,0.0,0.0,0.27,
1784258437.8181114,ACTIVE,APPROACH,6.2800388999748975,0,506304,False,5,2,0.25,3,False,,,1,,,,"[{""bbox"": [364, 260, 113, 100], ""centroid"": [420.1243924145957, 306.55519043381025], ""area_px"": 7303.5, ""has_hole"": false}, {""bbox"": [296, 268, 26, 26], ""centroid"": [308.5181818181818, 279.9809090909091], ""area_px"": 550.0, ""has_hole"": true}]",0.0,0.0,0.0,0.27,
1784258437.838094,ACTIVE,APPROACH,6.299948200001381,0,506304,False,5,2,0.25,3,False,,,1,,,,"[{""bbox"": [364, 260, 113, 100], ""centroid"": [420.1243924145957, 306.55519043381025], ""area_px"": 7303.5, ""has_hole"": false}, {""bbox"": [296, 268, 26, 26], ""centroid"": [308.5181818181818, 279.9809090909091], ""area_px"": 550.0, ""has_hole"": true}]",0.0,0.0,0.0,0.27,
1784258437.8583827,ACTIVE,APPROACH,6.320352000009734,0,506305,True,6,2,1.0,0,True,association_lost,,1,308.45348837209303,280.94543828264756,559.0,"[{""bbox"": [367, 264, 116, 96], ""centroid"": [424.6148764451092, 311.72796111059176], ""area_px"": 10697.0, ""has_hole"": true}, {""bbox"": [296, 268, 26, 26], ""centroid"": [308.45348837209303, 280.94543828264756], ""area_px"": 559.0, ""has_hole"": true}]",0.0,0.0,0.0,0.27,
1784258437.8782775,ACTIVE,APPROACH,6.340278499992564,0,506306,True,6,2,0.9571053859881464,0,False,,0.042894614011853606,1,308.12996808819264,281.99593849724397,574.5,"[{""bbox"": [369, 269, 121, 91], ""centroid"": [430.2246497749456, 306.2642492287462], ""area_px"": 6591.0, ""has_hole"": false}, {""bbox"": [296, 270, 26, 26], ""centroid"": [308.12996808819264, 281.99593849724397], ""area_px"": 574.5, ""has_hole"": true}]",0.0,0.0,0.0,0.27,
1784258437.8985906,ACTIVE,APPROACH,6.360564599977806,0,506306,True,6,2,0.9571053859881464,0,False,,0.042894614011853606,1,308.12996808819264,281.99593849724397,574.5,"[{""bbox"": [369, 269, 121, 91], ""centroid"": [430.2246497749456, 306.2642492287462], ""area_px"": 6591.0, ""has_hole"": false}, {""bbox"": [296, 270, 26, 26], ""centroid"": [308.12996808819264, 281.99593849724397], ""area_px"": 574.5, ""has_hole"": true}]",0.0,0.0,0.0,0.27,
1784258437.9181755,ACTIVE,APPROACH,6.380181799991988,0,506307,True,6,1,0.9849720620602076,0,False,,0.015027937939792397,0,308.06441363373773,282.9792027729636,577.0,"[{""bbox"": [296, 271, 26, 25], ""centroid"": [308.06441363373773, 282.9792027729636], ""area_px"": 577.0, ""has_hole"": true}]",0.0,0.0,0.0,0.27,
1784258437.9380317,ACTIVE,APPROACH,6.400014700018801,0,506307,True,6,1,0.9849720620602076,0,False,,0.015027937939792397,0,308.06441363373773,282.9792027729636,577.0,"[{""bbox"": [296, 271, 26, 25], ""centroid"": [308.06441363373773, 282.9792027729636], ""area_px"": 577.0, ""has_hole"": true}]",0.0,0.0,0.0,0.27,
1784258437.9585543,ACTIVE,APPROACH,6.420450299978256,0,506308,True,6,1,0.961259283955165,0,False,,0.03874071604483492,0,308.0525133389497,284.393147992137,593.5,"[{""bbox"": [296, 272, 26, 26], ""centroid"": [308.0525133389497, 284.393147992137], ""area_px"": 593.5, ""has_hole"": true}]",0.0,0.0,0.0,0.27,
1784258437.978181,ACTIVE,APPROACH,6.440073499979917,0,506309,True,6,1,0.9755101572083447,0,False,,0.024489842791655392,0,308.0083194675541,285.43566278424845,601.0,"[{""bbox"": [296, 272, 25, 27], ""centroid"": [308.0083194675541, 285.43566278424845], ""area_px"": 601.0, ""has_hole"": true}]",0.0,0.0,0.0,0.27,
1784258437.9982092,ACTIVE,APPROACH,6.460181200003717,0,506309,True,6,1,0.9755101572083447,0,False,,0.024489842791655392,0,308.0083194675541,285.43566278424845,601.0,"[{""bbox"": [296, 272, 25, 27], ""centroid"": [308.0083194675541, 285.43566278424845], ""area_px"": 601.0, ""has_hole"": true}]",0.0,0.0,0.0,0.27,
1784258438.0184078,ACTIVE,APPROACH,6.480166099965572,0,506310,True,6,1,0.9702333256253804,0,False,,0.02976667437461952,0,308.00670016750416,286.4796203238414,597.0,"[{""bbox"": [296, 274, 25, 26], ""centroid"": [308.00670016750416, 286.4796203238414], ""area_px"": 597.0, ""has_hole"": true}]",0.0,0.0,0.0,0.27,
1784258438.0381205,ACTIVE,APPROACH,6.500049499969464,0,506310,True,6,1,0.9702333256253804,0,False,,0.02976667437461952,0,308.00670016750416,286.4796203238414,597.0,"[{""bbox"": [296, 274, 25, 26], ""centroid"": [308.00670016750416, 286.4796203238414], ""area_px"": 597.0, ""has_hole"": true}]",0.0,0.0,0.0,0.27,
1784258438.0584397,ACTIVE,APPROACH,6.520401099987794,0,506311,True,6,1,0.9629921712262728,0,False,,0.03700782877372716,0,307.7520259319287,287.46353322528364,617.0,"[{""bbox"": [295, 274, 27, 27], ""centroid"": [307.7520259319287, 287.46353322528364], ""area_px"": 617.0, ""has_hole"": true}]",0.0,0.0,0.0,0.27,
1784258438.0780387,ACTIVE,APPROACH,6.540016899991315,0,506312,True,6,1,0.9394366224704491,0,False,,0.06056337752955082,0,307.36996904024767,288.8410732714138,646.0,"[{""bbox"": [294, 276, 27, 27], ""centroid"": [307.36996904024767, 288.8410732714138], ""area_px"": 646.0, ""has_hole"": true}]",0.0,0.0,0.0,0.27,
1784258438.0992398,ACTIVE,APPROACH,6.560815299977548,0,506312,True,6,1,0.9394366224704491,0,False,,0.06056337752955082,0,307.36996904024767,288.8410732714138,646.0,"[{""bbox"": [294, 276, 27, 27], ""centroid"": [307.36996904024767, 288.8410732714138], ""area_px"": 646.0, ""has_hole"": true}]",0.0,0.0,0.0,0.27,
1784258438.1181192,ACTIVE,APPROACH,6.580048399977386,0,506313,True,6,1,0.9690144126589526,0,False,,0.030985587341047366,0,307.33461341525856,290.15309779825907,651.0,"[{""bbox"": [294, 277, 28, 27], ""centroid"": [307.33461341525856, 290.15309779825907], ""area_px"": 651.0, ""has_hole"": true}]",0.0,0.0,0.0,0.27,
1784258438.1384838,ACTIVE,APPROACH,6.600194500002544,0,506313,True,6,1,0.9690144126589526,0,False,,0.030985587341047366,0,307.33461341525856,290.15309779825907,651.0,"[{""bbox"": [294, 277, 28, 27], ""centroid"": [307.33461341525856, 290.15309779825907], ""area_px"": 651.0, ""has_hole"": true}]",0.0,0.0,0.0,0.27,
1784258438.158363,ACTIVE,APPROACH,6.620359799999278,0,506314,True,6,1,0.9686303205994949,0,False,,0.031369679400505016,0,307.4745627980922,291.37943826179117,629.0,"[{""bbox"": [294, 278, 28, 27], ""centroid"": [307.4745627980922, 291.37943826179117], ""area_px"": 629.0, ""has_hole"": true}]",0.0,0.0,0.0,0.27,
1784258438.1781356,ACTIVE,APPROACH,6.640083900012542,0,506315,True,6,1,0.9405715748548482,0,False,,0.05942842514515176,0,307.1915106117353,292.9378277153558,667.5,"[{""bbox"": [294, 280, 28, 28], ""centroid"": [307.1915106117353, 292.9378277153558], ""area_px"": 667.5, ""has_hole"": true}]",0.0,0.0,0.0,0.27,
1784258438.19839,ACTIVE,APPROACH,6.660339499998372,0,506315,True,6,1,0.9405715748548482,0,False,,0.05942842514515176,0,307.1915106117353,292.9378277153558,667.5,"[{""bbox"": [294, 280, 28, 28], ""centroid"": [307.1915106117353, 292.9378277153558], ""area_px"": 667.5, ""has_hole"": true}]",0.0,0.0,0.0,0.27,
1784258438.217985,ACTIVE,APPROACH,6.679941100010183,0,506316,True,6,1,0.9889638006499583,0,False,,0.011036199350041784,0,307.0044150110375,293.9092469953397,679.5,"[{""bbox"": [294, 280, 28, 28], ""centroid"": [307.0044150110375, 293.9092469953397], ""area_px"": 679.5, ""has_hole"": true}]",0.0,0.0,0.0,0.27,
1784258438.2381992,ACTIVE,APPROACH,6.700153000012506,0,506317,True,6,1,0.9579371555960415,0,False,,0.04206284440395845,0,307.0207129094412,295.5789980732177,692.0,"[{""bbox"": [294, 282, 28, 28], ""centroid"": [307.0207129094412, 295.5789980732177], ""area_px"": 692.0, ""has_hole"": true}]",0.0,0.0,0.0,0.27,
1784258438.2580578,ACTIVE,APPROACH,6.7200349000049755,0,506317,True,6,1,0.9579371555960415,0,False,,0.04206284440395845,0,307.0207129094412,295.5789980732177,692.0,"[{""bbox"": [294, 282, 28, 28], ""centroid"": [307.0207129094412, 295.5789980732177], ""area_px"": 692.0, ""has_hole"": true}]",0.0,0.0,0.0,0.27,
1784258438.278241,ACTIVE,APPROACH,6.740103300020564,0,506318,True,6,1,0.9730228273254742,0,False,,0.026977172674525873,0,307.058837318331,296.5801687763713,711.0,"[{""bbox"": [294, 282, 28, 30], ""centroid"": [307.058837318331, 296.5801687763713], ""area_px"": 711.0, ""has_hole"": true}]",0.0,0.0,0.0,0.27,
1784258438.298314,ACTIVE,APPROACH,6.760236100002658,0,506318,True,6,1,0.9730228273254742,0,False,,0.026977172674525873,0,307.058837318331,296.5801687763713,711.0,"[{""bbox"": [294, 282, 28, 30], ""centroid"": [307.058837318331, 296.5801687763713], ""area_px"": 711.0, ""has_hole"": true}]",0.0,0.0,0.0,0.27,
1784258438.3183641,ACTIVE,APPROACH,6.780304300016724,0,506319,True,6,1,0.9629087695614287,0,False,,0.03709123043857127,0,306.89204808136844,297.8647711511789,721.0,"[{""bbox"": [293, 284, 29, 29], ""centroid"": [306.89204808136844, 297.8647711511789], ""area_px"": 721.0, ""has_hole"": true}]",0.0,0.0,0.0,0.27,
1784258438.3381684,ACTIVE,APPROACH,6.800138499995228,0,506319,True,6,1,0.9629087695614287,0,False,,0.03709123043857127,0,306.89204808136844,297.8647711511789,721.0,"[{""bbox"": [293, 284, 29, 29], ""centroid"": [306.89204808136844, 297.8647711511789], ""area_px"": 721.0, ""has_hole"": true}]",0.0,0.0,0.0,0.27,
1784258438.358476,ACTIVE,APPROACH,6.820383200014476,0,506320,True,6,1,0.9588479139066863,0,False,,0.04115208609331364,0,306.5853215178368,299.57577823221993,733.5,"[{""bbox"": [292, 286, 30, 28], ""centroid"": [306.5853215178368, 299.57577823221993], ""area_px"": 733.5, ""has_hole"": true}]",0.0,0.0,0.0,0.27,
1784258438.378357,ACTIVE,APPROACH,6.8402154999785125,0,506320,True,6,1,0.9588479139066863,0,False,,0.04115208609331364,0,306.5853215178368,299.57577823221993,733.5,"[{""bbox"": [292, 286, 30, 28], ""centroid"": [306.5853215178368, 299.57577823221993], ""area_px"": 733.5, ""has_hole"": true}]",0.0,0.0,0.0,0.27,
1784258438.398362,ACTIVE,APPROACH,6.860328099981416,0,506321,True,6,1,0.9592061534204805,0,False,,0.04079384657951947,0,306.55220620358233,301.1832678025338,763.0,"[{""bbox"": [292, 287, 30, 29], ""centroid"": [306.55220620358233, 301.1832678025338], ""area_px"": 763.0, ""has_hole"": true}]",0.0,0.0,0.0,0.27,
1784258438.4180992,ACTIVE,APPROACH,6.879964499967173,0,506322,True,6,1,0.9708619837237258,0,False,,0.029138016276274215,0,306.62056033531877,302.31678799911754,755.5,"[{""bbox"": [292, 288, 30, 30], ""centroid"": [306.62056033531877, 302.31678799911754], ""area_px"": 755.5, ""has_hole"": true}]",0.0,0.0,0.0,0.27,
1784258438.4385223,ACTIVE,APPROACH,6.900382899970282,0,506323,True,6,1,0.9488541657134048,0,False,,0.05114583428659523,0,306.21712730318256,304.17985762144053,796.0,"[{""bbox"": [292, 290, 30, 30], ""centroid"": [306.21712730318256, 304.17985762144053], ""area_px"": 796.0, ""has_hole"": true}]",0.0,0.0,0.0,0.27,
1784258438.458411,ACTIVE,APPROACH,6.920351099979598,0,506323,True,6,1,0.9488541657134048,0,False,,0.05114583428659523,0,306.21712730318256,304.17985762144053,796.0,"[{""bbox"": [292, 290, 30, 30], ""centroid"": [306.21712730318256, 304.17985762144053], ""area_px"": 796.0, ""has_hole"": true}]",0.0,0.0,0.0,0.27,
1784258438.4784987,ACTIVE,APPROACH,6.940395999990869,0,506324,True,6,1,0.9798990989391758,0,False,,0.020100901060824152,0,306.15520065520064,305.38759213759215,814.0,"[{""bbox"": [292, 290, 30, 31], ""centroid"": [306.15520065520064, 305.38759213759215], ""area_px"": 814.0, ""has_hole"": true}]",0.0,0.0,0.0,0.27,
1784258438.498494,ACTIVE,APPROACH,6.960213800019119,0,506324,True,6,1,0.9798990989391758,0,False,,0.020100901060824152,0,306.15520065520064,305.38759213759215,814.0,"[{""bbox"": [292, 290, 30, 31], ""centroid"": [306.15520065520064, 305.38759213759215], ""area_px"": 814.0, ""has_hole"": true}]",0.0,0.0,0.0,0.27,
1784258438.5181417,ACTIVE,APPROACH,6.9801090999972075,0,506325,True,6,1,0.9731968491595195,0,False,,0.026803150840480502,0,306.1566462167689,306.6241308793456,815.0,"[{""bbox"": [292, 292, 30, 30], ""centroid"": [306.1566462167689, 306.6241308793456], ""area_px"": 815.0, ""has_hole"": true}]",0.0,0.0,0.0,0.27,
1784258438.537934,ACTIVE,APPROACH,6.999933900020551,0,506326,True,6,1,0.9556019025204259,0,False,,0.04439809747957412,0,306.0308261405672,308.66337854500614,811.0,"[{""bbox"": [291, 294, 31, 30], ""centroid"": [306.0308261405672, 308.66337854500614], ""area_px"": 811.0, ""has_hole"": true}]",0.0,0.0,0.0,0.27,
1784258438.55846,ACTIVE,APPROACH,7.020417499996256,0,506326,True,6,1,0.9556019025204259,0,False,,0.04439809747957412,0,306.0308261405672,308.66337854500614,811.0,"[{""bbox"": [291, 294, 31, 30], ""centroid"": [306.0308261405672, 308.66337854500614], ""area_px"": 811.0, ""has_hole"": true}]",0.0,0.0,0.0,0.27,
1784258438.5787249,ACTIVE,APPROACH,7.040403000020888,0,506327,True,6,1,0.9454349412339695,0,False,,0.05456505876603045,0,305.5971905846621,309.98215641609715,878.0,"[{""bbox"": [290, 295, 32, 31], ""centroid"": [305.5971905846621, 309.98215641609715], ""area_px"": 878.0, ""has_hole"": true}]",0.0,0.0,0.0,0.27,
1784258438.598604,ACTIVE,APPROACH,7.0600221999920905,0,506327,True,6,1,0.9454349412339695,0,False,,0.05456505876603045,0,305.5971905846621,309.98215641609715,878.0,"[{""bbox"": [290, 295, 32, 31], ""centroid"": [305.5971905846621, 309.98215641609715], ""area_px"": 878.0, ""has_hole"": true}]",0.0,0.0,0.0,0.27,
1784258438.6182175,ACTIVE,APPROACH,7.0802095999824814,0,506328,True,6,1,0.9545815645133816,0,False,,0.045418435486618426,0,305.6588648332358,312.1880241856836,854.5,"[{""bbox"": [290, 297, 32, 31], ""centroid"": [305.6588648332358, 312.1880241856836], ""area_px"": 854.5, ""has_hole"": true}]",0.0,0.0,0.0,0.27,
1784258438.6383748,ACTIVE,APPROACH,7.100370000000112,0,506329,True,6,1,0.9725705612843379,0,False,,0.027429438715662037,0,305.6349024110218,312.83314198239566,871.0,"[{""bbox"": [290, 298, 32, 32], ""centroid"": [305.6349024110218, 312.83314198239566], ""area_px"": 871.0, ""has_hole"": true}]",0.0,0.0,0.0,0.27,
1784258438.6580558,ACTIVE,APPROACH,7.120034699968528,0,506329,True,6,1,0.9725705612843379,0,False,,0.027429438715662037,0,305.6349024110218,312.83314198239566,871.0,"[{""bbox"": [290, 298, 32, 32], ""centroid"": [305.6349024110218, 312.83314198239566], ""area_px"": 871.0, ""has_hole"": true}]",0.0,0.0,0.0,0.27,
1784258438.6782098,ACTIVE,APPROACH,7.140176500019152,0,506330,True,6,1,0.9496350870492282,0,False,,0.05036491295077186,0,305.6591985428051,314.9781420765027,915.0,"[{""bbox"": [290, 300, 32, 32], ""centroid"": [305.6591985428051, 314.9781420765027], ""area_px"": 915.0, ""has_hole"": true}]",0.0,0.0,0.0,0.27,
1784258438.6984649,ACTIVE,APPROACH,7.160393199999817,0,506330,True,6,1,0.9496350870492282,0,False,,0.05036491295077186,0,305.6591985428051,314.9781420765027,915.0,"[{""bbox"": [290, 300, 32, 32], ""centroid"": [305.6591985428051, 314.9781420765027], ""area_px"": 915.0, ""has_hole"": true}]",0.0,0.0,0.0,0.27,
1784258438.7181492,ACTIVE,APPROACH,7.180103299964685,0,506331,True,6,1,0.9691279097666584,0,False,,0.030872090233341587,0,305.5713513513513,316.61945945945945,925.0,"[{""bbox"": [290, 301, 32, 33], ""centroid"": [305.5713513513513, 316.61945945945945], ""area_px"": 925.0, ""has_hole"": true}]",0.0,0.0,0.0,0.27,
1784258438.7384412,ACTIVE,APPROACH,7.200333499989938,0,506332,True,6,1,0.9631618220534247,0,False,,0.03683817794657532,0,305.60146443514645,318.3336820083682,956.0,"[{""bbox"": [290, 302, 32, 34], ""centroid"": [305.60146443514645, 318.3336820083682], ""area_px"": 956.0, ""has_hole"": true}]",0.0,0.0,0.0,0.27,
1784258438.758733,ACTIVE,APPROACH,7.220336799975485,0,506332,True,6,1,0.9631618220534247,0,False,,0.03683817794657532,0,305.60146443514645,318.3336820083682,956.0,"[{""bbox"": [290, 302, 32, 34], ""centroid"": [305.60146443514645, 318.3336820083682], ""area_px"": 956.0, ""has_hole"": true}]",0.0,0.0,0.0,0.27,
1784258438.7784302,ACTIVE,APPROACH,7.240366699988954,0,506333,True,6,1,0.9481116176366668,0,False,,0.05188838236333316,0,305.07331277834874,320.669578622816,973.0,"[{""bbox"": [288, 304, 34, 34], ""centroid"": [305.07331277834874, 320.669578622816], ""area_px"": 973.0, ""has_hole"": true}]",0.0,0.0,0.0,0.27,
1784258438.7983878,ACTIVE,APPROACH,7.260343500005547,0,506333,True,6,1,0.9481116176366668,0,False,,0.05188838236333316,0,305.07331277834874,320.669578622816,973.0,"[{""bbox"": [288, 304, 34, 34], ""centroid"": [305.07331277834874, 320.669578622816], ""area_px"": 973.0, ""has_hole"": true}]",0.0,0.0,0.0,0.27,
1784258438.8182883,ACTIVE,APPROACH,7.280255699995905,0,506334,True,6,1,0.9581990459002852,0,False,,0.041800954099714904,0,304.97711934156376,322.0635390946502,1012.5,"[{""bbox"": [288, 306, 34, 34], ""centroid"": [304.97711934156376, 322.0635390946502], ""area_px"": 1012.5, ""has_hole"": true}]",0.0,0.0,0.0,0.27,
1784258438.838325,ACTIVE,APPROACH,7.300178900011815,0,506335,True,6,1,0.9551468891897769,0,False,,0.044853110810223126,0,304.7552742616034,324.29707766838567,1066.5,"[{""bbox"": [288, 307, 34, 35], ""centroid"": [304.7552742616034, 324.29707766838567], ""area_px"": 1066.5, ""has_hole"": true}]",0.0,0.0,0.0,0.27,
1784258438.8579957,ACTIVE,APPROACH,7.320005199988373,0,506335,True,6,1,0.9551468891897769,0,False,,0.044853110810223126,0,304.7552742616034,324.29707766838567,1066.5,"[{""bbox"": [288, 307, 34, 35], ""centroid"": [304.7552742616034, 324.29707766838567], ""area_px"": 1066.5, ""has_hole"": true}]",0.0,0.0,0.0,0.27,
1784258438.8781297,ACTIVE,APPROACH,7.340049699996598,0,506336,True,6,1,0.9550149014880633,0,False,,0.04498509851193666,0,304.4457794208256,326.52202711028957,1082.0,"[{""bbox"": [288, 310, 34, 34], ""centroid"": [304.4457794208256, 326.52202711028957], ""area_px"": 1082.0, ""has_hole"": true}]",0.0,0.0,0.0,0.27,
1784258438.8984616,ACTIVE,APPROACH,7.360472399974242,0,506336,True,6,1,0.9550149014880633,0,False,,0.04498509851193666,0,304.4457794208256,326.52202711028957,1082.0,"[{""bbox"": [288, 310, 34, 34], ""centroid"": [304.4457794208256, 326.52202711028957], ""area_px"": 1082.0, ""has_hole"": true}]",0.0,0.0,0.0,0.27,
1784258438.9182785,ACTIVE,APPROACH,7.380231100018136,0,506337,True,6,1,0.9645123050840085,0,False,,0.03548769491599151,0,304.5050644567219,328.48511356660526,1086.0,"[{""bbox"": [288, 312, 34, 34], ""centroid"": [304.5050644567219, 328.48511356660526], ""area_px"": 1086.0, ""has_hole"": true}]",0.0,0.0,0.0,0.27,
1784258438.938464,ACTIVE,APPROACH,7.400460599979851,0,506338,True,6,1,0.976799815501559,0,False,,0.023200184498440996,0,304.3985067662156,329.83014465702286,1071.5,"[{""bbox"": [288, 312, 34, 36], ""centroid"": [304.3985067662156, 329.83014465702286], ""area_px"": 1071.5, ""has_hole"": true}]",0.0,0.0,0.0,0.27,
1784258438.9580553,ACTIVE,APPROACH,7.42000799998641,0,506338,True,6,1,0.976799815501559,0,False,,0.023200184498440996,0,304.3985067662156,329.83014465702286,1071.5,"[{""bbox"": [288, 312, 34, 36], ""centroid"": [304.3985067662156, 329.83014465702286], ""area_px"": 1071.5, ""has_hole"": true}]",0.0,0.0,0.0,0.27,
1784258438.9782968,ACTIVE,APPROACH,7.4402203999925405,0,506339,True,6,1,0.9201435091673794,0,False,,0.07985649083262054,0,303.938358165352,332.77169149868536,1141.0,"[{""bbox"": [286, 316, 36, 35], ""centroid"": [303.938358165352, 332.77169149868536], ""area_px"": 1141.0, ""has_hole"": true}]",0.0,0.0,0.0,0.27,
1784258438.9987183,ACTIVE,APPROACH,7.460731099999975,0,506339,True,6,1,0.9201435091673794,0,False,,0.07985649083262054,0,303.938358165352,332.77169149868536,1141.0,"[{""bbox"": [286, 316, 36, 35], ""centroid"": [303.938358165352, 332.77169149868536], ""area_px"": 1141.0, ""has_hole"": true}]",0.0,0.0,0.0,0.27,
1784258439.018549,ACTIVE,APPROACH,7.480172600015067,0,506340,False,6,1,0.75,1,False,,,1,,,,"[{""bbox"": [286, 318, 36, 36], ""centroid"": [303.92108667529106, 334.95371568204683], ""area_px"": 1159.5, ""has_hole"": true}]",0.0,0.0,0.0,0.27,
1784258439.0390947,ACTIVE,APPROACH,7.5004090999718755,0,506341,False,6,1,0.5,2,False,,,1,,,,"[{""bbox"": [286, 320, 36, 36], ""centroid"": [303.49631751227497, 337.4859519912711], ""area_px"": 1222.0, ""has_hole"": true}]",0.0,0.0,0.0,0.27,
1784258439.0583348,ACTIVE,APPROACH,7.520289100008085,0,506341,False,6,1,0.5,2,False,,,1,,,,"[{""bbox"": [286, 320, 36, 36], ""centroid"": [303.49631751227497, 337.4859519912711], ""area_px"": 1222.0, ""has_hole"": true}]",0.0,0.0,0.0,0.27,
1784258439.0783038,ACTIVE,APPROACH,7.540272100013681,0,506342,False,6,1,0.25,3,False,,,1,,,,"[{""bbox"": [286, 322, 36, 38], ""centroid"": [303.41656897225477, 340.38882375928097], ""area_px"": 1279.5, ""has_hole"": true}]",0.0,0.0,0.0,0.27,
1784258439.098453,ACTIVE,APPROACH,7.560106499993708,0,506342,False,6,1,0.25,3,False,,,1,,,,"[{""bbox"": [286, 322, 36, 38], ""centroid"": [303.41656897225477, 340.38882375928097], ""area_px"": 1279.5, ""has_hole"": true}]",0.0,0.0,0.0,0.27,
1784258439.1183743,ACTIVE,APPROACH,7.580363199987914,0,506343,False,,1,0.0,0,False,,,1,,,,"[{""bbox"": [285, 324, 37, 36], ""centroid"": [303.0908848968729, 341.4397870924817], ""area_px"": 1252.5, ""has_hole"": true}]",0.0,0.0,0.0,0.27,
1784258439.1382358,ACTIVE,APPROACH,7.600207099982072,0,506344,False,,1,0.0,0,False,,,1,,,,"[{""bbox"": [285, 326, 37, 34], ""centroid"": [303.0463045414069, 343.3980409617097], ""area_px"": 1123.0, ""has_hole"": true}]",0.0,0.0,0.0,0.27,
1784258439.157962,ACTIVE,APPROACH,7.619990199978929,0,506344,False,,1,0.0,0,False,,,1,,,,"[{""bbox"": [285, 326, 37, 34], ""centroid"": [303.0463045414069, 343.3980409617097], ""area_px"": 1123.0, ""has_hole"": true}]",0.0,0.0,0.0,0.27,
1784258439.1784503,ACTIVE,APPROACH,7.640406499966048,0,506345,False,,1,0.0,0,False,,,1,,,,"[{""bbox"": [284, 328, 38, 32], ""centroid"": [302.42025049041797, 344.0603591368643], ""area_px"": 1104.5, ""has_hole"": true}]",0.0,0.0,0.0,0.27,
1784258439.1980467,ACTIVE,APPROACH,7.660017199988943,0,506345,False,,1,0.0,0,False,,,1,,,,"[{""bbox"": [284, 328, 38, 32], ""centroid"": [302.42025049041797, 344.0603591368643], ""area_px"": 1104.5, ""has_hole"": true}]",0.0,0.0,0.0,0.27,
1784258439.2182052,ACTIVE,APPROACH,7.680196099972818,0,506346,False,,1,0.0,0,False,,,1,,,,"[{""bbox"": [284, 331, 38, 29], ""centroid"": [302.82248062015503, 342.3891472868217], ""area_px"": 645.0, ""has_hole"": false}]",0.0,0.0,0.0,0.27,
1784258439.2381175,ACTIVE,APPROACH,7.699936599994544,0,506347,False,,0,0.0,0,False,,,0,,,,[],0.0,0.0,0.0,0.27,
1784258439.2583408,ACTIVE,APPROACH,7.72030069999164,0,506347,False,,0,0.0,0,False,,,0,,,,[],0.0,0.0,0.0,0.27,
1784258439.278577,ACTIVE,APPROACH,7.740590500005055,0,506348,False,,0,0.0,0,False,,,0,,,,[],0.0,0.0,0.0,0.27,
1784258439.2982278,ACTIVE,APPROACH,7.7602020999765955,0,506348,False,,0,0.0,0,False,,,0,,,,[],0.0,0.0,0.0,0.27,
1784258439.3181877,ACTIVE,APPROACH,7.780094299989287,0,506349,False,,0,0.0,0,False,,,0,,,,[],0.0,0.0,0.0,0.27,
1784258439.3384104,ACTIVE,APPROACH,7.800372499972582,0,506350,False,,0,0.0,0,False,,,0,,,,[],0.0,0.0,0.0,0.27,
1784258439.3584774,ACTIVE,APPROACH,7.820410099986475,0,506350,False,,0,0.0,0,False,,,0,,,,[],0.0,0.0,0.0,0.27,
1784258439.3782837,ACTIVE,APPROACH,7.840248199994676,0,506351,False,,0,0.0,0,False,,,0,,,,[],0.0,0.0,0.0,0.27,
1784258439.398416,ACTIVE,APPROACH,7.860326099966187,0,506351,False,,0,0.0,0,False,,,0,,,,[],0.0,0.0,0.0,0.27,
1784258439.4181576,ACTIVE,APPROACH,7.880164499976672,0,506352,False,,0,0.0,0,False,,,0,,,,[],0.0,0.0,0.0,0.27,
1784258439.4385898,ACTIVE,APPROACH,7.90049299999373,0,506352,False,,0,0.0,0,False,,,0,,,,[],0.0,0.0,0.0,0.27,
1784258439.4582236,ACTIVE,APPROACH,7.920192299992777,0,506353,False,,0,0.0,0,False,,,0,,,,[],0.0,0.0,0.0,0.27,
1784258439.4784195,ACTIVE,APPROACH,7.940090099989902,0,506354,False,,0,0.0,0,False,,,0,,,,[],0.0,0.0,0.0,0.27,
1784258439.4984586,ACTIVE,APPROACH,7.960405299963895,0,506354,False,,0,0.0,0,False,,,0,,,,[],0.0,0.0,0.0,0.27,
1784258439.5179484,ACTIVE,APPROACH,7.979913699964527,0,506355,True,7,1,1.0,0,True,acquired,,0,348.01119104716224,304.62430055955235,208.5,"[{""bbox"": [341, 297, 15, 17], ""centroid"": [348.01119104716224, 304.62430055955235], ""area_px"": 208.5, ""has_hole"": true}]",0.0,0.0,0.0,0.27,
1784258439.538336,ACTIVE,APPROACH,8.00022839999292,0,506355,True,7,1,1.0,0,True,acquired,,0,348.01119104716224,304.62430055955235,208.5,"[{""bbox"": [341, 297, 15, 17], ""centroid"": [348.01119104716224, 304.62430055955235], ""area_px"": 208.5, ""has_hole"": true}]",0.0,0.0,0.0,0.27,
1784258439.5582757,ACTIVE,APPROACH,8.020222699968144,0,506356,True,7,1,0.9708361332207459,0,False,,0.029163866779254106,0,348.03508771929825,305.5263157894737,209.0,"[{""bbox"": [341, 298, 16, 16], ""centroid"": [348.03508771929825, 305.5263157894737], ""area_px"": 209.0, ""has_hole"": true}]",0.0,0.0,0.0,0.27,
1784258439.5783093,ACTIVE,APPROACH,8.040197799971793,0,506357,True,7,1,0.958661636781898,0,False,,0.041338363218102005,0,348.0,306.5,208.0,"[{""bbox"": [341, 299, 15, 16], ""centroid"": [348.0, 306.5], ""area_px"": 208.0, ""has_hole"": true}]",0.0,0.0,0.0,0.27,
1784258439.5980484,ACTIVE,APPROACH,8.059978800010867,0,506357,True,7,1,0.958661636781898,0,False,,0.041338363218102005,0,348.0,306.5,208.0,"[{""bbox"": [341, 299, 15, 16], ""centroid"": [348.0, 306.5], ""area_px"": 208.0, ""has_hole"": true}]",0.0,0.0,0.0,0.27,
1784258439.6181202,ACTIVE,APPROACH,8.080041399982292,0,506358,False,7,0,0.75,1,False,,,0,,,,[],0.0,0.0,0.0,0.27,
1784258439.6381104,ACTIVE,APPROACH,8.100047199986875,0,506359,True,7,1,0.9264521553490788,0,False,,0.07354784465092122,0,348.5379146919431,307.9478672985782,211.0,"[{""bbox"": [340, 301, 18, 15], ""centroid"": [348.5379146919431, 307.9478672985782], ""area_px"": 211.0, ""has_hole"": true}]",0.0,0.0,0.0,0.27,
1784258439.6582546,ACTIVE,APPROACH,8.120255400019232,0,506359,True,7,1,0.9264521553490788,0,False,,0.07354784465092122,0,348.5379146919431,307.9478672985782,211.0,"[{""bbox"": [340, 301, 18, 15], ""centroid"": [348.5379146919431, 307.9478672985782], ""area_px"": 211.0, ""has_hole"": true}]",0.0,0.0,0.0,0.27,
1784258439.6782818,ACTIVE,APPROACH,8.14026830001967,0,506360,True,7,1,0.9507924072150373,0,False,,0.04920759278496273,0,348.61753590325014,308.73771730914586,220.5,"[{""bbox"": [341, 301, 17, 17], ""centroid"": [348.61753590325014, 308.73771730914586], ""area_px"": 220.5, ""has_hole"": true}]",0.0,0.0,0.0,0.27,
1784258439.698261,ACTIVE,APPROACH,8.160276799986605,0,506360,True,7,1,0.9507924072150373,0,False,,0.04920759278496273,0,348.61753590325014,308.73771730914586,220.5,"[{""bbox"": [341, 301, 17, 17], ""centroid"": [348.61753590325014, 308.73771730914586], ""area_px"": 220.5, ""has_hole"": true}]",0.0,0.0,0.0,0.27,
1784258439.7183578,ACTIVE,APPROACH,8.180217100016307,0,506361,True,7,1,0.9730705029770274,0,False,,0.026929497022972697,0,348.72331154684093,309.41031227305734,229.5,"[{""bbox"": [341, 302, 17, 16], ""centroid"": [348.72331154684093, 309.41031227305734], ""area_px"": 229.5, ""has_hole"": true}]",0.0,0.0,0.0,0.27,
1784258439.7384658,ACTIVE,APPROACH,8.200482600019313,0,506362,True,7,1,0.9493630278730245,0,False,,0.05063697212697554,0,348.6666666666667,310.72897897897894,222.0,"[{""bbox"": [341, 303, 17, 17], ""centroid"": [348.6666666666667, 310.72897897897894], ""area_px"": 222.0, ""has_hole"": true}]",0.0,0.0,0.0,0.27,
1784258439.7582374,ACTIVE,APPROACH,8.220238399982918,0,506362,True,7,1,0.9493630278730245,0,False,,0.05063697212697554,0,348.6666666666667,310.72897897897894,222.0,"[{""bbox"": [341, 303, 17, 17], ""centroid"": [348.6666666666667, 310.72897897897894], ""area_px"": 222.0, ""has_hole"": true}]",0.0,0.0,0.0,0.27,
1784258439.7782488,ACTIVE,APPROACH,8.240228999988176,0,506363,True,7,1,0.9430743983565733,0,False,,0.05692560164342676,0,349.0,311.5,208.0,"[{""bbox"": [342, 304, 15, 16], ""centroid"": [349.0, 311.5], ""area_px"": 208.0, ""has_hole"": true}]",0.0,0.0,0.0,0.27,
1784258439.7985094,ACTIVE,APPROACH,8.26033770001959,0,506363,True,7,1,0.9430743983565733,0,False,,0.05692560164342676,0,349.0,311.5,208.0,"[{""bbox"": [342, 304, 15, 16], ""centroid"": [349.0, 311.5], ""area_px"": 208.0, ""has_hole"": true}]",0.0,0.0,0.0,0.27,
1784258439.8182359,ACTIVE,APPROACH,8.280254999990575,0,506364,True,7,1,0.9293495576887222,0,False,,0.07065044231127786,0,349.51979841612666,312.69114470842334,231.5,"[{""bbox"": [342, 304, 16, 18], ""centroid"": [349.51979841612666, 312.69114470842334], ""area_px"": 231.5, ""has_hole"": true}]",0.0,0.0,0.0,0.27,
1784258439.8382592,ACTIVE,APPROACH,8.300227699975949,0,506365,True,7,1,0.9625211961506392,0,False,,0.03747880384936074,0,349.5,313.5,223.0,"[{""bbox"": [342, 306, 16, 16], ""centroid"": [349.5, 313.5], ""area_px"": 223.0, ""has_hole"": true}]",0.0,0.0,0.0,0.27,
1784258439.858114,ACTIVE,APPROACH,8.320090299996082,0,506365,True,7,1,0.9625211961506392,0,False,,0.03747880384936074,0,349.5,313.5,223.0,"[{""bbox"": [342, 306, 16, 16], ""centroid"": [349.5, 313.5], ""area_px"": 223.0, ""has_hole"": true}]",0.0,0.0,0.0,0.27,
1784258439.878297,ACTIVE,APPROACH,8.340273400011938,0,506366,True,7,1,0.9671643475141982,0,False,,0.032835652485801795,0,349.51802796173655,314.5194996320824,226.5,"[{""bbox"": [342, 306, 16, 18], ""centroid"": [349.51802796173655, 314.5194996320824], ""area_px"": 226.5, ""has_hole"": true}]",0.0,0.0,0.0,0.27,
1784258439.8983772,ACTIVE,APPROACH,8.360036899975967,0,506366,True,7,1,0.9671643475141982,0,False,,0.032835652485801795,0,349.51802796173655,314.5194996320824,226.5,"[{""bbox"": [342, 306, 16, 18], ""centroid"": [349.51802796173655, 314.5194996320824], ""area_px"": 226.5, ""has_hole"": true}]",0.0,0.0,0.0,0.27,
1784258439.9180167,ACTIVE,APPROACH,8.379957799974363,0,506367,True,7,1,0.9674077316824903,0,False,,0.03259226831750976,0,349.5,315.5,223.0,"[{""bbox"": [342, 308, 16, 16], ""centroid"": [349.5, 315.5], ""area_px"": 223.0, ""has_hole"": true}]",0.0,0.0,0.0,0.27,
1784258439.9382098,ACTIVE,APPROACH,8.400211100000888,0,506368,True,7,1,0.9286651210723396,0,False,,0.07133487892766041,0,349.64748677248673,316.3359788359788,252.0,"[{""bbox"": [342, 308, 17, 18], ""centroid"": [349.64748677248673, 316.3359788359788], ""area_px"": 252.0, ""has_hole"": true}]",0.0,0.0,0.0,0.27,
1784258439.958392,ACTIVE,APPROACH,8.420404999982566,0,506368,True,7,1,0.9286651210723396,0,False,,0.07133487892766041,0,349.64748677248673,316.3359788359788,252.0,"[{""bbox"": [342, 308, 17, 18], ""centroid"": [349.64748677248673, 316.3359788359788], ""area_px"": 252.0, ""has_hole"": true}]",0.0,0.0,0.0,0.27,
1784258439.9787424,ACTIVE,APPROACH,8.440698999969754,0,506369,True,7,1,0.9742698508371112,0,False,,0.025730149162888807,0,350.1434034416826,316.8642447418738,261.5,"[{""bbox"": [342, 308, 18, 18], ""centroid"": [350.1434034416826, 316.8642447418738], ""area_px"": 261.5, ""has_hole"": true}]",0.0,0.0,0.0,0.27,
1784258439.9985278,ACTIVE,APPROACH,8.46022940002149,0,506369,True,7,1,0.9742698508371112,0,False,,0.025730149162888807,0,350.1434034416826,316.8642447418738,261.5,"[{""bbox"": [342, 308, 18, 18], ""centroid"": [350.1434034416826, 316.8642447418738], ""area_px"": 261.5, ""has_hole"": true}]",0.0,0.0,0.0,0.27,
1784258440.0185993,ACTIVE,APPROACH,8.480426499969326,0,506370,True,7,1,0.9448277696714602,0,False,,0.055172230328539774,0,350.24084419615144,318.1365611421477,268.5,"[{""bbox"": [342, 310, 18, 18], ""centroid"": [350.24084419615144, 318.1365611421477], ""area_px"": 268.5, ""has_hole"": true}]",0.0,0.0,0.0,0.27,
1784258440.0383077,ACTIVE,APPROACH,8.49995339999441,0,506371,True,7,1,0.9409756879371445,0,False,,0.059024312062855536,0,350.5327754532775,318.9958158995816,239.0,"[{""bbox"": [343, 311, 17, 17], ""centroid"": [350.5327754532775, 318.9958158995816], ""area_px"": 239.0, ""has_hole"": true}]",0.0,0.0,0.0,0.27,
1784258440.0580592,ACTIVE,APPROACH,8.5200636999798,0,506371,True,7,1,0.9409756879371445,0,False,,0.059024312062855536,0,350.5327754532775,318.9958158995816,239.0,"[{""bbox"": [343, 311, 17, 17], ""centroid"": [350.5327754532775, 318.9958158995816], ""area_px"": 239.0, ""has_hole"": true}]",0.0,0.0,0.0,0.27,
1784258440.078338,ACTIVE,APPROACH,8.54030509997392,0,506372,True,7,1,0.9495155729244755,0,False,,0.05048442707552449,0,350.5309917355372,320.0550964187328,242.0,"[{""bbox"": [342, 312, 18, 18], ""centroid"": [350.5309917355372, 320.0550964187328], ""area_px"": 242.0, ""has_hole"": true}]",0.0,0.0,0.0,0.27,
1784258440.0984414,ACTIVE,APPROACH,8.560396199987736,0,506372,True,7,1,0.9495155729244755,0,False,,0.05048442707552449,0,350.5309917355372,320.0550964187328,242.0,"[{""bbox"": [342, 312, 18, 18], ""centroid"": [350.5309917355372, 320.0550964187328], ""area_px"": 242.0, ""has_hole"": true}]",0.0,0.0,0.0,0.27,
1784258440.118443,ACTIVE,APPROACH,8.580048299976625,0,506373,True,7,1,0.9778813254159615,0,False,,0.02211867458403852,0,351.00974658869393,320.9330734243015,256.5,"[{""bbox"": [342, 312, 18, 18], ""centroid"": [351.00974658869393, 320.9330734243015], ""area_px"": 256.5, ""has_hole"": true}]",0.0,0.0,0.0,0.27,
1784258440.138118,ACTIVE,APPROACH,8.600115399982315,0,506374,True,7,1,0.9311788725642264,0,False,,0.0688211274357736,0,351.01806853582553,322.4261682242991,267.5,"[{""bbox"": [343, 314, 17, 18], ""centroid"": [351.01806853582553, 322.4261682242991], ""area_px"": 267.5, ""has_hole"": true}]",0.0,0.0,0.0,0.27,
1784258440.1585715,ACTIVE,APPROACH,8.620304799987935,0,506374,True,7,1,0.9311788725642264,0,False,,0.0688211274357736,0,351.01806853582553,322.4261682242991,267.5,"[{""bbox"": [343, 314, 17, 18], ""centroid"": [351.01806853582553, 322.4261682242991], ""area_px"": 267.5, ""has_hole"": true}]",0.0,0.0,0.0,0.27,
1784258440.1782904,ACTIVE,APPROACH,8.640205900010187,0,506375,True,7,1,0.9835553016709865,0,False,,0.016444698329013508,0,350.9764705882353,322.96732026143786,255.0,"[{""bbox"": [343, 314, 17, 18], ""centroid"": [350.9764705882353, 322.96732026143786], ""area_px"": 255.0, ""has_hole"": true}]",0.0,0.0,0.0,0.27,
1784258440.1980503,ACTIVE,APPROACH,8.660033599997405,0,506375,True,7,1,0.9835553016709865,0,False,,0.016444698329013508,0,350.9764705882353,322.96732026143786,255.0,"[{""bbox"": [343, 314, 17, 18], ""centroid"": [350.9764705882353, 322.96732026143786], ""area_px"": 255.0, ""has_hole"": true}]",0.0,0.0,0.0,0.27,
1784258440.2183282,ACTIVE,APPROACH,8.680343699990772,0,506376,True,7,1,0.953344841583916,0,False,,0.04665515841608404,0,351.01960784313724,324.0326797385621,255.0,"[{""bbox"": [343, 316, 17, 18], ""centroid"": [351.01960784313724, 324.0326797385621], ""area_px"": 255.0, ""has_hole"": true}]",0.0,0.0,0.0,0.27,
1784258440.2381866,ACTIVE,APPROACH,8.700121300003957,0,506377,True,7,1,0.9400436646591589,0,False,,0.05995633534084109,0,351.57059168131224,325.3714118336262,284.5,"[{""bbox"": [343, 316, 18, 19], ""centroid"": [351.57059168131224, 325.3714118336262], ""area_px"": 284.5, ""has_hole"": true}]",0.0,0.0,0.0,0.27,
1784258440.25799,ACTIVE,APPROACH,8.719969699974172,0,506377,True,7,1,0.9400436646591589,0,False,,0.05995633534084109,0,351.57059168131224,325.3714118336262,284.5,"[{""bbox"": [343, 316, 18, 19], ""centroid"": [351.57059168131224, 325.3714118336262], ""area_px"": 284.5, ""has_hole"": true}]",0.0,0.0,0.0,0.27,
1784258440.2783568,ACTIVE,APPROACH,8.740354500012472,0,506378,True,7,1,0.9486255937244129,0,False,,0.05137440627558707,0,351.9827072152653,326.65951103160404,279.5,"[{""bbox"": [343, 318, 19, 18], ""centroid"": [351.9827072152653, 326.65951103160404], ""area_px"": 279.5, ""has_hole"": true}]",0.0,0.0,0.0,0.27,
1784258440.298647,ACTIVE,APPROACH,8.760503299999982,0,506378,True,7,1,0.9486255937244129,0,False,,0.05137440627558707,0,351.9827072152653,326.65951103160404,279.5,"[{""bbox"": [343, 318, 19, 18], ""centroid"": [351.9827072152653, 326.65951103160404], ""area_px"": 279.5, ""has_hole"": true}]",0.0,0.0,0.0,0.27,
1784258440.318605,ACTIVE,APPROACH,8.780568499991205,0,506379,True,7,1,0.955465884909219,0,False,,0.044534115090781035,0,352.1600955794504,327.59617682198325,279.0,"[{""bbox"": [344, 319, 18, 19], ""centroid"": [352.1600955794504, 327.59617682198325], ""area_px"": 279.0, ""has_hole"": true}]",0.0,0.0,0.0,0.27,
1784258440.338283,ACTIVE,APPROACH,8.80029410001589,0,506380,True,7,1,0.9758712667231321,0,False,,0.02412873327686791,0,352.03075030750307,328.49446494464945,271.0,"[{""bbox"": [344, 320, 18, 18], ""centroid"": [352.03075030750307, 328.49446494464945], ""area_px"": 271.0, ""has_hole"": true}]",0.0,0.0,0.0,0.27,
1784258440.3582335,ACTIVE,APPROACH,8.820267700008117,0,506380,True,7,1,0.9758712667231321,0,False,,0.02412873327686791,0,352.03075030750307,328.49446494464945,271.0,"[{""bbox"": [344, 320, 18, 18], ""centroid"": [352.03075030750307, 328.49446494464945], ""area_px"": 271.0, ""has_hole"": true}]",0.0,0.0,0.0,0.27,
1784258440.3784888,ACTIVE,APPROACH,8.8404990999843,0,506381,True,7,1,0.9417887475450933,0,False,,0.05821125245490665,0,352.527397260274,329.6495433789954,292.0,"[{""bbox"": [344, 321, 18, 19], ""centroid"": [352.527397260274, 329.6495433789954], ""area_px"": 292.0, ""has_hole"": true}]",0.0,0.0,0.0,0.27,
1784258440.398419,ACTIVE,APPROACH,8.860195000015665,0,506381,True,7,1,0.9417887475450933,0,False,,0.05821125245490665,0,352.527397260274,329.6495433789954,292.0,"[{""bbox"": [344, 321, 18, 19], ""centroid"": [352.527397260274, 329.6495433789954], ""area_px"": 292.0, ""has_hole"": true}]",0.0,0.0,0.0,0.27,
1784258440.4182966,ACTIVE,APPROACH,8.88027730002068,0,506382,True,7,1,0.9749085572833129,0,False,,0.025091442716687062,0,352.48586572438165,330.6136631330977,283.0,"[{""bbox"": [344, 322, 18, 18], ""centroid"": [352.48586572438165, 330.6136631330977], ""area_px"": 283.0, ""has_hole"": true}]",0.0,0.0,0.0,0.27,
1784258440.4385498,ACTIVE,APPROACH,8.900448300002608,0,506383,True,7,1,0.9443962382656564,0,False,,0.05560376173434352,0,352.5,332.5,287.0,"[{""bbox"": [344, 324, 18, 18], ""centroid"": [352.5, 332.5], ""area_px"": 287.0, ""has_hole"": true}]",0.0,0.0,0.0,0.27,
1784258440.4579515,ACTIVE,APPROACH,8.919931899989024,0,506383,True,7,1,0.9443962382656564,0,False,,0.05560376173434352,0,352.5,332.5,287.0,"[{""bbox"": [344, 324, 18, 18], ""centroid"": [352.5, 332.5], ""area_px"": 287.0, ""has_hole"": true}]",0.0,0.0,0.0,0.27,
1784258440.478717,ACTIVE,APPROACH,8.940299900015816,0,506384,True,7,1,0.9513144621858649,0,False,,0.04868553781413504,0,352.7205966724039,333.57601835915085,290.5,"[{""bbox"": [344, 325, 19, 19], ""centroid"": [352.7205966724039, 333.57601835915085], ""area_px"": 290.5, ""has_hole"": true}]",0.0,0.0,0.0,0.27,
1784258440.498414,ACTIVE,APPROACH,8.960014300013427,0,506384,True,7,1,0.9513144621858649,0,False,,0.04868553781413504,0,352.7205966724039,333.57601835915085,290.5,"[{""bbox"": [344, 325, 19, 19], ""centroid"": [352.7205966724039, 333.57601835915085], ""area_px"": 290.5, ""has_hole"": true}]",0.0,0.0,0.0,0.27,
1784258440.5183291,ACTIVE,APPROACH,8.980295999965165,0,506385,True,7,1,0.9627852499213336,0,False,,0.037214750078666384,0,353.5925287356322,334.45344827586206,290.0,"[{""bbox"": [345, 326, 19, 18], ""centroid"": [353.5925287356322, 334.45344827586206], ""area_px"": 290.0, ""has_hole"": true}]",0.0,0.0,0.0,0.27,
1784258440.5383282,ACTIVE,APPROACH,9.000314700009767,0,506386,True,7,1,0.9540515440566391,0,False,,0.04594845594336092,0,353.5279217040875,335.63442717328724,289.5,"[{""bbox"": [345, 327, 18, 19], ""centroid"": [353.5279217040875, 335.63442717328724], ""area_px"": 289.5, ""has_hole"": true}]",0.0,0.0,0.0,0.27,
1784258440.558223,ACTIVE,APPROACH,9.02003329998115,0,506386,True,7,1,0.9540515440566391,0,False,,0.04594845594336092,0,353.5279217040875,335.63442717328724,289.5,"[{""bbox"": [345, 327, 18, 19], ""centroid"": [353.5279217040875, 335.63442717328724], ""area_px"": 289.5, ""has_hole"": true}]",0.0,0.0,0.0,0.27,
1784258440.5784469,ACTIVE,APPROACH,9.040421599987894,0,506387,True,7,1,0.948480754217039,0,False,,0.051519245782961,0,353.4918032786885,337.0306010928962,305.0,"[{""bbox"": [345, 328, 18, 20], ""centroid"": [353.4918032786885, 337.0306010928962], ""area_px"": 305.0, ""has_hole"": true}]",0.0,0.0,0.0,0.27,
1784258440.5984397,ACTIVE,APPROACH,9.060077800008003,0,506387,True,7,1,0.948480754217039,0,False,,0.051519245782961,0,353.4918032786885,337.0306010928962,305.0,"[{""bbox"": [345, 328, 18, 20], ""centroid"": [353.4918032786885, 337.0306010928962], ""area_px"": 305.0, ""has_hole"": true}]",0.0,0.0,0.0,0.27,
1784258440.6186206,ACTIVE,APPROACH,9.080604899965692,0,506388,True,7,1,0.9616165095959384,0,False,,0.03838349040406168,0,353.91954022988506,338.0,319.0,"[{""bbox"": [345, 329, 19, 19], ""centroid"": [353.91954022988506, 338.0], ""area_px"": 319.0, ""has_hole"": true}]",0.0,0.0,0.0,0.27,
1784258440.6383498,ACTIVE,APPROACH,9.100299299985636,0,506388,True,7,1,0.9616165095959384,0,False,,0.03838349040406168,0,353.91954022988506,338.0,319.0,"[{""bbox"": [345, 329, 19, 19], ""centroid"": [353.91954022988506, 338.0], ""area_px"": 319.0, ""has_hole"": true}]",0.0,0.0,0.0,0.27,
1784258440.6583319,ACTIVE,APPROACH,9.120254900015425,0,506389,True,7,1,0.9425987442932285,0,False,,0.05740125570677148,0,353.9945975148568,339.6283090221502,308.5,"[{""bbox"": [345, 331, 19, 19], ""centroid"": [353.9945975148568, 339.6283090221502], ""area_px"": 308.5, ""has_hole"": true}]",0.0,0.0,0.0,0.27,
1784258440.67831,ACTIVE,APPROACH,9.140262499975506,0,506390,True,7,1,0.9597525585658451,0,False,,0.04024744143415489,0,354.0,341.0,322.0,"[{""bbox"": [345, 332, 19, 19], ""centroid"": [354.0, 341.0], ""area_px"": 322.0, ""has_hole"": true}]",0.0,0.0,0.0,0.27,
1784258440.6981044,ACTIVE,APPROACH,9.160029899969231,0,506390,True,7,1,0.9597525585658451,0,False,,0.04024744143415489,0,354.0,341.0,322.0,"[{""bbox"": [345, 332, 19, 19], ""centroid"": [354.0, 341.0], ""area_px"": 322.0, ""has_hole"": true}]",0.0,0.0,0.0,0.27,
1784258440.7180576,ACTIVE,APPROACH,9.17999079998117,0,506391,True,7,1,0.9451073785626969,0,False,,0.05489262143730311,0,354.65805061927836,341.8890683898761,309.5,"[{""bbox"": [346, 333, 19, 19], ""centroid"": [354.65805061927836, 341.8890683898761], ""area_px"": 309.5, ""has_hole"": true}]",0.0,0.0,0.0,0.27,
1784258440.7380817,ACTIVE,APPROACH,9.199967099993955,0,506392,False,7,1,0.75,1,False,,,1,,,,"[{""bbox"": [346, 334, 19, 20], ""centroid"": [354.984520123839, 343.0288957688338], ""area_px"": 323.0, ""has_hole"": true}]",0.0,0.0,0.0,0.27,
1784258440.7582908,ACTIVE,APPROACH,9.220228499965742,0,506392,False,7,1,0.75,1,False,,,1,,,,"[{""bbox"": [346, 334, 19, 20], ""centroid"": [354.984520123839, 343.0288957688338], ""area_px"": 323.0, ""has_hole"": true}]",0.0,0.0,0.0,0.27,
1784258440.77827,ACTIVE,APPROACH,9.240245099994354,0,506393,False,7,1,0.5,2,False,,,1,,,,"[{""bbox"": [346, 335, 20, 21], ""centroid"": [355.05220883534133, 344.7791164658634], ""area_px"": 332.0, ""has_hole"": true}]",0.0,0.0,0.0,0.27,
1784258440.79832,ACTIVE,APPROACH,9.260199200012721,0,506393,False,7,1,0.5,2,False,,,1,,,,"[{""bbox"": [346, 335, 20, 21], ""centroid"": [355.05220883534133, 344.7791164658634], ""area_px"": 332.0, ""has_hole"": true}]",0.0,0.0,0.0,0.27,
1784258440.8180425,ACTIVE,APPROACH,9.280035900010262,0,506394,False,7,1,0.25,3,False,,,1,,,,"[{""bbox"": [346, 337, 19, 19], ""centroid"": [355.0, 346.0], ""area_px"": 322.0, ""has_hole"": true}]",0.0,0.0,0.0,0.27,
1784258440.8381443,ACTIVE,APPROACH,9.30012309999438,0,506395,False,,1,0.0,0,False,,,1,,,,"[{""bbox"": [346, 338, 20, 22], ""centroid"": [355.5, 348.3329059829059], ""area_px"": 390.0, ""has_hole"": true}]",0.0,0.0,0.0,0.27,
1784258440.858282,ACTIVE,APPROACH,9.320265299989842,0,506395,False,,1,0.0,0,False,,,1,,,,"[{""bbox"": [346, 338, 20, 22], ""centroid"": [355.5, 348.3329059829059], ""area_px"": 390.0, ""has_hole"": true}]",0.0,0.0,0.0,0.27,
1784258440.8785584,ACTIVE,APPROACH,9.340414099977352,0,506396,False,,1,0.0,0,False,,,1,,,,"[{""bbox"": [346, 339, 20, 21], ""centroid"": [355.5, 349.0255057167986], ""area_px"": 379.0, ""has_hole"": true}]",0.0,0.0,0.0,0.27,
1784258440.8985863,ACTIVE,APPROACH,9.360362100007478,0,506396,False,,1,0.0,0,False,,,1,,,,"[{""bbox"": [346, 339, 20, 21], ""centroid"": [355.5, 349.0255057167986], ""area_px"": 379.0, ""has_hole"": true}]",0.0,0.0,0.0,0.27,
1784258440.917985,ACTIVE,APPROACH,9.379999900003895,0,506397,False,,1,0.0,0,False,,,1,,,,"[{""bbox"": [347, 340, 19, 20], ""centroid"": [355.9723926380368, 349.939672801636], ""area_px"": 326.0, ""has_hole"": true}]",0.0,0.0,0.0,0.27,
1784258440.937887,ACTIVE,APPROACH,9.399880899989512,0,506398,False,,1,0.0,0,False,,,1,,,,"[{""bbox"": [347, 342, 20, 18], ""centroid"": [356.4148380355277, 350.4644723092999], ""area_px"": 319.0, ""has_hole"": true}]",0.0,0.0,0.0,0.27,
1784258440.9583895,ACTIVE,APPROACH,9.420168599986937,0,506398,False,,1,0.0,0,False,,,1,,,,"[{""bbox"": [347, 342, 20, 18], ""centroid"": [356.4148380355277, 350.4644723092999], ""area_px"": 319.0, ""has_hole"": true}]",0.0,0.0,0.0,0.27,
1784258440.9782043,ACTIVE,APPROACH,9.44013309996808,0,506399,False,,0,0.0,0,False,,,0,,,,[],0.0,0.0,0.0,0.27,
1784258440.998192,ACTIVE,APPROACH,9.460075600014534,0,506399,False,,0,0.0,0,False,,,0,,,,[],0.0,0.0,0.0,0.27,
1784258441.0180752,ACTIVE,APPROACH,9.479875100019854,0,506400,False,,0,0.0,0,False,,,0,,,,[],0.0,0.0,0.0,0.27,
1784258441.038052,ACTIVE,APPROACH,9.500020999985281,0,506401,False,,0,0.0,0,False,,,0,,,,[],0.0,0.0,0.0,0.27,
1784258441.0583394,ACTIVE,APPROACH,9.520298899966292,0,506401,False,,0,0.0,0,False,,,0,,,,[],0.0,0.0,0.0,0.27,
1784258441.0783923,ACTIVE,APPROACH,9.54033819999313,0,506402,False,,0,0.0,0,False,,,0,,,,[],0.0,0.0,0.0,0.27,
1784258441.0985157,ACTIVE,APPROACH,9.560423899965826,0,506402,False,,0,0.0,0,False,,,0,,,,[],0.0,0.0,0.0,0.27,
1784258441.1184258,ACTIVE,APPROACH,9.580394899996463,0,506403,False,,0,0.0,0,False,,,0,,,,[],0.0,0.0,0.0,0.27,
1784258441.1387026,ACTIVE,APPROACH,9.600236499973107,0,506404,False,,0,0.0,0,False,,,0,,,,[],0.0,0.0,0.0,0.27,
1784258441.1579356,ACTIVE,APPROACH,9.6199269000208,0,506404,False,,0,0.0,0,False,,,0,,,,[],0.0,0.0,0.0,0.27,
1784258441.178305,ACTIVE,APPROACH,9.640257499995641,0,506405,False,,0,0.0,0,False,,,0,,,,[],0.0,0.0,0.0,0.27,
1784258441.1980283,ACTIVE,APPROACH,9.660005500016268,0,506405,False,,0,0.0,0,False,,,0,,,,[],0.0,0.0,0.0,0.27,
1784258441.2182066,ACTIVE,APPROACH,9.680173599976115,0,506406,False,,0,0.0,0,False,,,0,,,,[],0.0,0.0,0.0,0.27,
1784258441.2379446,ACTIVE,APPROACH,9.699897299986333,0,506407,False,,0,0.0,0,False,,,0,,,,[],0.0,0.0,0.0,0.27,
1784258441.258241,ACTIVE,APPROACH,9.720224899996538,0,506407,False,,0,0.0,0,False,,,0,,,,[],0.0,0.0,0.0,0.27,
1784258441.2788815,ACTIVE,APPROACH,9.740810199989937,0,506408,False,,0,0.0,0,False,,,0,,,,[],0.0,0.0,0.0,0.27,
1784258441.2983747,ACTIVE,APPROACH,9.760318199987523,0,506408,False,,0,0.0,0,False,,,0,,,,[],0.0,0.0,0.0,0.27,
1784258441.3182263,ACTIVE,APPROACH,9.78016279998701,0,506409,False,,0,0.0,0,False,,,0,,,,[],0.0,0.0,0.0,0.27,
1784258441.3382862,ACTIVE,APPROACH,9.80025560001377,0,506410,False,,0,0.0,0,False,,,0,,,,[],0.0,0.0,0.0,0.27,
1784258441.3583603,ACTIVE,APPROACH,9.82014700002037,0,506410,False,,0,0.0,0,False,,,0,,,,[],0.0,0.0,0.0,0.27,
1784258441.3782604,ACTIVE,APPROACH,9.840195400000084,0,506411,False,,0,0.0,0,False,,,0,,,,[],0.0,0.0,0.0,0.27,
1784258441.3981466,ACTIVE,APPROACH,9.860023399989586,0,506411,False,,0,0.0,0,False,,,0,,,,[],0.0,0.0,0.0,0.27,
1784258441.4183602,ACTIVE,APPROACH,9.880357199988794,0,506412,False,,0,0.0,0,False,,,0,,,,[],0.0,0.0,0.0,0.27,
1784258441.43826,ACTIVE,APPROACH,9.900189100007992,0,506412,False,,0,0.0,0,False,,,0,,,,[],0.0,0.0,0.0,0.27,
1784258441.4582493,ACTIVE,APPROACH,9.92011150001781,0,506413,False,,0,0.0,0,False,,,0,,,,[],0.0,0.0,0.0,0.27,
1784258441.4782453,ACTIVE,APPROACH,9.94017099996563,0,506414,False,,0,0.0,0,False,,,0,,,,[],0.0,0.0,0.0,0.27,
1784258441.498494,ACTIVE,APPROACH,9.960440299997572,0,506414,False,,0,0.0,0,False,,,0,,,,[],0.0,0.0,0.0,0.27,
1784258441.5182614,ACTIVE,APPROACH,9.98015319998376,0,506415,False,,0,0.0,0,False,,,0,,,,[],0.0,0.0,0.0,0.27,
1784258441.5383022,ACTIVE,APPROACH,10.000287599978037,0,506416,False,,0,0.0,0,False,,,0,,,,[],0.0,0.0,0.0,0.27,
1784258441.558107,ACTIVE,APPROACH,10.020086299977265,0,506416,False,,0,0.0,0,False,,,0,,,,[],0.0,0.0,0.0,0.27,
1784258441.5799298,ACTIVE,APPROACH,10.041188600007445,0,506417,False,,0,0.0,0,False,,,0,,,,[],0.0,0.0,0.0,0.27,
1784258441.598591,ACTIVE,APPROACH,10.060560200014152,0,506417,False,,0,0.0,0,False,,,0,,,,[],0.0,0.0,0.0,0.27,
1784258441.6182594,ACTIVE,APPROACH,10.080242199997883,0,506418,False,,0,0.0,0,False,,,0,,,,[],0.0,0.0,0.0,0.27,
1784258441.6380262,ACTIVE,APPROACH,10.10001310001826,0,506419,False,,0,0.0,0,False,,,0,,,,[],0.0,0.0,0.0,0.27,
1784258441.6582701,ACTIVE,APPROACH,10.120240599964745,0,506419,False,,0,0.0,0,False,,,0,,,,[],0.0,0.0,0.0,0.27,
1784258441.6781712,ACTIVE,APPROACH,10.140123899967875,0,506420,False,,0,0.0,0,False,,,0,,,,[],0.0,0.0,0.0,0.27,
1784258441.6983676,ACTIVE,APPROACH,10.16033129999414,0,506420,False,,0,0.0,0,False,,,0,,,,[],0.0,0.0,0.0,0.27,
1784258441.718198,ACTIVE,APPROACH,10.180124800011981,0,506421,False,,0,0.0,0,False,,,0,,,,[],0.0,0.0,0.0,0.27,
1784258441.738166,ACTIVE,APPROACH,10.200130800018087,0,506422,False,,0,0.0,0,False,,,0,,,,[],0.0,0.0,0.0,0.27,
1784258441.7580965,ACTIVE,APPROACH,10.220070199982729,0,506422,False,,0,0.0,0,False,,,0,,,,[],0.0,0.0,0.0,0.27,
1784258441.7783785,ACTIVE,APPROACH,10.240004000021145,0,506423,False,,0,0.0,0,False,,,0,,,,[],0.0,0.0,0.0,0.27,
1784258441.7980435,ACTIVE,APPROACH,10.259937499999069,0,506423,False,,0,0.0,0,False,,,0,,,,[],0.0,0.0,0.0,0.27,
1784258441.8183904,ACTIVE,APPROACH,10.280324499995913,0,506424,False,,0,0.0,0,False,,,0,,,,[],0.0,0.0,0.0,0.27,
1784258441.8384483,ACTIVE,APPROACH,10.300347600015812,0,506425,False,,0,0.0,0,False,,,0,,,,[],0.0,0.0,0.0,0.27,
1784258441.8581595,ACTIVE,APPROACH,10.320115400012583,0,506425,False,,0,0.0,0,False,,,0,,,,[],0.0,0.0,0.0,0.27,
1784258441.878495,ACTIVE,APPROACH,10.340404300019145,0,506425,False,,0,0.0,0,False,,,0,,,,[],0.0,0.0,0.0,0.27,
1784258441.8984022,ACTIVE,APPROACH,10.360362700012047,0,506426,False,,0,0.0,0,False,,,0,,,,[],0.0,0.0,0.0,0.27,
1784258441.9181259,ACTIVE,APPROACH,10.380129199998919,0,506427,False,,0,0.0,0,False,,,0,,,,[],0.0,0.0,0.0,0.27,
1784258441.938092,ACTIVE,APPROACH,10.40002810000442,0,506427,False,,0,0.0,0,False,,,0,,,,[],0.0,0.0,0.0,0.27,
1784258441.9582524,ACTIVE,APPROACH,10.420235499972478,0,506428,False,,0,0.0,0,False,,,0,,,,[],0.0,0.0,0.0,0.27,
1784258441.9783077,ACTIVE,APPROACH,10.440307500015479,0,506429,False,,0,0.0,0,False,,,0,,,,[],0.0,0.0,0.0,0.27,
1784258441.9983091,ACTIVE,APPROACH,10.460260599968024,0,506429,False,,0,0.0,0,False,,,0,,,,[],0.0,0.0,0.0,0.27,
1784258442.0182858,ACTIVE,APPROACH,10.480202700011432,0,506430,False,,0,0.0,0,False,,,0,,,,[],0.0,0.0,0.0,0.27,
1784258442.038301,ACTIVE,APPROACH,10.499975299986545,0,506430,False,,0,0.0,0,False,,,0,,,,[],0.0,0.0,0.0,0.27,
1784258442.0582676,ACTIVE,APPROACH,10.520164599991404,0,506431,False,,0,0.0,0,False,,,0,,,,[],0.0,0.0,0.0,0.27,
1784258442.0780597,ACTIVE,APPROACH,10.540043999964837,0,506432,True,8,1,1.0,0,True,acquired,,0,324.01775625504433,318.9475383373688,206.5,"[{""bbox"": [317, 311, 15, 17], ""centroid"": [324.01775625504433, 318.9475383373688], ""area_px"": 206.5, ""has_hole"": true}]",0.0,0.0,0.0,0.27,
1784258442.098355,ACTIVE,APPROACH,10.560224999964703,0,506432,True,8,1,1.0,0,True,acquired,,0,324.01775625504433,318.9475383373688,206.5,"[{""bbox"": [317, 311, 15, 17], ""centroid"": [324.01775625504433, 318.9475383373688], ""area_px"": 206.5, ""has_hole"": true}]",0.0,0.0,0.0,0.27,
1784258442.1181314,ACTIVE,APPROACH,10.580066399998032,0,506433,True,8,1,0.9828104657773734,0,False,,0.01718953422262655,0,324.0,319.5,208.0,"[{""bbox"": [317, 312, 15, 16], ""centroid"": [324.0, 319.5], ""area_px"": 208.0, ""has_hole"": true}]",0.0,0.0,0.0,0.27,
1784258442.1390967,ACTIVE,APPROACH,10.60058540001046,0,506433,True,8,1,0.9828104657773734,0,False,,0.01718953422262655,0,324.0,319.5,208.0,"[{""bbox"": [317, 312, 15, 16], ""centroid"": [324.0, 319.5], ""area_px"": 208.0, ""has_hole"": true}]",0.0,0.0,0.0,0.27,
1784258442.158142,ACTIVE,APPROACH,10.620117900019977,0,506434,True,8,1,0.9203651853446475,0,False,,0.07963481465535244,0,323.51337671728123,320.7556037599421,230.5,"[{""bbox"": [316, 313, 16, 17], ""centroid"": [323.51337671728123, 320.7556037599421], ""area_px"": 230.5, ""has_hole"": true}]",0.0,0.0,0.0,0.27,
1784258442.179983,ACTIVE,APPROACH,10.641919100016821,0,506435,True,8,1,0.9745629357203982,0,False,,0.025437064279601823,0,323.5,321.5,223.0,"[{""bbox"": [316, 314, 16, 16], ""centroid"": [323.5, 321.5], ""area_px"": 223.0, ""has_hole"": true}]",0.0,0.0,0.0,0.27,
1784258442.1982038,ACTIVE,APPROACH,10.660090999968816,0,506435,True,8,1,0.9745629357203982,0,False,,0.025437064279601823,0,323.5,321.5,223.0,"[{""bbox"": [316, 314, 16, 16], ""centroid"": [323.5, 321.5], ""area_px"": 223.0, ""has_hole"": true}]",0.0,0.0,0.0,0.27,
1784258442.218224,ACTIVE,APPROACH,10.680242099973839,0,506436,True,8,1,0.9550298143764473,0,False,,0.04497018562355273,0,323.4066666666667,322.9711111111111,225.0,"[{""bbox"": [316, 315, 16, 17], ""centroid"": [323.4066666666667, 322.9711111111111], ""area_px"": 225.0, ""has_hole"": true}]",0.0,0.0,0.0,0.27,
1784258442.2381554,ACTIVE,APPROACH,10.70009709999431,0,506436,True,8,1,0.9550298143764473,0,False,,0.04497018562355273,0,323.4066666666667,322.9711111111111,225.0,"[{""bbox"": [316, 315, 16, 17], ""centroid"": [323.4066666666667, 322.9711111111111], ""area_px"": 225.0, ""has_hole"": true}]",0.0,0.0,0.0,0.27,
1784258442.258168,ACTIVE,APPROACH,10.720127700013109,0,506437,True,8,1,0.9824470121378036,0,False,,0.01755298786219639,0,323.5,323.5,223.0,"[{""bbox"": [316, 316, 16, 16], ""centroid"": [323.5, 323.5], ""area_px"": 223.0, ""has_hole"": true}]",0.0,0.0,0.0,0.27,
1784258442.2787952,ACTIVE,APPROACH,10.74069900001632,0,506438,True,8,1,0.9540062684564309,0,False,,0.045993731543569075,0,323.51501831501827,324.6549450549451,227.5,"[{""bbox"": [316, 317, 16, 17], ""centroid"": [323.51501831501827, 324.6549450549451], ""area_px"": 227.5, ""has_hole"": true}]",0.0,0.0,0.0,0.27,
1784258442.2984884,ACTIVE,APPROACH,10.760430599970277,0,506438,True,8,1,0.9540062684564309,0,False,,0.045993731543569075,0,323.51501831501827,324.6549450549451,227.5,"[{""bbox"": [316, 317, 16, 17], ""centroid"": [323.51501831501827, 324.6549450549451], ""area_px"": 227.5, ""has_hole"": true}]",0.0,0.0,0.0,0.27,
1784258442.3187213,ACTIVE,APPROACH,10.780611199967097,0,506439,True,8,1,0.9775089296261232,0,False,,0.022491070373876806,0,323.5,325.5,223.0,"[{""bbox"": [316, 318, 16, 16], ""centroid"": [323.5, 325.5], ""area_px"": 223.0, ""has_hole"": true}]",0.0,0.0,0.0,0.27,
1784258442.3381882,ACTIVE,APPROACH,10.800024800002575,0,506439,True,8,1,0.9775089296261232,0,False,,0.022491070373876806,0,323.5,325.5,223.0,"[{""bbox"": [316, 318, 16, 16], ""centroid"": [323.5, 325.5], ""area_px"": 223.0, ""has_hole"": true}]",0.0,0.0,0.0,0.27,
1784258442.35798,ACTIVE,APPROACH,10.819972099969164,0,506440,True,8,1,0.9422501485999017,0,False,,0.05774985140009827,0,323.51271186440675,326.9350282485875,236.0,"[{""bbox"": [316, 319, 16, 17], ""centroid"": [323.51271186440675, 326.9350282485875], ""area_px"": 236.0, ""has_hole"": true}]",0.0,0.0,0.0,0.27,
1784258442.378366,ACTIVE,APPROACH,10.840319700015243,0,506441,True,8,1,0.9692489117487257,0,False,,0.030751088251274247,0,323.5,327.5,223.0,"[{""bbox"": [316, 320, 16, 16], ""centroid"": [323.5, 327.5], ""area_px"": 223.0, ""has_hole"": true}]",0.0,0.0,0.0,0.27,
1784258442.398031,ACTIVE,APPROACH,10.859941100003198,0,506441,True,8,1,0.9692489117487257,0,False,,0.030751088251274247,0,323.5,327.5,223.0,"[{""bbox"": [316, 320, 16, 16], ""centroid"": [323.5, 327.5], ""area_px"": 223.0, ""has_hole"": true}]",0.0,0.0,0.0,0.27,
1784258442.4181852,ACTIVE,APPROACH,10.880135899991728,0,506442,True,8,1,0.9518771995177792,0,False,,0.04812280048222081,0,323.5,328.7088791848617,229.0,"[{""bbox"": [316, 321, 16, 17], ""centroid"": [323.5, 328.7088791848617], ""area_px"": 229.0, ""has_hole"": true}]",0.0,0.0,0.0,0.27,
1784258442.4383578,ACTIVE,APPROACH,10.900250600010622,0,506442,True,8,1,0.9518771995177792,0,False,,0.04812280048222081,0,323.5,328.7088791848617,229.0,"[{""bbox"": [316, 321, 16, 17], ""centroid"": [323.5, 328.7088791848617], ""area_px"": 229.0, ""has_hole"": true}]",0.0,0.0,0.0,0.27,
1784258442.4582653,ACTIVE,APPROACH,10.920177299994975,0,506443,True,8,1,0.9760533710639936,0,False,,0.02394662893600638,0,323.5,329.5,223.0,"[{""bbox"": [316, 322, 16, 16], ""centroid"": [323.5, 329.5], ""area_px"": 223.0, ""has_hole"": true}]",0.0,0.0,0.0,0.27,
1784258442.4779334,ACTIVE,APPROACH,10.939912399975583,0,506443,True,8,1,0.9760533710639936,0,False,,0.02394662893600638,0,323.5,329.5,223.0,"[{""bbox"": [316, 322, 16, 16], ""centroid"": [323.5, 329.5], ""area_px"": 223.0, ""has_hole"": true}]",0.0,0.0,0.0,0.27,
1784258442.4981935,ACTIVE,APPROACH,10.960081700002775,0,506444,True,8,1,0.9234105522029715,0,False,,0.07658944779702845,0,324.0182072829131,330.65406162464984,238.0,"[{""bbox"": [316, 323, 18, 17], ""centroid"": [324.0182072829131, 330.65406162464984], ""area_px"": 238.0, ""has_hole"": true}]",0.0,0.0,0.0,0.27,
1784258442.5183482,ACTIVE,APPROACH,10.980348400014918,0,506445,True,8,1,0.944049236055322,0,False,,0.055950763944678045,0,324.01190476190476,332.06018518518516,252.0,"[{""bbox"": [316, 324, 17, 17], ""centroid"": [324.01190476190476, 332.06018518518516], ""area_px"": 252.0, ""has_hole"": true}]",0.0,0.0,0.0,0.27,
1784258442.5382462,ACTIVE,APPROACH,11.000164399971254,0,506445,True,8,1,0.944049236055322,0,False,,0.055950763944678045,0,324.01190476190476,332.06018518518516,252.0,"[{""bbox"": [316, 324, 17, 17], ""centroid"": [324.01190476190476, 332.06018518518516], ""area_px"": 252.0, ""has_hole"": true}]",0.0,0.0,0.0,0.27,
1784258442.5584273,ACTIVE,APPROACH,11.020393699989654,0,506446,True,8,1,0.9611960365435093,0,False,,0.038803963456490696,0,324.1551155115511,333.1214521452145,252.5,"[{""bbox"": [316, 325, 18, 17], ""centroid"": [324.1551155115511, 333.1214521452145], ""area_px"": 252.5, ""has_hole"": true}]",0.0,0.0,0.0,0.27,
1784258442.578438,ACTIVE,APPROACH,11.040011500008404,0,506447,True,8,1,0.9643741423969061,0,False,,0.035625857603093905,0,324.1955128205128,333.98846153846154,260.0,"[{""bbox"": [316, 326, 18, 17], ""centroid"": [324.1955128205128, 333.98846153846154], ""area_px"": 260.0, ""has_hole"": true}]",0.0,0.0,0.0,0.27,
1784258442.598212,ACTIVE,APPROACH,11.060125100018922,0,506447,True,8,1,0.9643741423969061,0,False,,0.035625857603093905,0,324.1955128205128,333.98846153846154,260.0,"[{""bbox"": [316, 326, 18, 17], ""centroid"": [324.1955128205128, 333.98846153846154], ""area_px"": 260.0, ""has_hole"": true}]",0.0,0.0,0.0,0.27,
1784258442.6188748,ACTIVE,APPROACH,11.080751299974509,0,506448,True,8,1,0.9672063042933214,0,False,,0.032793695706678526,0,324.0657552083333,334.99609375,256.0,"[{""bbox"": [316, 327, 18, 17], ""centroid"": [324.0657552083333, 334.99609375], ""area_px"": 256.0, ""has_hole"": true}]",0.0,0.0,0.0,0.27,
1784258442.6380548,ACTIVE,APPROACH,11.100023699982557,0,506448,True,8,1,0.9672063042933214,0,False,,0.032793695706678526,0,324.0657552083333,334.99609375,256.0,"[{""bbox"": [316, 327, 18, 17], ""centroid"": [324.0657552083333, 334.99609375], ""area_px"": 256.0, ""has_hole"": true}]",0.0,0.0,0.0,0.27,
1784258442.6581082,ACTIVE,APPROACH,11.12008079997031,0,506449,True,8,1,0.9600015659014198,0,False,,0.039998434098580116,0,324.0,336.0,254.0,"[{""bbox"": [316, 328, 17, 17], ""centroid"": [324.0, 336.0], ""area_px"": 254.0, ""has_hole"": true}]",0.0,0.0,0.0,0.27,
1784258442.6782272,ACTIVE,APPROACH,11.140138000017032,0,506450,True,8,1,0.9590904239568834,0,False,,0.04090957604311666,0,324.0985732814526,336.97665369649803,257.0,"[{""bbox"": [316, 329, 18, 17], ""centroid"": [324.0985732814526, 336.97665369649803], ""area_px"": 257.0, ""has_hole"": true}]",0.0,0.0,0.0,0.27,
1784258442.6982605,ACTIVE,APPROACH,11.16007509996416,0,506450,True,8,1,0.9590904239568834,0,False,,0.04090957604311666,0,324.0985732814526,336.97665369649803,257.0,"[{""bbox"": [316, 329, 18, 17], ""centroid"": [324.0985732814526, 336.97665369649803], ""area_px"": 257.0, ""has_hole"": true}]",0.0,0.0,0.0,0.27,
1784258442.7185574,ACTIVE,APPROACH,11.18048879998969,0,506451,True,8,1,0.9442526842147744,0,False,,0.05574731578522561,0,324.13113695090436,338.9922480620155,258.0,"[{""bbox"": [316, 331, 18, 17], ""centroid"": [324.13113695090436, 338.9922480620155], ""area_px"": 258.0, ""has_hole"": true}]",0.0,0.0,0.0,0.27,
1784258442.738346,ACTIVE,APPROACH,11.200140699977055,0,506451,True,8,1,0.9442526842147744,0,False,,0.05574731578522561,0,324.13113695090436,338.9922480620155,258.0,"[{""bbox"": [316, 331, 18, 17], ""centroid"": [324.13113695090436, 338.9922480620155], ""area_px"": 258.0, ""has_hole"": true}]",0.0,0.0,0.0,0.27,
1784258442.7582972,ACTIVE,APPROACH,11.220082100015134,0,506452,True,8,1,0.9578146833582872,0,False,,0.04218531664171282,0,324.0,340.0,254.0,"[{""bbox"": [316, 332, 17, 17], ""centroid"": [324.0, 340.0], ""area_px"": 254.0, ""has_hole"": true}]",0.0,0.0,0.0,0.27,
1784258442.7781878,ACTIVE,APPROACH,11.240192199999,0,506453,True,8,1,0.9715360258843077,0,False,,0.028463974115692313,0,324.0,341.0,254.0,"[{""bbox"": [316, 333, 17, 17], ""centroid"": [324.0, 341.0], ""area_px"": 254.0, ""has_hole"": true}]",0.0,0.0,0.0,0.27,
1784258442.7979827,ACTIVE,APPROACH,11.259968400001526,0,506453,True,8,1,0.9715360258843077,0,False,,0.028463974115692313,0,324.0,341.0,254.0,"[{""bbox"": [316, 333, 17, 17], ""centroid"": [324.0, 341.0], ""area_px"": 254.0, ""has_hole"": true}]",0.0,0.0,0.0,0.27,
1784258442.8184571,ACTIVE,APPROACH,11.28042889997596,0,506454,True,8,1,0.9715360258843077,0,False,,0.028463974115692313,0,324.0,342.0,254.0,"[{""bbox"": [316, 334, 17, 17], ""centroid"": [324.0, 342.0], ""area_px"": 254.0, ""has_hole"": true}]",0.0,0.0,0.0,0.27,
1784258442.838279,ACTIVE,APPROACH,11.300238499999978,0,506454,True,8,1,0.9715360258843077,0,False,,0.028463974115692313,0,324.0,342.0,254.0,"[{""bbox"": [316, 334, 17, 17], ""centroid"": [324.0, 342.0], ""area_px"": 254.0, ""has_hole"": true}]",0.0,0.0,0.0,0.27,
1784258442.8582911,ACTIVE,APPROACH,11.32008139998652,0,506455,False,8,1,0.75,1,False,,,1,,,,"[{""bbox"": [316, 335, 17, 18], ""centroid"": [324.0, 343.5], ""area_px"": 270.0, ""has_hole"": true}]",0.0,0.0,0.0,0.27,
1784258442.8784862,ACTIVE,APPROACH,11.340421599976253,0,506456,False,8,1,0.5,2,False,,,1,,,,"[{""bbox"": [316, 336, 17, 17], ""centroid"": [324.0, 344.0], ""area_px"": 254.0, ""has_hole"": true}]",0.0,0.0,0.0,0.27,
1784258442.897965,ACTIVE,APPROACH,11.359933400002774,0,506456,False,8,1,0.5,2,False,,,1,,,,"[{""bbox"": [316, 336, 17, 17], ""centroid"": [324.0, 344.0], ""area_px"": 254.0, ""has_hole"": true}]",0.0,0.0,0.0,0.27,
1784258442.9184866,ACTIVE,APPROACH,11.380505200009793,0,506457,False,8,1,0.25,3,False,,,1,,,,"[{""bbox"": [316, 337, 18, 18], ""centroid"": [324.431165787932, 345.56356180433505], ""area_px"": 284.5, ""has_hole"": true}]",0.0,0.0,0.0,0.27,
1784258442.9383304,ACTIVE,APPROACH,11.400265400006901,0,506457,False,8,1,0.25,3,False,,,1,,,,"[{""bbox"": [316, 337, 18, 18], ""centroid"": [324.431165787932, 345.56356180433505], ""area_px"": 284.5, ""has_hole"": true}]",0.0,0.0,0.0,0.27,
1784258442.957998,ACTIVE,APPROACH,11.419938799983356,0,506458,False,,1,0.0,0,False,,,1,,,,"[{""bbox"": [316, 339, 18, 18], ""centroid"": [324.41490610328634, 347.49471830985914], ""area_px"": 284.0, ""has_hole"": true}]",0.0,0.0,0.0,0.27,
1784258442.9784522,ACTIVE,APPROACH,11.440345100010745,0,506459,False,,1,0.0,0,False,,,1,,,,"[{""bbox"": [316, 340, 18, 20], ""centroid"": [324.4855305466238, 349.40139335476954], ""area_px"": 311.0, ""has_hole"": true}]",0.0,0.0,0.0,0.27,
1784258442.9983552,ACTIVE,APPROACH,11.460271299991291,0,506460,False,,1,0.0,0,False,,,1,,,,"[{""bbox"": [316, 340, 18, 20], ""centroid"": [324.5, 349.3147558386412], ""area_px"": 314.0, ""has_hole"": true}]",0.0,0.0,0.0,0.27,
1784258443.0183365,ACTIVE,APPROACH,11.480258199968375,0,506460,False,,1,0.0,0,False,,,1,,,,"[{""bbox"": [316, 340, 18, 20], ""centroid"": [324.5, 349.3147558386412], ""area_px"": 314.0, ""has_hole"": true}]",0.0,0.0,0.0,0.27,
1784258443.038347,ACTIVE,APPROACH,11.500298200000543,0,506460,False,,1,0.0,0,False,,,1,,,,"[{""bbox"": [316, 340, 18, 20], ""centroid"": [324.5, 349.3147558386412], ""area_px"": 314.0, ""has_hole"": true}]",0.0,0.0,0.0,0.27,
1784258443.0584316,ACTIVE,APPROACH,11.520412600017153,0,506461,False,,1,0.0,0,False,,,1,,,,"[{""bbox"": [316, 342, 18, 18], ""centroid"": [324.5, 350.52835648148147], ""area_px"": 288.0, ""has_hole"": true}]",0.0,0.0,0.0,0.27,
1784258443.0793803,ACTIVE,APPROACH,11.541317900002468,0,506462,False,,1,0.0,0,False,,,1,,,,"[{""bbox"": [316, 344, 18, 16], ""centroid"": [324.5, 351.52821522309705], ""area_px"": 254.0, ""has_hole"": true}]",0.0,0.0,0.0,0.27,
1784258443.0984464,ACTIVE,APPROACH,11.560412199993152,0,506462,False,,1,0.0,0,False,,,1,,,,"[{""bbox"": [316, 344, 18, 16], ""centroid"": [324.5, 351.52821522309705], ""area_px"": 254.0, ""has_hole"": true}]",0.0,0.0,0.0,0.27,
1784258443.1183634,ACTIVE,APPROACH,11.580314999970142,0,506463,False,,0,0.0,0,False,,,0,,,,[],0.0,0.0,0.0,0.27,
1784258443.138362,ACTIVE,APPROACH,11.600308699999005,0,506463,False,,0,0.0,0,False,,,0,,,,[],0.0,0.0,0.0,0.27,
1784258443.158299,ACTIVE,APPROACH,11.62027949996991,0,506464,False,,0,0.0,0,False,,,0,,,,[],0.0,0.0,0.0,0.27,
1784258443.1784291,ACTIVE,APPROACH,11.640385199978482,0,506465,False,,0,0.0,0,False,,,0,,,,[],0.0,0.0,0.0,0.27,
1784258443.1982677,ACTIVE,APPROACH,11.660245899984147,0,506465,False,,0,0.0,0,False,,,0,,,,[],0.0,0.0,0.0,0.27,
1784258443.2185721,ACTIVE,APPROACH,11.68043750000652,0,506466,False,,0,0.0,0,False,,,0,,,,[],0.0,0.0,0.0,0.27,
1784258443.238362,ACTIVE,APPROACH,11.700199100014288,0,506466,False,,0,0.0,0,False,,,0,,,,[],0.0,0.0,0.0,0.27,
1784258443.2581851,ACTIVE,APPROACH,11.720148599997628,0,506467,False,,0,0.0,0,False,,,0,,,,[],0.0,0.0,0.0,0.27,
1784258443.2780318,ACTIVE,APPROACH,11.73999630002072,0,506468,False,,0,0.0,0,False,,,0,,,,[],0.0,0.0,0.0,0.27,
1784258443.2994444,ACTIVE,APPROACH,11.761321600002702,0,506468,False,,0,0.0,0,False,,,0,,,,[],0.0,0.0,0.0,0.27,
1784258443.3183823,ACTIVE,APPROACH,11.780342700018082,0,506469,False,,0,0.0,0,False,,,0,,,,[],0.0,0.0,0.0,0.27,
1784258443.3386643,ACTIVE,APPROACH,11.800685099966358,0,506469,False,,0,0.0,0,False,,,0,,,,[],0.0,0.0,0.0,0.27,
1784258443.3583028,ACTIVE,APPROACH,11.820255299971905,0,506470,False,,0,0.0,0,False,,,0,,,,[],0.0,0.0,0.0,0.27,
1784258443.3783839,ACTIVE,APPROACH,11.84035919996677,0,506471,False,,0,0.0,0,False,,,0,,,,[],0.0,0.0,0.0,0.27,
1784258443.3979366,ACTIVE,APPROACH,11.859918100002687,0,506471,False,,0,0.0,0,False,,,0,,,,[],0.0,0.0,0.0,0.27,
1784258443.4183912,ACTIVE,APPROACH,11.880337200011127,0,506472,False,,0,0.0,0,False,,,0,,,,[],0.0,0.0,0.0,0.27,
1784258443.4380424,ACTIVE,APPROACH,11.899989400000777,0,506472,False,,0,0.0,0,False,,,0,,,,[],0.0,0.0,0.0,0.27,
1784258443.4582255,ACTIVE,APPROACH,11.920193099998869,0,506473,False,,0,0.0,0,False,,,0,,,,[],0.0,0.0,0.0,0.27,
1784258443.4783447,ACTIVE,APPROACH,11.939885600004345,0,506474,False,,0,0.0,0,False,,,0,,,,[],0.0,0.0,0.0,0.27,
1784258443.4981492,ACTIVE,APPROACH,11.960120100004133,0,506474,False,,0,0.0,0,False,,,0,,,,[],0.0,0.0,0.0,0.27,
1784258443.5184562,ACTIVE,APPROACH,11.98045109998202,0,506475,False,,0,0.0,0,False,,,0,,,,[],0.0,0.0,0.0,0.27,
1784258443.5386374,RESET_REQUESTED,APPROACH,12.000443600001745,0,506475,False,,0,0.0,0,False,,,0,,,,[],0.0,0.0,0.0,0.27,gate_timeout
