wall_time,episode_phase,probe_phase,phase_elapsed,active_gate_index,frame_id,detected,track_id,candidate_count,tracking_confidence,tracking_missed_frames,track_switched,track_switch_reason,association_score,rejected_edge_fragments,selected_cx,selected_cy,selected_area_px,candidates_json,cmd_roll_rate,cmd_pitch_rate,cmd_yaw_rate,cmd_thrust
1784257936.6462803,RESET_REQUESTED,RESETTING,,,,False,,0,,,False,,,0,,,,[],0.0,0.0,0.0,0.0
1784257936.666801,RESET_REQUESTED,RESETTING,,,491270,True,1,2,1.0,0,True,acquired,,0,324.45751633986924,176.29350104821802,1351.5,"[{""bbox"": [306, 158, 38, 38], ""centroid"": [324.45751633986924, 176.29350104821802], ""area_px"": 1351.5, ""has_hole"": true}, {""bbox"": [327, 210, 19, 20], ""centroid"": [336.32218683651803, 219.48354564755837], ""area_px"": 314.0, ""has_hole"": true}]",0.0,0.0,0.0,0.0
1784257936.6864426,RESET_REQUESTED,RESETTING,,,491271,True,3,2,1.0,0,True,acquired,,0,324.4616142945163,176.30696241528034,1352.5,"[{""bbox"": [306, 158, 38, 38], ""centroid"": [324.4616142945163, 176.30696241528034], ""area_px"": 1352.5, ""has_hole"": true}, {""bbox"": [327, 210, 19, 20], ""centroid"": [336.3258547008547, 219.33173076923077], ""area_px"": 312.0, ""has_hole"": true}]",0.0,0.0,0.0,0.0
1784257936.7066724,RESET_REQUESTED,RESETTING,,,491272,True,5,2,1.0,0,True,acquired,,0,324.4827032369656,176.261304670126,1349.0,"[{""bbox"": [306, 158, 38, 38], ""centroid"": [324.4827032369656, 176.261304670126], ""area_px"": 1349.0, ""has_hole"": true}, {""bbox"": [327, 210, 19, 20], ""centroid"": [336.1239583333333, 219.26354166666664], ""area_px"": 320.0, ""has_hole"": true}]",0.0,0.0,0.0,0.0
1784257936.7266529,RESET_REQUESTED,RESETTING,,,491273,True,7,2,0.996461251665691,0,False,,0.0035387483343090513,0,324.56294391378884,176.42223855008572,1361.0,"[{""bbox"": [306, 158, 38, 38], ""centroid"": [324.56294391378884, 176.42223855008572], ""area_px"": 1361.0, ""has_hole"": true}, {""bbox"": [327, 210, 19, 20], ""centroid"": [336.2292632663575, 219.32766615146832], ""area_px"": 323.5, ""has_hole"": true}]",0.0,0.0,0.0,0.0
1784257936.746681,WAITING_FOR_ARM,RESETTING,,0,491273,True,10,2,1.0,0,True,acquired,,0,324.56294391378884,176.42223855008572,1361.0,"[{""bbox"": [306, 158, 38, 38], ""centroid"": [324.56294391378884, 176.42223855008572], ""area_px"": 1361.0, ""has_hole"": true}, {""bbox"": [327, 210, 19, 20], ""centroid"": [336.2292632663575, 219.32766615146832], ""area_px"": 323.5, ""has_hole"": true}]",0.0,0.0,0.0,0.0
1784257936.76659,WAITING_FOR_ARM,RESETTING,,0,491274,True,11,2,1.0,0,True,acquired,,0,324.5,176.5,1367.0,"[{""bbox"": [306, 158, 38, 38], ""centroid"": [324.5, 176.5], ""area_px"": 1367.0, ""has_hole"": true}, {""bbox"": [327, 210, 19, 20], ""centroid"": [336.08320493066253, 219.25166923472005], ""area_px"": 324.5, ""has_hole"": true}]",0.0,0.0,0.0,0.0
1784257936.7886655,WAITING_FOR_ARM,RESETTING,,0,491274,True,14,2,1.0,0,True,acquired,,0,324.5,176.5,1367.0,"[{""bbox"": [306, 158, 38, 38], ""centroid"": [324.5, 176.5], ""area_px"": 1367.0, ""has_hole"": true}, {""bbox"": [327, 210, 19, 20], ""centroid"": [336.08320493066253, 219.25166923472005], ""area_px"": 324.5, ""has_hole"": true}]",0.0,0.0,0.0,0.0
1784257936.8068182,WAITING_FOR_ARM,RESETTING,,0,491275,True,15,2,1.0,0,False,,0.0,0,324.5,176.5,1367.0,"[{""bbox"": [306, 158, 38, 38], ""centroid"": [324.5, 176.5], ""area_px"": 1367.0, ""has_hole"": true}, {""bbox"": [327, 210, 19, 20], ""centroid"": [336.11402157164866, 219.306625577812], ""area_px"": 324.5, ""has_hole"": true}]",0.0,0.0,0.0,0.0
1784257936.826336,WAITING_FOR_ARM,RESETTING,,0,491275,True,16,2,1.0,0,True,acquired,,0,324.5,176.5,1367.0,"[{""bbox"": [306, 158, 38, 38], ""centroid"": [324.5, 176.5], ""area_px"": 1367.0, ""has_hole"": true}, {""bbox"": [327, 210, 19, 20], ""centroid"": [336.11402157164866, 219.306625577812], ""area_px"": 324.5, ""has_hole"": true}]",0.0,0.0,0.0,0.0
1784257936.8467813,WAITING_FOR_ARM,RESETTING,,0,491276,True,17,2,1.0,0,True,acquired,,0,324.4541009656521,176.54296540765185,1363.5,"[{""bbox"": [306, 158, 38, 38], ""centroid"": [324.4541009656521, 176.54296540765185], ""area_px"": 1363.5, ""has_hole"": true}, {""bbox"": [327, 210, 19, 20], ""centroid"": [336.06246799795184, 219.3763440860215], ""area_px"": 325.5, ""has_hole"": true}]",0.0,0.0,0.0,0.0
1784257936.8666193,WAITING_FOR_ARM,RESETTING,,0,491277,True,19,2,0.9941876968510326,0,False,,0.005812303148967407,0,324.2519841269841,176.76674107142858,1344.0,"[{""bbox"": [306, 158, 38, 38], ""centroid"": [324.2519841269841, 176.76674107142858], ""area_px"": 1344.0, ""has_hole"": true}, {""bbox"": [327, 210, 19, 20], ""centroid"": [336.07452782031646, 219.29300663603877], ""area_px"": 326.5, ""has_hole"": true}]",0.0,0.0,0.0,0.0
1784257936.8864071,WAITING_FOR_ARM,RESETTING,,0,491277,True,22,2,1.0,0,True,acquired,,0,324.2519841269841,176.76674107142858,1344.0,"[{""bbox"": [306, 158, 38, 38], ""centroid"": [324.2519841269841, 176.76674107142858], ""area_px"": 1344.0, ""has_hole"": true}, {""bbox"": [327, 210, 19, 20], ""centroid"": [336.07452782031646, 219.29300663603877], ""area_px"": 326.5, ""has_hole"": true}]",0.0,0.0,0.0,0.0
1784257936.906673,WAITING_FOR_ARM,RESETTING,,0,491278,True,23,2,1.0,0,True,acquired,,0,324.26246719160105,176.9087614048244,1333.5,"[{""bbox"": [306, 158, 38, 38], ""centroid"": [324.26246719160105, 176.9087614048244], ""area_px"": 1333.5, ""has_hole"": true}, {""bbox"": [327, 210, 19, 20], ""centroid"": [336.0684022460439, 219.1827462991322], ""area_px"": 326.5, ""has_hole"": true}]",0.0,0.0,0.0,0.0
1784257936.9288888,WAITING_FOR_ARM,RESETTING,,0,491279,True,25,2,0.9974632607193585,0,False,,0.00253673928064148,0,324.3046554934823,176.80459342023588,1342.5,"[{""bbox"": [306, 158, 38, 38], ""centroid"": [324.3046554934823, 176.80459342023588], ""area_px"": 1342.5, ""has_hole"": true}, {""bbox"": [327, 210, 19, 20], ""centroid"": [336.0906749098403, 219.20865533230292], ""area_px"": 323.5, ""has_hole"": true}]",0.0,0.0,0.0,0.0
1784257936.9467711,WAITING_FOR_ARM,RESETTING,,0,491279,True,27,2,1.0,0,True,acquired,,0,324.3046554934823,176.80459342023588,1342.5,"[{""bbox"": [306, 158, 38, 38], ""centroid"": [324.3046554934823, 176.80459342023588], ""area_px"": 1342.5, ""has_hole"": true}, {""bbox"": [327, 210, 19, 20], ""centroid"": [336.0906749098403, 219.20865533230292], ""area_px"": 323.5, ""has_hole"": true}]",0.0,0.0,0.0,0.0
1784257936.9663994,WAITING_FOR_ARM,RESETTING,,0,491280,True,29,2,0.9969878983901233,0,False,,0.0030121016098767052,0,324.402983234714,176.6606262327416,1352.0,"[{""bbox"": [306, 158, 38, 38], ""centroid"": [324.402983234714, 176.6606262327416], ""area_px"": 1352.0, ""has_hole"": true}, {""bbox"": [327, 210, 19, 20], ""centroid"": [336.02127659574467, 219.25177304964538], ""area_px"": 329.0, ""has_hole"": true}]",0.0,0.0,0.0,0.0
1784257936.9864624,WAITING_FOR_ARM,RESETTING,,0,491280,True,31,2,1.0,0,True,acquired,,0,324.402983234714,176.6606262327416,1352.0,"[{""bbox"": [306, 158, 38, 38], ""centroid"": [324.402983234714, 176.6606262327416], ""area_px"": 1352.0, ""has_hole"": true}, {""bbox"": [327, 210, 19, 20], ""centroid"": [336.02127659574467, 219.25177304964538], ""area_px"": 329.0, ""has_hole"": true}]",0.0,0.0,0.0,0.0
1784257937.006637,WAITING_FOR_ARM,RESETTING,,0,491281,True,33,2,1.0,0,True,acquired,,0,324.4241978937056,176.5758021062944,1361.0,"[{""bbox"": [306, 158, 38, 38], ""centroid"": [324.4241978937056, 176.5758021062944], ""area_px"": 1361.0, ""has_hole"": true}, {""bbox"": [327, 210, 19, 20], ""centroid"": [336.0284987277354, 219.21170483460557], ""area_px"": 327.5, ""has_hole"": true}]",0.0,0.0,0.0,0.0
1784257937.0267465,WAITING_FOR_ARM,RESETTING,,0,491281,True,35,2,1.0,0,True,acquired,,0,324.4241978937056,176.5758021062944,1361.0,"[{""bbox"": [306, 158, 38, 38], ""centroid"": [324.4241978937056, 176.5758021062944], ""area_px"": 1361.0, ""has_hole"": true}, {""bbox"": [327, 210, 19, 20], ""centroid"": [336.0284987277354, 219.21170483460557], ""area_px"": 327.5, ""has_hole"": true}]",0.0,0.0,0.0,0.0
1784257937.0466907,WAITING_FOR_ARM,RESETTING,,0,491282,True,37,2,1.0,0,True,acquired,,0,324.49810536609215,176.54602126879354,1363.5,"[{""bbox"": [306, 158, 38, 38], ""centroid"": [324.49810536609215, 176.54602126879354], ""area_px"": 1363.5, ""has_hole"": true}, {""bbox"": [327, 210, 19, 20], ""centroid"": [336.13097072419106, 219.22958397534669], ""area_px"": 324.5, ""has_hole"": true}]",0.0,0.0,0.0,0.0
1784257937.0668254,WAITING_FOR_ARM,RESETTING,,0,491283,True,38,2,0.8495899895810383,0,False,,0.1504100104189617,0,324.84254199554744,178.5727585509006,823.5,"[{""bbox"": [306, 158, 38, 38], ""centroid"": [324.84254199554744, 178.5727585509006], ""area_px"": 823.5, ""has_hole"": false}, {""bbox"": [327, 210, 19, 20], ""centroid"": [336.1171032357473, 219.30559835644578], ""area_px"": 324.5, ""has_hole"": true}]",0.0,0.0,0.0,0.0
1784257937.0865996,WAITING_FOR_ARM,RESETTING,,0,491283,True,42,2,1.0,0,True,acquired,,0,324.84254199554744,178.5727585509006,823.5,"[{""bbox"": [306, 158, 38, 38], ""centroid"": [324.84254199554744, 178.5727585509006], ""area_px"": 823.5, ""has_hole"": false}, {""bbox"": [327, 210, 19, 20], ""centroid"": [336.1171032357473, 219.30559835644578], ""area_px"": 324.5, ""has_hole"": true}]",0.0,0.0,0.0,0.0
1784257937.1072307,WAITING_FOR_ARM,RESETTING,,0,491284,True,43,2,1.0,0,True,acquired,,0,324.51758241758245,176.5264957264957,1365.0,"[{""bbox"": [306, 158, 38, 38], ""centroid"": [324.51758241758245, 176.5264957264957], ""area_px"": 1365.0, ""has_hole"": true}, {""bbox"": [327, 210, 19, 20], ""centroid"": [336.18524251805985, 219.22807017543857], ""area_px"": 323.0, ""has_hole"": true}]",0.0,0.0,0.0,0.0
1784257937.126834,WAITING_FOR_ARM,RESETTING,,0,491285,True,45,2,1.0,0,False,,0.0,0,324.51758241758245,176.5264957264957,1365.0,"[{""bbox"": [306, 158, 38, 38], ""centroid"": [324.51758241758245, 176.5264957264957], ""area_px"": 1365.0, ""has_hole"": true}, {""bbox"": [326, 210, 20, 20], ""centroid"": [336.250662427133, 219.5087440381558], ""area_px"": 314.5, ""has_hole"": true}]",0.0,0.0,0.0,0.0
1784257937.1464815,WAITING_FOR_ARM,RESETTING,,0,491285,True,48,2,1.0,0,True,acquired,,0,324.51758241758245,176.5264957264957,1365.0,"[{""bbox"": [306, 158, 38, 38], ""centroid"": [324.51758241758245, 176.5264957264957], ""area_px"": 1365.0, ""has_hole"": true}, {""bbox"": [326, 210, 20, 20], ""centroid"": [336.250662427133, 219.5087440381558], ""area_px"": 314.5, ""has_hole"": true}]",0.0,0.0,0.0,0.0
1784257937.1668444,WAITING_FOR_ARM,RESETTING,,0,491286,True,49,1,1.0,0,True,acquired,,0,324.5029304029304,176.5,1365.0,"[{""bbox"": [306, 158, 38, 38], ""centroid"": [324.5029304029304, 176.5], ""area_px"": 1365.0, ""has_hole"": true}]",0.0,0.0,0.0,0.0
1784257937.1864293,WAITING_FOR_ARM,RESETTING,,0,491286,True,51,1,1.0,0,True,acquired,,0,324.5029304029304,176.5,1365.0,"[{""bbox"": [306, 158, 38, 38], ""centroid"": [324.5029304029304, 176.5], ""area_px"": 1365.0, ""has_hole"": true}]",0.0,0.0,0.0,0.0
1784257937.2067327,WAITING_FOR_ARM,RESETTING,,0,491287,True,53,1,1.0,0,True,acquired,,0,324.52872718363346,176.4406468210217,1360.5,"[{""bbox"": [306, 158, 38, 38], ""centroid"": [324.52872718363346, 176.4406468210217], ""area_px"": 1360.5, ""has_hole"": true}]",0.0,0.0,0.0,0.0
1784257937.2264032,WAITING_FOR_ARM,RESETTING,,0,491288,True,54,1,0.77677327361713,0,False,,0.22322672638287,0,324.8844427823485,192.45051109449014,1337.0,"[{""bbox"": [306, 174, 38, 38], ""centroid"": [324.8844427823485, 192.45051109449014], ""area_px"": 1337.0, ""has_hole"": true}]",0.0,0.0,0.0,0.0
1784257937.2465787,WAITING_FOR_ARM,RESETTING,,0,491288,True,57,1,1.0,0,True,acquired,,0,324.8844427823485,192.45051109449014,1337.0,"[{""bbox"": [306, 174, 38, 38], ""centroid"": [324.8844427823485, 192.45051109449014], ""area_px"": 1337.0, ""has_hole"": true}]",0.0,0.0,0.0,0.0
1784257937.2668324,WAITING_FOR_ARM,RESETTING,,0,491288,True,59,1,1.0,0,True,acquired,,0,324.8844427823485,192.45051109449014,1337.0,"[{""bbox"": [306, 174, 38, 38], ""centroid"": [324.8844427823485, 192.45051109449014], ""area_px"": 1337.0, ""has_hole"": true}]",0.0,0.0,0.0,0.0
1784257937.2864463,WAITING_FOR_ARM,RESETTING,,0,491289,True,60,1,1.0,0,True,acquired,,0,324.600327910203,178.09912977676882,1321.5,"[{""bbox"": [306, 160, 38, 37], ""centroid"": [324.600327910203, 178.09912977676882], ""area_px"": 1321.5, ""has_hole"": true}]",0.0,0.0,0.0,0.0
1784257937.3065078,WAITING_FOR_ARM,RESETTING,,0,491290,True,62,1,1.0,0,True,acquired,,0,324.60430504305043,176.49643296432964,1355.0,"[{""bbox"": [306, 158, 38, 38], ""centroid"": [324.60430504305043, 176.49643296432964], ""area_px"": 1355.0, ""has_hole"": true}]",0.0,0.0,0.0,0.0
1784257937.3265097,WAITING_FOR_ARM,RESETTING,,0,491290,True,64,1,1.0,0,True,acquired,,0,324.60430504305043,176.49643296432964,1355.0,"[{""bbox"": [306, 158, 38, 38], ""centroid"": [324.60430504305043, 176.49643296432964], ""area_px"": 1355.0, ""has_hole"": true}]",0.0,0.0,0.0,0.0
1784257937.3467696,WAITING_FOR_ARM,RESETTING,,0,491291,True,65,1,0.9932624292644917,0,False,,0.006737570735508307,0,324.93355855855856,176.46158658658658,1332.0,"[{""bbox"": [306, 158, 38, 38], ""centroid"": [324.93355855855856, 176.46158658658658], ""area_px"": 1332.0, ""has_hole"": true}]",0.0,0.0,0.0,0.0
1784257937.366429,WAITING_FOR_ARM,RESETTING,,0,491292,True,66,1,0.9994743770250307,0,False,,0.0005256229749692569,0,324.98221888304533,176.47808665164035,1331.0,"[{""bbox"": [306, 158, 38, 38], ""centroid"": [324.98221888304533, 176.47808665164035], ""area_px"": 1331.0, ""has_hole"": true}]",0.0,0.0,0.0,0.0
1784257937.389488,WAITING_FOR_ARM,RESETTING,,0,491292,True,69,1,1.0,0,True,acquired,,0,324.98221888304533,176.47808665164035,1331.0,"[{""bbox"": [306, 158, 38, 38], ""centroid"": [324.98221888304533, 176.47808665164035], ""area_px"": 1331.0, ""has_hole"": true}]",0.0,0.0,0.0,0.0
1784257937.406765,WAITING_FOR_ARM,RESETTING,,0,491293,True,70,1,1.0,0,True,acquired,,0,324.9802005012531,176.4739348370927,1330.0,"[{""bbox"": [306, 158, 38, 38], ""centroid"": [324.9802005012531, 176.4739348370927], ""area_px"": 1330.0, ""has_hole"": true}]",0.0,0.0,0.0,0.0
1784257937.4266858,WAITING_FOR_ARM,RESETTING,,0,491293,True,72,1,1.0,0,True,acquired,,0,324.9802005012531,176.4739348370927,1330.0,"[{""bbox"": [306, 158, 38, 38], ""centroid"": [324.9802005012531, 176.4739348370927], ""area_px"": 1330.0, ""has_hole"": true}]",0.0,0.0,0.0,0.0
1784257937.4465125,WAITING_FOR_ARM,RESETTING,,0,491294,True,73,1,1.0,0,True,acquired,,0,324.9724724724725,176.49174174174175,1332.0,"[{""bbox"": [306, 158, 38, 38], ""centroid"": [324.9724724724725, 176.49174174174175], ""area_px"": 1332.0, ""has_hole"": true}]",0.0,0.0,0.0,0.0
1784257937.467944,WAITING_FOR_ARM,RESETTING,,0,491294,True,75,1,1.0,0,True,acquired,,0,324.9724724724725,176.49174174174175,1332.0,"[{""bbox"": [306, 158, 38, 38], ""centroid"": [324.9724724724725, 176.49174174174175], ""area_px"": 1332.0, ""has_hole"": true}]",0.0,0.0,0.0,0.0
1784257937.4871185,WAITING_FOR_ARM,RESETTING,,0,491295,True,76,1,1.0,0,True,acquired,,0,324.9756526104417,176.39093875502007,1328.0,"[{""bbox"": [306, 157, 38, 39], ""centroid"": [324.9756526104417, 176.39093875502007], ""area_px"": 1328.0, ""has_hole"": true}]",0.0,0.0,0.0,0.0
1784257937.5064175,WAITING_FOR_ARM,RESETTING,,0,491296,True,77,1,0.9927812486386361,0,False,,0.007218751361363856,0,324.912734082397,176.47515605493132,1335.0,"[{""bbox"": [306, 158, 38, 38], ""centroid"": [324.912734082397, 176.47515605493132], ""area_px"": 1335.0, ""has_hole"": true}]",0.0,0.0,0.0,0.0
1784257937.5267754,WAITING_FOR_ARM,RESETTING,,0,491296,True,79,1,1.0,0,True,acquired,,0,324.912734082397,176.47515605493132,1335.0,"[{""bbox"": [306, 158, 38, 38], ""centroid"": [324.912734082397, 176.47515605493132], ""area_px"": 1335.0, ""has_hole"": true}]",0.0,0.0,0.0,0.0
1784257937.5466802,WAITING_FOR_ARM,RESETTING,,0,491297,True,81,1,1.0,0,True,acquired,,0,324.92588412340103,176.41898670679709,1329.0,"[{""bbox"": [306, 158, 38, 38], ""centroid"": [324.92588412340103, 176.41898670679709], ""area_px"": 1329.0, ""has_hole"": true}]",0.0,0.0,0.0,0.0
1784257937.566755,WAITING_FOR_ARM,RESETTING,,0,491298,True,82,1,0.9981778176012847,0,False,,0.0018221823987153419,0,324.86452095808386,176.42976546906186,1336.0,"[{""bbox"": [306, 158, 38, 38], ""centroid"": [324.86452095808386, 176.42976546906186], ""area_px"": 1336.0, ""has_hole"": true}]",0.0,0.0,0.0,0.0
1784257937.5890596,WAITING_FOR_ARM,RESETTING,,0,491298,True,84,1,1.0,0,True,acquired,,0,324.86452095808386,176.42976546906186,1336.0,"[{""bbox"": [306, 158, 38, 38], ""centroid"": [324.86452095808386, 176.42976546906186], ""area_px"": 1336.0, ""has_hole"": true}]",0.0,0.0,0.0,0.0
1784257937.6069016,WAITING_FOR_ARM,RESETTING,,0,491298,True,86,1,1.0,0,True,acquired,,0,324.86452095808386,176.42976546906186,1336.0,"[{""bbox"": [306, 158, 38, 38], ""centroid"": [324.86452095808386, 176.42976546906186], ""area_px"": 1336.0, ""has_hole"": true}]",0.0,0.0,0.0,0.0
1784257937.6267092,WAITING_FOR_ARM,RESETTING,,0,491300,True,86,1,0.9994073816515676,0,False,,0.0005926183484324032,0,324.88360778443115,176.43612774451097,1336.0,"[{""bbox"": [306, 158, 38, 38], ""centroid"": [324.88360778443115, 176.43612774451097], ""area_px"": 1336.0, ""has_hole"": true}]",0.0,0.0,0.0,0.0
1784257937.6465952,WAITING_FOR_ARM,RESETTING,,0,491301,True,88,1,0.9997229684931223,0,False,,0.00027703150687774644,0,324.8921348314607,176.44406991260922,1335.0,"[{""bbox"": [306, 158, 38, 38], ""centroid"": [324.8921348314607, 176.44406991260922], ""area_px"": 1335.0, ""has_hole"": true}]",0.0,0.0,0.0,0.0
1784257937.6667688,WAITING_FOR_ARM,RESETTING,,0,491301,True,90,1,1.0,0,True,acquired,,0,324.8921348314607,176.44406991260922,1335.0,"[{""bbox"": [306, 158, 38, 38], ""centroid"": [324.8921348314607, 176.44406991260922], ""area_px"": 1335.0, ""has_hole"": true}]",0.0,0.0,0.0,0.0
1784257937.6867268,WAITING_FOR_ARM,RESETTING,,0,491301,True,92,1,1.0,0,True,acquired,,0,324.8921348314607,176.44406991260922,1335.0,"[{""bbox"": [306, 158, 38, 38], ""centroid"": [324.8921348314607, 176.44406991260922], ""area_px"": 1335.0, ""has_hole"": true}]",0.0,0.0,0.0,0.0
1784257937.706452,WAITING_FOR_ARM,RESETTING,,0,491302,True,94,1,0.9993604151466013,0,False,,0.0006395848533986501,0,324.8419540229885,176.3956771614193,1334.0,"[{""bbox"": [306, 158, 38, 38], ""centroid"": [324.8419540229885, 176.3956771614193], ""area_px"": 1334.0, ""has_hole"": true}]",0.0,0.0,0.0,0.0
1784257937.7267756,WAITING_FOR_ARM,RESETTING,,0,491303,True,95,1,0.9990522298906197,0,False,,0.0009477701093802886,0,324.87060583395663,176.44103714784342,1337.0,"[{""bbox"": [306, 158, 38, 38], ""centroid"": [324.87060583395663, 176.44103714784342], ""area_px"": 1337.0, ""has_hole"": true}]",0.0,0.0,0.0,0.0
1784257937.7465968,WAITING_FOR_ARM,RESETTING,,0,491303,True,98,1,1.0,0,True,acquired,,0,324.87060583395663,176.44103714784342,1337.0,"[{""bbox"": [306, 158, 38, 38], ""centroid"": [324.87060583395663, 176.44103714784342], ""area_px"": 1337.0, ""has_hole"": true}]",0.0,0.0,0.0,0.0
1784257937.7668893,WAITING_FOR_ARM,RESETTING,,0,491303,True,100,1,1.0,0,True,acquired,,0,324.87060583395663,176.44103714784342,1337.0,"[{""bbox"": [306, 158, 38, 38], ""centroid"": [324.87060583395663, 176.44103714784342], ""area_px"": 1337.0, ""has_hole"": true}]",0.0,0.0,0.0,0.0
1784257937.7891748,WAITING_FOR_ARM,RESETTING,,0,491304,True,101,1,1.0,0,True,acquired,,0,324.9036399900274,176.46821241585639,1337.0,"[{""bbox"": [306, 158, 38, 38], ""centroid"": [324.9036399900274, 176.46821241585639], ""area_px"": 1337.0, ""has_hole"": true}]",0.0,0.0,0.0,0.0
1784257937.806457,WAITING_FOR_ARM,RESETTING,,0,491305,True,102,1,0.9986884616407944,0,False,,0.0013115383592056321,0,324.84849614715387,176.4108873974646,1341.0,"[{""bbox"": [306, 158, 38, 38], ""centroid"": [324.84849614715387, 176.4108873974646], ""area_px"": 1341.0, ""has_hole"": true}]",0.0,0.0,0.0,0.0
1784257937.8266602,WAITING_FOR_ARM,RESETTING,,0,491306,True,103,1,0.9980921927776075,0,False,,0.0019078072223924294,0,324.8979642812539,176.48994629699013,1334.5,"[{""bbox"": [306, 158, 38, 38], ""centroid"": [324.8979642812539, 176.48994629699013], ""area_px"": 1334.5, ""has_hole"": true}]",0.0,0.0,0.0,0.0
1784257937.84658,WAITING_FOR_ARM,RESETTING,,0,491306,True,106,1,1.0,0,True,acquired,,0,324.8979642812539,176.48994629699013,1334.5,"[{""bbox"": [306, 158, 38, 38], ""centroid"": [324.8979642812539, 176.48994629699013], ""area_px"": 1334.5, ""has_hole"": true}]",0.0,0.0,0.0,0.0
1784257937.8665898,WAITING_FOR_ARM,RESETTING,,0,491306,True,108,1,1.0,0,True,acquired,,0,324.8979642812539,176.48994629699013,1334.5,"[{""bbox"": [306, 158, 38, 38], ""centroid"": [324.8979642812539, 176.48994629699013], ""area_px"": 1334.5, ""has_hole"": true}]",0.0,0.0,0.0,0.0
1784257937.886408,WAITING_FOR_ARM,RESETTING,,0,491308,True,109,1,0.9982769340670704,0,False,,0.0017230659329296326,0,324.6448742746615,176.95422308188265,1292.5,"[{""bbox"": [306, 158, 38, 38], ""centroid"": [324.6448742746615, 176.95422308188265], ""area_px"": 1292.5, ""has_hole"": true}]",0.0,0.0,0.0,0.0
1784257937.9065998,WAITING_FOR_ARM,RESETTING,,0,491308,True,111,1,1.0,0,True,acquired,,0,324.6448742746615,176.95422308188265,1292.5,"[{""bbox"": [306, 158, 38, 38], ""centroid"": [324.6448742746615, 176.95422308188265], ""area_px"": 1292.5, ""has_hole"": true}]",0.0,0.0,0.0,0.0
1784257937.926896,WAITING_FOR_ARM,RESETTING,,0,491308,True,113,1,1.0,0,True,acquired,,0,324.6448742746615,176.95422308188265,1292.5,"[{""bbox"": [306, 158, 38, 38], ""centroid"": [324.6448742746615, 176.95422308188265], ""area_px"": 1292.5, ""has_hole"": true}]",0.0,0.0,0.0,0.0
1784257937.9463434,WAITING_FOR_ARM,RESETTING,,0,491309,True,115,1,1.0,0,True,acquired,,0,324.8358954650269,176.8891878042531,1301.0,"[{""bbox"": [306, 158, 38, 38], ""centroid"": [324.8358954650269, 176.8891878042531], ""area_px"": 1301.0, ""has_hole"": true}]",0.0,0.0,0.0,0.0
1784257937.9663916,WAITING_FOR_ARM,RESETTING,,0,491309,True,118,1,1.0,0,True,acquired,,0,324.8358954650269,176.8891878042531,1301.0,"[{""bbox"": [306, 158, 38, 38], ""centroid"": [324.8358954650269, 176.8891878042531], ""area_px"": 1301.0, ""has_hole"": true}]",0.0,0.0,0.0,0.0
1784257937.9867718,WAITING_FOR_ARM,RESETTING,,0,491310,True,119,1,1.0,0,True,acquired,,0,324.8306898288016,176.6554632426989,1324.0,"[{""bbox"": [306, 158, 38, 38], ""centroid"": [324.8306898288016, 176.6554632426989], ""area_px"": 1324.0, ""has_hole"": true}]",0.0,0.0,0.0,0.0
1784257938.0068676,WAITING_FOR_ARM,RESETTING,,0,491311,True,121,1,1.0,0,True,acquired,,0,324.92807745504837,176.6095812900792,1325.5,"[{""bbox"": [306, 158, 38, 38], ""centroid"": [324.92807745504837, 176.6095812900792], ""area_px"": 1325.5, ""has_hole"": true}]",0.0,0.0,0.0,0.0
1784257938.0280752,WAITING_FOR_ARM,RESETTING,,0,491311,True,124,1,1.0,0,True,acquired,,0,324.92807745504837,176.6095812900792,1325.5,"[{""bbox"": [306, 158, 38, 38], ""centroid"": [324.92807745504837, 176.6095812900792], ""area_px"": 1325.5, ""has_hole"": true}]",0.0,0.0,0.0,0.0
1784257938.0464392,WAITING_FOR_ARM,RESETTING,,0,491312,True,125,1,1.0,0,True,acquired,,0,325.2416280267903,176.8887171561051,1294.0,"[{""bbox"": [306, 158, 38, 38], ""centroid"": [325.2416280267903, 176.8887171561051], ""area_px"": 1294.0, ""has_hole"": true}]",0.0,0.0,0.0,0.0
1784257938.066552,WAITING_FOR_ARM,RESETTING,,0,491313,True,127,2,0.832514573006064,0,False,,0.167485426993936,0,325.4761904761904,179.40071877807725,742.0,"[{""bbox"": [306, 158, 38, 38], ""centroid"": [325.4761904761904, 179.40071877807725], ""area_px"": 742.0, ""has_hole"": false}, {""bbox"": [328, 210, 18, 20], ""centroid"": [336.5902891434806, 219.3938897981451], ""area_px"": 305.5, ""has_hole"": true}]",0.0,0.0,0.0,0.0
1784257938.0868454,WAITING_FOR_ARM,RESETTING,,0,491313,True,129,2,1.0,0,True,acquired,,0,325.4761904761904,179.40071877807725,742.0,"[{""bbox"": [306, 158, 38, 38], ""centroid"": [325.4761904761904, 179.40071877807725], ""area_px"": 742.0, ""has_hole"": false}, {""bbox"": [328, 210, 18, 20], ""centroid"": [336.5902891434806, 219.3938897981451], ""area_px"": 305.5, ""has_hole"": true}]",0.0,0.0,0.0,0.0
1784257938.106685,WAITING_FOR_ARM,RESETTING,,0,491313,True,131,2,1.0,0,True,acquired,,0,325.4761904761904,179.40071877807725,742.0,"[{""bbox"": [306, 158, 38, 38], ""centroid"": [325.4761904761904, 179.40071877807725], ""area_px"": 742.0, ""has_hole"": false}, {""bbox"": [328, 210, 18, 20], ""centroid"": [336.5902891434806, 219.3938897981451], ""area_px"": 305.5, ""has_hole"": true}]",0.0,0.0,0.0,0.0
1784257938.1266158,WAITING_FOR_ARM,RESETTING,,0,491314,True,133,1,1.0,0,True,acquired,,0,325.6135852451642,179.31736392262707,741.0,"[{""bbox"": [306, 158, 38, 38], ""centroid"": [325.6135852451642, 179.31736392262707], ""area_px"": 741.0, ""has_hole"": false}]",0.0,0.0,0.0,0.0
1784257938.146557,WAITING_FOR_ARM,RESETTING,,0,491315,True,134,1,0.9957900785467285,0,False,,0.0042099214532714535,0,325.6704369039698,179.30006653359948,751.5,"[{""bbox"": [306, 158, 38, 38], ""centroid"": [325.6704369039698, 179.30006653359948], ""area_px"": 751.5, ""has_hole"": false}]",0.0,0.0,0.0,0.0
1784257938.166819,WAITING_FOR_ARM,RESETTING,,0,491315,True,137,1,1.0,0,True,acquired,,0,325.6704369039698,179.30006653359948,751.5,"[{""bbox"": [306, 158, 38, 38], ""centroid"": [325.6704369039698, 179.30006653359948], ""area_px"": 751.5, ""has_hole"": false}]",0.0,0.0,0.0,0.0
1784257938.18661,WAITING_FOR_ARM,RESETTING,,0,491316,True,138,1,1.0,0,True,acquired,,0,324.91116941529236,176.47588705647175,1334.0,"[{""bbox"": [306, 158, 38, 38], ""centroid"": [324.91116941529236, 176.47588705647175], ""area_px"": 1334.0, ""has_hole"": true}]",0.0,0.0,0.0,0.0
1784257938.206849,WAITING_FOR_ARM,RESETTING,,0,491317,True,139,1,1.0,0,True,acquired,,0,324.89304412864624,176.5117177761157,1337.0,"[{""bbox"": [306, 158, 38, 38], ""centroid"": [324.89304412864624, 176.5117177761157], ""area_px"": 1337.0, ""has_hole"": true}]",0.0,0.0,0.0,0.0
1784257938.2264886,WAITING_FOR_ARM,RESETTING,,0,491317,True,143,1,1.0,0,True,acquired,,0,324.89304412864624,176.5117177761157,1337.0,"[{""bbox"": [306, 158, 38, 38], ""centroid"": [324.89304412864624, 176.5117177761157], ""area_px"": 1337.0, ""has_hole"": true}]",0.0,0.0,0.0,0.0
1784257938.246755,WAITING_FOR_ARM,RESETTING,,0,491318,True,144,1,1.0,0,True,acquired,,0,324.86474694589873,176.45612066816253,1337.0,"[{""bbox"": [306, 158, 38, 38], ""centroid"": [324.86474694589873, 176.45612066816253], ""area_px"": 1337.0, ""has_hole"": true}]",0.0,0.0,0.0,0.0
1784257938.2667964,WAITING_FOR_ARM,RESETTING,,0,491319,True,147,1,0.9987960200862565,0,False,,0.0012039799137435595,0,324.9447776111944,176.50674662668666,1334.0,"[{""bbox"": [306, 158, 38, 38], ""centroid"": [324.9447776111944, 176.50674662668666], ""area_px"": 1334.0, ""has_hole"": true}]",0.0,0.0,0.0,0.0
1784257938.2866788,WAITING_FOR_ARM,RESETTING,,0,491319,True,149,1,1.0,0,True,acquired,,0,324.9447776111944,176.50674662668666,1334.0,"[{""bbox"": [306, 158, 38, 38], ""centroid"": [324.9447776111944, 176.50674662668666], ""area_px"": 1334.0, ""has_hole"": true}]",0.0,0.0,0.0,0.0
1784257938.3065464,WAITING_FOR_ARM,RESETTING,,0,491320,True,151,1,1.0,0,True,acquired,,0,324.80753968253964,176.45386904761904,1344.0,"[{""bbox"": [306, 158, 38, 38], ""centroid"": [324.80753968253964, 176.45386904761904], ""area_px"": 1344.0, ""has_hole"": true}]",0.0,0.0,0.0,0.0
1784257938.3263836,WAITING_FOR_ARM,RESETTING,,0,491321,True,153,1,0.9987969970634765,0,False,,0.0012030029365234821,0,324.86231343283583,176.42388059701491,1340.0,"[{""bbox"": [306, 158, 38, 38], ""centroid"": [324.86231343283583, 176.42388059701491], ""area_px"": 1340.0, ""has_hole"": true}]",0.0,0.0,0.0,0.0
1784257938.3464222,WAITING_FOR_ARM,RESETTING,,0,491321,True,156,1,1.0,0,True,acquired,,0,324.86231343283583,176.42388059701491,1340.0,"[{""bbox"": [306, 158, 38, 38], ""centroid"": [324.86231343283583, 176.42388059701491], ""area_px"": 1340.0, ""has_hole"": true}]",0.0,0.0,0.0,0.0
1784257938.3665855,WAITING_FOR_ARM,RESETTING,,0,491321,True,159,1,1.0,0,True,acquired,,0,324.86231343283583,176.42388059701491,1340.0,"[{""bbox"": [306, 158, 38, 38], ""centroid"": [324.86231343283583, 176.42388059701491], ""area_px"": 1340.0, ""has_hole"": true}]",0.0,0.0,0.0,0.0
1784257938.3867855,WAITING_FOR_ARM,RESETTING,,0,491322,True,162,1,1.0,0,True,acquired,,0,324.9543635908977,176.441360340085,1333.0,"[{""bbox"": [306, 158, 38, 38], ""centroid"": [324.9543635908977, 176.441360340085], ""area_px"": 1333.0, ""has_hole"": true}]",0.0,0.0,0.0,0.0
1784257938.4067934,WAITING_FOR_ARM,RESETTING,,0,491323,True,165,1,1.0,0,True,acquired,,0,324.98622589531675,176.48760330578511,1331.0,"[{""bbox"": [306, 158, 38, 38], ""centroid"": [324.98622589531675, 176.48760330578511], ""area_px"": 1331.0, ""has_hole"": true}]",0.0,0.0,0.0,0.0
1784257938.4264333,WAITING_FOR_ARM,RESETTING,,0,491323,True,168,1,1.0,0,True,acquired,,0,324.98622589531675,176.48760330578511,1331.0,"[{""bbox"": [306, 158, 38, 38], ""centroid"": [324.98622589531675, 176.48760330578511], ""area_px"": 1331.0, ""has_hole"": true}]",0.0,0.0,0.0,0.0
1784257938.4466188,WAITING_FOR_ARM,RESETTING,,0,491324,True,169,1,1.0,0,True,acquired,,0,324.94465267366314,176.45502248875562,1334.0,"[{""bbox"": [306, 158, 38, 38], ""centroid"": [324.94465267366314, 176.45502248875562], ""area_px"": 1334.0, ""has_hole"": true}]",0.0,0.0,0.0,0.0
1784257938.4670107,WAITING_FOR_ARM,RESETTING,,0,491324,True,171,1,1.0,0,True,acquired,,0,324.94465267366314,176.45502248875562,1334.0,"[{""bbox"": [306, 158, 38, 38], ""centroid"": [324.94465267366314, 176.45502248875562], ""area_px"": 1334.0, ""has_hole"": true}]",0.0,0.0,0.0,0.0
1784257938.4868314,WAITING_FOR_ARM,RESETTING,,0,491326,True,173,1,0.9991137341107174,0,False,,0.000886265889282651,0,324.90339067564196,176.46970830216904,1337.0,"[{""bbox"": [306, 158, 38, 38], ""centroid"": [324.90339067564196, 176.46970830216904], ""area_px"": 1337.0, ""has_hole"": true}]",0.0,0.0,0.0,0.0
1784257938.5067403,WAITING_FOR_ARM,RESETTING,,0,491326,True,176,1,1.0,0,True,acquired,,0,324.90339067564196,176.46970830216904,1337.0,"[{""bbox"": [306, 158, 38, 38], ""centroid"": [324.90339067564196, 176.46970830216904], ""area_px"": 1337.0, ""has_hole"": true}]",0.0,0.0,0.0,0.0
1784257938.526613,WAITING_FOR_ARM,RESETTING,,0,491326,True,179,1,1.0,0,True,acquired,,0,324.90339067564196,176.46970830216904,1337.0,"[{""bbox"": [306, 158, 38, 38], ""centroid"": [324.90339067564196, 176.46970830216904], ""area_px"": 1337.0, ""has_hole"": true}]",0.0,0.0,0.0,0.0
1784257938.5464194,WAITING_FOR_ARM,RESETTING,,0,491327,True,181,1,1.0,0,True,acquired,,0,324.9171656686627,176.46407185628743,1336.0,"[{""bbox"": [306, 158, 38, 38], ""centroid"": [324.9171656686627, 176.46407185628743], ""area_px"": 1336.0, ""has_hole"": true}]",0.0,0.0,0.0,0.0
1784257938.5665696,WAITING_FOR_ARM,RESETTING,,0,491327,True,184,1,1.0,0,True,acquired,,0,324.9171656686627,176.46407185628743,1336.0,"[{""bbox"": [306, 158, 38, 38], ""centroid"": [324.9171656686627, 176.46407185628743], ""area_px"": 1336.0, ""has_hole"": true}]",0.0,0.0,0.0,0.0
1784257938.586802,WAITING_FOR_ARM,RESETTING,,0,491328,True,186,1,1.0,0,True,acquired,,0,324.834823646299,176.4307004470939,1342.0,"[{""bbox"": [306, 158, 38, 38], ""centroid"": [324.834823646299, 176.4307004470939], ""area_px"": 1342.0, ""has_hole"": true}]",0.0,0.0,0.0,0.0
1784257938.6072354,WAITING_FOR_ARM,RESETTING,,0,491329,True,188,1,1.0,0,True,acquired,,0,324.86243781094527,176.44253731343284,1340.0,"[{""bbox"": [306, 158, 38, 38], ""centroid"": [324.86243781094527, 176.44253731343284], ""area_px"": 1340.0, ""has_hole"": true}]",0.0,0.0,0.0,0.0
1784257938.626582,WAITING_FOR_ARM,RESETTING,,0,491330,True,189,1,0.9995895875182487,0,False,,0.0004104124817513654,0,324.8760268857356,176.47274085138162,1339.0,"[{""bbox"": [306, 158, 38, 38], ""centroid"": [324.8760268857356, 176.47274085138162], ""area_px"": 1339.0, ""has_hole"": true}]",0.0,0.0,0.0,0.0
1784257938.6466012,WAITING_FOR_ARM,RESETTING,,0,491330,True,192,1,1.0,0,True,acquired,,0,324.8760268857356,176.47274085138162,1339.0,"[{""bbox"": [306, 158, 38, 38], ""centroid"": [324.8760268857356, 176.47274085138162], ""area_px"": 1339.0, ""has_hole"": true}]",0.0,0.0,0.0,0.0
1784257938.666493,WAITING_FOR_ARM,RESETTING,,0,491330,True,195,1,1.0,0,True,acquired,,0,324.8760268857356,176.47274085138162,1339.0,"[{""bbox"": [306, 158, 38, 38], ""centroid"": [324.8760268857356, 176.47274085138162], ""area_px"": 1339.0, ""has_hole"": true}]",0.0,0.0,0.0,0.0
1784257938.686852,WAITING_FOR_ARM,RESETTING,,0,491331,True,196,1,1.0,0,True,acquired,,0,324.88988540109614,176.45291479820628,1338.0,"[{""bbox"": [306, 158, 38, 38], ""centroid"": [324.88988540109614, 176.45291479820628], ""area_px"": 1338.0, ""has_hole"": true}]",0.0,0.0,0.0,0.0
1784257938.7065754,WAITING_FOR_ARM,RESETTING,,0,491332,True,198,1,0.9995772782568861,0,False,,0.00042272174311391153,0,324.85723176499874,176.44012944983817,1339.0,"[{""bbox"": [306, 158, 38, 38], ""centroid"": [324.85723176499874, 176.44012944983817], ""area_px"": 1339.0, ""has_hole"": true}]",0.0,0.0,0.0,0.0
1784257938.7264066,WAITING_FOR_ARM,RESETTING,,0,491332,True,201,1,1.0,0,True,acquired,,0,324.85723176499874,176.44012944983817,1339.0,"[{""bbox"": [306, 158, 38, 38], ""centroid"": [324.85723176499874, 176.44012944983817], ""area_px"": 1339.0, ""has_hole"": true}]",0.0,0.0,0.0,0.0
1784257938.7467072,WAITING_FOR_ARM,RESETTING,,0,491333,True,203,1,1.0,0,True,acquired,,0,324.90376464722016,176.47419596110694,1337.0,"[{""bbox"": [306, 158, 38, 38], ""centroid"": [324.90376464722016, 176.47419596110694], ""area_px"": 1337.0, ""has_hole"": true}]",0.0,0.0,0.0,0.0
1784257938.7666748,WAITING_FOR_ARM,RESETTING,,0,491333,True,205,1,1.0,0,True,acquired,,0,324.90376464722016,176.47419596110694,1337.0,"[{""bbox"": [306, 158, 38, 38], ""centroid"": [324.90376464722016, 176.47419596110694], ""area_px"": 1337.0, ""has_hole"": true}]",0.0,0.0,0.0,0.0
1784257938.7863698,WAITING_FOR_ARM,RESETTING,,0,491334,True,207,1,1.0,0,True,acquired,,0,324.8761513567338,176.45631067961165,1339.0,"[{""bbox"": [306, 158, 38, 38], ""centroid"": [324.8761513567338, 176.45631067961165], ""area_px"": 1339.0, ""has_hole"": true}]",0.0,0.0,0.0,0.0
1784257938.80649,WAITING_FOR_ARM,RESETTING,,0,491335,True,209,1,0.9993874706887457,0,False,,0.000612529311254302,0,324.9036399900274,176.47419596110694,1337.0,"[{""bbox"": [306, 158, 38, 38], ""centroid"": [324.9036399900274, 176.47419596110694], ""area_px"": 1337.0, ""has_hole"": true}]",0.0,0.0,0.0,0.0
1784257938.8267758,WAITING_FOR_ARM,RESETTING,,0,491335,True,212,1,1.0,0,True,acquired,,0,324.9036399900274,176.47419596110694,1337.0,"[{""bbox"": [306, 158, 38, 38], ""centroid"": [324.9036399900274, 176.47419596110694], ""area_px"": 1337.0, ""has_hole"": true}]",0.0,0.0,0.0,0.0
1784257938.847126,WAITING_FOR_ARM,RESETTING,,0,491336,True,214,1,1.0,0,True,acquired,,0,324.72003532677263,176.6174615190512,1321.0,"[{""bbox"": [306, 158, 38, 38], ""centroid"": [324.72003532677263, 176.6174615190512], ""area_px"": 1321.0, ""has_hole"": true}]",0.0,0.0,0.0,0.0
1784257938.8668916,WAITING_FOR_ARM,RESETTING,,0,491337,True,217,1,0.9917907221680787,0,False,,0.008209277831921215,0,324.6596980255517,176.93986320815588,1291.5,"[{""bbox"": [306, 158, 38, 38], ""centroid"": [324.6596980255517, 176.93986320815588], ""area_px"": 1291.5, ""has_hole"": true}]",0.0,0.0,0.0,0.0
1784257938.8867688,WAITING_FOR_ARM,RESETTING,,0,491337,True,221,1,1.0,0,True,acquired,,0,324.6596980255517,176.93986320815588,1291.5,"[{""bbox"": [306, 158, 38, 38], ""centroid"": [324.6596980255517, 176.93986320815588], ""area_px"": 1291.5, ""has_hole"": true}]",0.0,0.0,0.0,0.0
1784257938.9069026,WAITING_FOR_ARM,RESETTING,,0,491338,True,223,1,1.0,0,True,acquired,,0,324.69454078355807,176.92280025690428,1297.5,"[{""bbox"": [306, 158, 38, 38], ""centroid"": [324.69454078355807, 176.92280025690428], ""area_px"": 1297.5, ""has_hole"": true}]",0.0,0.0,0.0,0.0
1784257938.9265773,WAITING_FOR_ARM,RESETTING,,0,491338,True,227,1,1.0,0,True,acquired,,0,324.69454078355807,176.92280025690428,1297.5,"[{""bbox"": [306, 158, 38, 38], ""centroid"": [324.69454078355807, 176.92280025690428], ""area_px"": 1297.5, ""has_hole"": true}]",0.0,0.0,0.0,0.0
1784257938.9466321,WAITING_FOR_ARM,RESETTING,,0,491339,True,229,1,1.0,0,True,acquired,,0,324.8346094946401,176.82656967840734,1306.0,"[{""bbox"": [306, 158, 38, 38], ""centroid"": [324.8346094946401, 176.82656967840734], ""area_px"": 1306.0, ""has_hole"": true}]",0.0,0.0,0.0,0.0
1784257938.9675333,WAITING_FOR_ARM,RESETTING,,0,491339,True,231,1,1.0,0,True,acquired,,0,324.8346094946401,176.82656967840734,1306.0,"[{""bbox"": [306, 158, 38, 38], ""centroid"": [324.8346094946401, 176.82656967840734], ""area_px"": 1306.0, ""has_hole"": true}]",0.0,0.0,0.0,0.0
1784257938.9865117,WAITING_FOR_ARM,RESETTING,,0,491340,True,233,1,1.0,0,True,acquired,,0,324.9177718832891,176.67424529493493,1319.5,"[{""bbox"": [306, 158, 38, 38], ""centroid"": [324.9177718832891, 176.67424529493493], ""area_px"": 1319.5, ""has_hole"": true}]",0.0,0.0,0.0,0.0
1784257939.0064557,WAITING_FOR_ARM,RESETTING,,0,491341,True,235,1,0.9978426594978779,0,False,,0.002157340502122131,0,324.92567482736973,176.59322033898306,1327.5,"[{""bbox"": [306, 158, 38, 38], ""centroid"": [324.92567482736973, 176.59322033898306], ""area_px"": 1327.5, ""has_hole"": true}]",0.0,0.0,0.0,0.0
1784257939.0267649,WAITING_FOR_ARM,RESETTING,,0,491341,True,238,1,1.0,0,True,acquired,,0,324.92567482736973,176.59322033898306,1327.5,"[{""bbox"": [306, 158, 38, 38], ""centroid"": [324.92567482736973, 176.59322033898306], ""area_px"": 1327.5, ""has_hole"": true}]",0.0,0.0,0.0,0.0
1784257939.0466683,WAITING_FOR_ARM,RESETTING,,0,491342,True,241,1,1.0,0,True,acquired,,0,325.33556095585254,178.12677197245847,823.0,"[{""bbox"": [306, 158, 38, 38], ""centroid"": [325.33556095585254, 178.12677197245847], ""area_px"": 823.0, ""has_hole"": false}]",0.0,0.0,0.0,0.0
1784257939.066712,WAITING_FOR_ARM,RESETTING,,0,491342,True,244,1,1.0,0,True,acquired,,0,325.33556095585254,178.12677197245847,823.0,"[{""bbox"": [306, 158, 38, 38], ""centroid"": [325.33556095585254, 178.12677197245847], ""area_px"": 823.0, ""has_hole"": false}]",0.0,0.0,0.0,0.0
1784257939.0868194,WAITING_FOR_ARM,RESETTING,,0,491343,True,246,1,1.0,0,True,acquired,,0,325.4267177196341,178.7721761327377,783.5,"[{""bbox"": [306, 158, 38, 38], ""centroid"": [325.4267177196341, 178.7721761327377], ""area_px"": 783.5, ""has_hole"": false}]",0.0,0.0,0.0,0.0
1784257939.106797,WAITING_FOR_ARM,RESETTING,,0,491344,True,248,1,1.0,0,True,acquired,,0,325.3333333333333,178.59879242140326,800.5,"[{""bbox"": [306, 158, 38, 38], ""centroid"": [325.3333333333333, 178.59879242140326], ""area_px"": 800.5, ""has_hole"": false}]",0.0,0.0,0.0,0.0
1784257939.127342,WAITING_FOR_ARM,RESETTING,,0,491344,True,251,1,1.0,0,True,acquired,,0,325.3333333333333,178.59879242140326,800.5,"[{""bbox"": [306, 158, 38, 38], ""centroid"": [325.3333333333333, 178.59879242140326], ""area_px"": 800.5, ""has_hole"": false}]",0.0,0.0,0.0,0.0
1784257939.1466954,WAITING_FOR_ARM,RESETTING,,0,491345,True,253,1,1.0,0,True,acquired,,0,324.8692077727952,176.4906576980568,1338.0,"[{""bbox"": [306, 158, 38, 38], ""centroid"": [324.8692077727952, 176.4906576980568], ""area_px"": 1338.0, ""has_hole"": true}]",0.0,0.0,0.0,0.0
1784257939.1665635,WAITING_FOR_ARM,RESETTING,,0,491346,True,255,1,0.9981392078057394,0,False,,0.0018607921942605536,0,324.9358878036564,176.47357876283493,1331.0,"[{""bbox"": [306, 158, 38, 38], ""centroid"": [324.9358878036564, 176.47357876283493], ""area_px"": 1331.0, ""has_hole"": true}]",0.0,0.0,0.0,0.0
1784257939.1866426,WAITING_FOR_ARM,RESETTING,,0,491346,True,258,1,1.0,0,True,acquired,,0,324.9358878036564,176.47357876283493,1331.0,"[{""bbox"": [306, 158, 38, 38], ""centroid"": [324.9358878036564, 176.47357876283493], ""area_px"": 1331.0, ""has_hole"": true}]",0.0,0.0,0.0,0.0
1784257939.2066045,WAITING_FOR_ARM,RESETTING,,0,491347,True,260,1,1.0,0,True,acquired,,0,324.9310861423221,176.47865168539326,1335.0,"[{""bbox"": [306, 158, 38, 38], ""centroid"": [324.9310861423221, 176.47865168539326], ""area_px"": 1335.0, ""has_hole"": true}]",0.0,0.0,0.0,0.0
1784257939.2273076,WAITING_FOR_ARM,RESETTING,,0,491348,True,261,1,0.9996330827166903,0,False,,0.00036691728330977454,0,324.9226636681659,176.45402298850573,1334.0,"[{""bbox"": [306, 158, 38, 38], ""centroid"": [324.9226636681659, 176.45402298850573], ""area_px"": 1334.0, ""has_hole"": true}]",0.0,0.0,0.0,0.0
1784257939.247351,WAITING_FOR_ARM,RESETTING,,0,491348,True,263,1,1.0,0,True,acquired,,0,324.9226636681659,176.45402298850573,1334.0,"[{""bbox"": [306, 158, 38, 38], ""centroid"": [324.9226636681659, 176.45402298850573], ""area_px"": 1334.0, ""has_hole"": true}]",0.0,0.0,0.0,0.0
1784257939.2669094,WAITING_FOR_ARM,RESETTING,,0,491348,True,264,1,1.0,0,True,acquired,,0,324.9226636681659,176.45402298850573,1334.0,"[{""bbox"": [306, 158, 38, 38], ""centroid"": [324.9226636681659, 176.45402298850573], ""area_px"": 1334.0, ""has_hole"": true}]",0.0,0.0,0.0,0.0
1784257939.2864177,WAITING_FOR_ARM,RESETTING,,0,491349,True,265,1,1.0,0,True,acquired,,0,324.90351533283473,176.5018698578908,1337.0,"[{""bbox"": [306, 158, 38, 38], ""centroid"": [324.90351533283473, 176.5018698578908], ""area_px"": 1337.0, ""has_hole"": true}]",0.0,0.0,0.0,0.0
1784257939.3072238,WAITING_FOR_ARM,RESETTING,,0,491350,True,266,1,1.0,0,True,acquired,,0,324.94502748625683,176.49325337331334,1334.0,"[{""bbox"": [306, 158, 38, 38], ""centroid"": [324.94502748625683, 176.49325337331334], ""area_px"": 1334.0, ""has_hole"": true}]",0.0,0.0,0.0,0.0
1784257939.326702,WAITING_FOR_ARM,RESETTING,,0,491350,True,268,1,1.0,0,True,acquired,,0,324.94502748625683,176.49325337331334,1334.0,"[{""bbox"": [306, 158, 38, 38], ""centroid"": [324.94502748625683, 176.49325337331334], ""area_px"": 1334.0, ""has_hole"": true}]",0.0,0.0,0.0,0.0
1784257939.3471332,WAITING_FOR_ARM,RESETTING,,0,491351,True,270,1,1.0,0,True,acquired,,0,324.86218905472634,176.42014925373135,1340.0,"[{""bbox"": [306, 158, 38, 38], ""centroid"": [324.86218905472634, 176.42014925373135], ""area_px"": 1340.0, ""has_hole"": true}]",0.0,0.0,0.0,0.0
1784257939.3667223,WAITING_FOR_ARM,RESETTING,,0,491351,True,271,1,1.0,0,True,acquired,,0,324.86218905472634,176.42014925373135,1340.0,"[{""bbox"": [306, 158, 38, 38], ""centroid"": [324.86218905472634, 176.42014925373135], ""area_px"": 1340.0, ""has_hole"": true}]",0.0,0.0,0.0,0.0
1784257939.3868387,WAITING_FOR_ARM,RESETTING,,0,491352,True,272,1,1.0,0,True,acquired,,0,324.8760268857356,176.45407020164302,1339.0,"[{""bbox"": [306, 158, 38, 38], ""centroid"": [324.8760268857356, 176.45407020164302], ""area_px"": 1339.0, ""has_hole"": true}]",0.0,0.0,0.0,0.0
1784257939.4068534,WAITING_FOR_ARM,RESETTING,,0,491352,True,275,1,1.0,0,True,acquired,,0,324.8760268857356,176.45407020164302,1339.0,"[{""bbox"": [306, 158, 38, 38], ""centroid"": [324.8760268857356, 176.45407020164302], ""area_px"": 1339.0, ""has_hole"": true}]",0.0,0.0,0.0,0.0
1784257939.42679,WAITING_FOR_ARM,RESETTING,,0,491352,True,277,1,1.0,0,True,acquired,,0,324.8760268857356,176.45407020164302,1339.0,"[{""bbox"": [306, 158, 38, 38], ""centroid"": [324.8760268857356, 176.45407020164302], ""area_px"": 1339.0, ""has_hole"": true}]",0.0,0.0,0.0,0.0
1784257939.4466457,WAITING_FOR_ARM,RESETTING,,0,491354,True,278,1,0.9997045994230742,0,False,,0.0002954005769257334,0,324.9171656686627,176.4498502994012,1336.0,"[{""bbox"": [306, 158, 38, 38], ""centroid"": [324.9171656686627, 176.4498502994012], ""area_px"": 1336.0, ""has_hole"": true}]",0.0,0.0,0.0,0.0
1784257939.466343,WAITING_FOR_ARM,RESETTING,,0,491355,True,280,1,0.9994078721763204,0,False,,0.0005921278236796222,0,324.88963627304435,176.46038863976085,1338.0,"[{""bbox"": [306, 158, 38, 38], ""centroid"": [324.88963627304435, 176.46038863976085], ""area_px"": 1338.0, ""has_hole"": true}]",0.0,0.0,0.0,0.0
1784257939.4872966,WAITING_FOR_ARM,RESETTING,,0,491355,True,283,1,1.0,0,True,acquired,,0,324.88963627304435,176.46038863976085,1338.0,"[{""bbox"": [306, 158, 38, 38], ""centroid"": [324.88963627304435, 176.46038863976085], ""area_px"": 1338.0, ""has_hole"": true}]",0.0,0.0,0.0,0.0
1784257939.5067399,WAITING_FOR_ARM,RESETTING,,0,491356,True,285,1,0.9990935154859912,0,False,,0.0009064845140087819,0,324.84849614715387,176.43698732289337,1341.0,"[{""bbox"": [306, 158, 38, 38], ""centroid"": [324.84849614715387, 176.43698732289337], ""area_px"": 1341.0, ""has_hole"": true}]",0.0,0.0,0.0,0.0
1784257939.5267034,WAITING_FOR_ARM,RESETTING,,0,491357,True,287,1,1.0,0,True,acquired,,0,324.834823646299,176.4307004470939,1342.0,"[{""bbox"": [306, 158, 38, 38], ""centroid"": [324.834823646299, 176.4307004470939], ""area_px"": 1342.0, ""has_hole"": true}]",0.0,0.0,0.0,0.0
1784257939.5463843,WAITING_FOR_ARM,RESETTING,,0,491357,True,290,1,1.0,0,True,acquired,,0,324.834823646299,176.4307004470939,1342.0,"[{""bbox"": [306, 158, 38, 38], ""centroid"": [324.834823646299, 176.4307004470939], ""area_px"": 1342.0, ""has_hole"": true}]",0.0,0.0,0.0,0.0
1784257939.5664027,WAITING_FOR_ARM,RESETTING,,0,491357,True,292,1,1.0,0,True,acquired,,0,324.834823646299,176.4307004470939,1342.0,"[{""bbox"": [306, 158, 38, 38], ""centroid"": [324.834823646299, 176.4307004470939], ""area_px"": 1342.0, ""has_hole"": true}]",0.0,0.0,0.0,0.0
1784257939.5869815,WAITING_FOR_ARM,RESETTING,,0,491358,True,294,1,1.0,0,True,acquired,,0,324.84850746268654,176.40696517412934,1340.0,"[{""bbox"": [306, 158, 38, 38], ""centroid"": [324.84850746268654, 176.40696517412934], ""area_px"": 1340.0, ""has_hole"": true}]",0.0,0.0,0.0,0.0
1784257939.606457,WAITING_FOR_ARM,RESETTING,,0,491359,True,295,1,1.0,0,True,acquired,,0,324.8620861339308,176.40278815036095,1339.0,"[{""bbox"": [306, 158, 38, 38], ""centroid"": [324.8620861339308, 176.40278815036095], ""area_px"": 1339.0, ""has_hole"": true}]",0.0,0.0,0.0,0.0
1784257939.6266465,WAITING_FOR_ARM,RESETTING,,0,491359,True,298,1,1.0,0,True,acquired,,0,324.8620861339308,176.40278815036095,1339.0,"[{""bbox"": [306, 158, 38, 38], ""centroid"": [324.8620861339308, 176.40278815036095], ""area_px"": 1339.0, ""has_hole"": true}]",0.0,0.0,0.0,0.0
1784257939.6466413,WAITING_FOR_ARM,RESETTING,,0,491360,True,299,1,0.9994264516471846,0,False,,0.0005735483528154241,0,324.88976083707024,176.45515695067266,1338.0,"[{""bbox"": [306, 158, 38, 38], ""centroid"": [324.88976083707024, 176.45515695067266], ""area_px"": 1338.0, ""has_hole"": true}]",0.0,0.0,0.0,0.0
1784257939.6664302,WAITING_FOR_ARM,RESETTING,,0,491361,True,301,1,1.0,0,True,acquired,,0,324.84849614715387,176.42356450410142,1341.0,"[{""bbox"": [306, 158, 38, 38], ""centroid"": [324.84849614715387, 176.42356450410142], ""area_px"": 1341.0, ""has_hole"": true}]",0.0,0.0,0.0,0.0
1784257939.6868026,WAITING_FOR_ARM,RESETTING,,0,491361,True,304,1,1.0,0,True,acquired,,0,324.84849614715387,176.42356450410142,1341.0,"[{""bbox"": [306, 158, 38, 38], ""centroid"": [324.84849614715387, 176.42356450410142], ""area_px"": 1341.0, ""has_hole"": true}]",0.0,0.0,0.0,0.0
1784257939.7065501,WAITING_FOR_ARM,RESETTING,,0,491361,True,306,1,1.0,0,True,acquired,,0,324.84849614715387,176.42356450410142,1341.0,"[{""bbox"": [306, 158, 38, 38], ""centroid"": [324.84849614715387, 176.42356450410142], ""area_px"": 1341.0, ""has_hole"": true}]",0.0,0.0,0.0,0.0
1784257939.726625,WAITING_FOR_ARM,RESETTING,,0,491363,True,307,1,0.9999767445905609,0,False,,2.3255409439157478e-05,0,324.8349478390462,176.42026825633383,1342.0,"[{""bbox"": [306, 158, 38, 38], ""centroid"": [324.8349478390462, 176.42026825633383], ""area_px"": 1342.0, ""has_hole"": true}]",0.0,0.0,0.0,0.0
1784257939.7464736,WAITING_FOR_ARM,RESETTING,,0,491363,True,309,1,1.0,0,True,acquired,,0,324.8349478390462,176.42026825633383,1342.0,"[{""bbox"": [306, 158, 38, 38], ""centroid"": [324.8349478390462, 176.42026825633383], ""area_px"": 1342.0, ""has_hole"": true}]",0.0,0.0,0.0,0.0
1784257939.7667544,WAITING_FOR_ARM,RESETTING,,0,491363,True,312,1,1.0,0,True,acquired,,0,324.8349478390462,176.42026825633383,1342.0,"[{""bbox"": [306, 158, 38, 38], ""centroid"": [324.8349478390462, 176.42026825633383], ""area_px"": 1342.0, ""has_hole"": true}]",0.0,0.0,0.0,0.0
1784257939.7866693,WAITING_FOR_ARM,RESETTING,,0,491365,True,313,1,0.9995241606361339,0,False,,0.0004758393638661186,0,324.87590241473737,176.46153846153845,1339.0,"[{""bbox"": [306, 158, 38, 38], ""centroid"": [324.87590241473737, 176.46153846153845], ""area_px"": 1339.0, ""has_hole"": true}]",0.0,0.0,0.0,0.0
1784257939.8066766,WAITING_FOR_ARM,RESETTING,,0,491365,True,315,1,1.0,0,True,acquired,,0,324.87590241473737,176.46153846153845,1339.0,"[{""bbox"": [306, 158, 38, 38], ""centroid"": [324.87590241473737, 176.46153846153845], ""area_px"": 1339.0, ""has_hole"": true}]",0.0,0.0,0.0,0.0
1784257939.8267121,WAITING_FOR_ARM,RESETTING,,0,491365,True,318,1,1.0,0,True,acquired,,0,324.87590241473737,176.46153846153845,1339.0,"[{""bbox"": [306, 158, 38, 38], ""centroid"": [324.87590241473737, 176.46153846153845], ""area_px"": 1339.0, ""has_hole"": true}]",0.0,0.0,0.0,0.0
1784257939.8475764,WAITING_FOR_ARM,RESETTING,,0,491366,True,319,1,0.9756309680229486,0,False,,0.024369031977051404,0,324.71175776641763,177.24446192161489,1271.5,"[{""bbox"": [306, 159, 38, 37], ""centroid"": [324.71175776641763, 177.24446192161489], ""area_px"": 1271.5, ""has_hole"": true}]",0.0,0.0,0.0,0.0
1784257939.8679385,WAITING_FOR_ARM,RESETTING,,0,491366,True,321,1,1.0,0,True,acquired,,0,324.71175776641763,177.24446192161489,1271.5,"[{""bbox"": [306, 159, 38, 37], ""centroid"": [324.71175776641763, 177.24446192161489], ""area_px"": 1271.5, ""has_hole"": true}]",0.0,0.0,0.0,0.0
1784257939.8871129,WAITING_FOR_ARM,RESETTING,,0,491367,True,322,1,1.0,0,True,acquired,,0,324.7240600504849,177.4979407466454,1254.5,"[{""bbox"": [306, 159, 38, 37], ""centroid"": [324.7240600504849, 177.4979407466454], ""area_px"": 1254.5, ""has_hole"": true}]",0.0,0.0,0.0,0.0
1784257939.907022,WAITING_FOR_ARM,RESETTING,,0,491367,True,324,1,1.0,0,True,acquired,,0,324.7240600504849,177.4979407466454,1254.5,"[{""bbox"": [306, 159, 38, 37], ""centroid"": [324.7240600504849, 177.4979407466454], ""area_px"": 1254.5, ""has_hole"": true}]",0.0,0.0,0.0,0.0
1784257939.9271824,WAITING_FOR_ARM,RESETTING,,0,491368,True,325,1,1.0,0,True,acquired,,0,324.734061194231,177.81035179943387,1236.5,"[{""bbox"": [306, 159, 38, 37], ""centroid"": [324.734061194231, 177.81035179943387], ""area_px"": 1236.5, ""has_hole"": true}]",0.0,0.0,0.0,0.0
1784257939.9464967,WAITING_FOR_ARM,RESETTING,,0,491369,True,326,1,1.0,0,True,acquired,,0,324.8631220177232,178.0081799591002,1222.5,"[{""bbox"": [306, 159, 38, 37], ""centroid"": [324.8631220177232, 178.0081799591002], ""area_px"": 1222.5, ""has_hole"": true}]",0.0,0.0,0.0,0.0
1784257939.971601,WAITING_FOR_ARM,RESETTING,,0,491369,True,329,1,1.0,0,True,acquired,,0,324.8631220177232,178.0081799591002,1222.5,"[{""bbox"": [306, 159, 38, 37], ""centroid"": [324.8631220177232, 178.0081799591002], ""area_px"": 1222.5, ""has_hole"": true}]",0.0,0.0,0.0,0.0
1784257939.9865746,WAITING_FOR_ARM,RESETTING,,0,491369,True,330,1,1.0,0,True,acquired,,0,324.8631220177232,178.0081799591002,1222.5,"[{""bbox"": [306, 159, 38, 37], ""centroid"": [324.8631220177232, 178.0081799591002], ""area_px"": 1222.5, ""has_hole"": true}]",0.0,0.0,0.0,0.0
1784257940.0088394,WAITING_FOR_ARM,RESETTING,,0,491370,True,331,1,1.0,0,True,acquired,,0,324.9392076502732,178.023087431694,1220.0,"[{""bbox"": [306, 159, 38, 37], ""centroid"": [324.9392076502732, 178.023087431694], ""area_px"": 1220.0, ""has_hole"": true}]",0.0,0.0,0.0,0.0
1784257940.0269973,WAITING_FOR_ARM,RESETTING,,0,491371,True,331,1,0.997954718747659,0,False,,0.002045281252341074,0,324.9684868242325,177.95123607715294,1227.0,"[{""bbox"": [306, 159, 38, 37], ""centroid"": [324.9684868242325, 177.95123607715294], ""area_px"": 1227.0, ""has_hole"": true}]",0.0,0.0,0.0,0.0
1784257940.0467417,WAITING_FOR_ARM,RESETTING,,0,491372,True,332,2,0.8124561341240537,0,False,,0.18754386587594624,0,325.55209106656764,181.73298688443452,673.5,"[{""bbox"": [306, 159, 38, 37], ""centroid"": [325.55209106656764, 181.73298688443452], ""area_px"": 673.5, ""has_hole"": false}, {""bbox"": [328, 210, 18, 20], ""centroid"": [336.75731981981977, 219.59740990990989], ""area_px"": 296.0, ""has_hole"": true}]",0.0,0.0,0.0,0.0
1784257940.066804,WAITING_FOR_ARM,RESETTING,,0,491372,True,334,2,1.0,0,True,acquired,,0,325.55209106656764,181.73298688443452,673.5,"[{""bbox"": [306, 159, 38, 37], ""centroid"": [325.55209106656764, 181.73298688443452], ""area_px"": 673.5, ""has_hole"": false}, {""bbox"": [328, 210, 18, 20], ""centroid"": [336.75731981981977, 219.59740990990989], ""area_px"": 296.0, ""has_hole"": true}]",0.0,0.0,0.0,0.0
1784257940.0867155,WAITING_FOR_ARM,RESETTING,,0,491373,True,335,1,0.9985125878066236,0,False,,0.0014874121933764143,0,325.57916977380063,181.76659209545116,670.5,"[{""bbox"": [306, 159, 38, 37], ""centroid"": [325.57916977380063, 181.76659209545116], ""area_px"": 670.5, ""has_hole"": false}]",0.0,0.0,0.0,0.0
1784257940.1067455,WAITING_FOR_ARM,RESETTING,,0,491374,True,337,1,1.0,0,True,acquired,,0,325.5920177383592,181.7368810051737,676.5,"[{""bbox"": [306, 159, 38, 37], ""centroid"": [325.5920177383592, 181.7368810051737], ""area_px"": 676.5, ""has_hole"": false}]",0.0,0.0,0.0,0.0
1784257940.1265745,WAITING_FOR_ARM,RESETTING,,0,491374,True,339,1,1.0,0,True,acquired,,0,325.5920177383592,181.7368810051737,676.5,"[{""bbox"": [306, 159, 38, 37], ""centroid"": [325.5920177383592, 181.7368810051737], ""area_px"": 676.5, ""has_hole"": false}]",0.0,0.0,0.0,0.0
1784257940.1659665,WAITING_FOR_ARM,RESETTING,,0,491375,True,342,1,1.0,0,True,acquired,,0,325.7891461289519,181.53746577047548,669.5,"[{""bbox"": [306, 158, 38, 38], ""centroid"": [325.7891461289519, 181.53746577047548], ""area_px"": 669.5, ""has_hole"": false}]",0.0,0.0,0.0,0.0
1784257940.170527,WAITING_FOR_ARM,RESETTING,,0,491376,True,342,1,0.9929095259196452,0,False,,0.0070904740803548,0,325.8523670082967,181.28184480234262,683.0,"[{""bbox"": [306, 158, 38, 38], ""centroid"": [325.8523670082967, 181.28184480234262], ""area_px"": 683.0, ""has_hole"": false}]",0.0,0.0,0.0,0.0
1784257940.186988,WAITING_FOR_ARM,RESETTING,,0,491376,True,343,1,1.0,0,True,acquired,,0,325.8523670082967,181.28184480234262,683.0,"[{""bbox"": [306, 158, 38, 38], ""centroid"": [325.8523670082967, 181.28184480234262], ""area_px"": 683.0, ""has_hole"": false}]",0.0,0.0,0.0,0.0
1784257940.20687,WAITING_FOR_ARM,RESETTING,,0,491377,True,344,1,1.0,0,True,acquired,,0,325.9220779220779,181.05868205868205,693.0,"[{""bbox"": [306, 158, 38, 38], ""centroid"": [325.9220779220779, 181.05868205868205], ""area_px"": 693.0, ""has_hole"": false}]",0.0,0.0,0.0,0.0
1784257940.226531,WAITING_FOR_ARM,RESETTING,,0,491378,True,346,1,0.9984429935101934,0,False,,0.0015570064898065665,0,325.7775377969762,181.00287976961843,694.5,"[{""bbox"": [306, 158, 38, 38], ""centroid"": [325.7775377969762, 181.00287976961843], ""area_px"": 694.5, ""has_hole"": false}]",0.0,0.0,0.0,0.0
1784257940.2466764,WAITING_FOR_ARM,RESETTING,,0,491378,True,348,1,1.0,0,True,acquired,,0,325.7775377969762,181.00287976961843,694.5,"[{""bbox"": [306, 158, 38, 38], ""centroid"": [325.7775377969762, 181.00287976961843], ""area_px"": 694.5, ""has_hole"": false}]",0.0,0.0,0.0,0.0
1784257940.2669852,WAITING_FOR_ARM,RESETTING,,0,491379,True,350,1,1.0,0,True,acquired,,0,325.55719392314563,179.8348972296693,746.0,"[{""bbox"": [306, 159, 38, 37], ""centroid"": [325.55719392314563, 179.8348972296693], ""area_px"": 746.0, ""has_hole"": false}]",0.0,0.0,0.0,0.0
1784257940.2867148,WAITING_FOR_ARM,RESETTING,,0,491379,True,352,1,1.0,0,True,acquired,,0,325.55719392314563,179.8348972296693,746.0,"[{""bbox"": [306, 159, 38, 37], ""centroid"": [325.55719392314563, 179.8348972296693], ""area_px"": 746.0, ""has_hole"": false}]",0.0,0.0,0.0,0.0
1784257940.3068786,WAITING_FOR_ARM,RESETTING,,0,491380,True,354,1,1.0,0,True,acquired,,0,325.64579124579126,179.61863075196405,742.5,"[{""bbox"": [306, 159, 38, 37], ""centroid"": [325.64579124579126, 179.61863075196405], ""area_px"": 742.5, ""has_hole"": false}]",0.0,0.0,0.0,0.0
1784257940.326808,WAITING_FOR_ARM,RESETTING,,0,491381,True,355,1,0.9910083323057723,0,False,,0.008991667694227665,0,325.60248723073505,179.4972240728403,750.5,"[{""bbox"": [306, 158, 38, 38], ""centroid"": [325.60248723073505, 179.4972240728403], ""area_px"": 750.5, ""has_hole"": false}]",0.0,0.0,0.0,0.0
1784257940.3472483,WAITING_FOR_ARM,RESETTING,,0,491381,True,358,1,1.0,0,True,acquired,,0,325.60248723073505,179.4972240728403,750.5,"[{""bbox"": [306, 158, 38, 38], ""centroid"": [325.60248723073505, 179.4972240728403], ""area_px"": 750.5, ""has_hole"": false}]",0.0,0.0,0.0,0.0
1784257940.36656,WAITING_FOR_ARM,RESETTING,,0,491382,True,360,1,1.0,0,True,acquired,,0,325.5809146877748,179.3357519788918,758.0,"[{""bbox"": [306, 158, 38, 38], ""centroid"": [325.5809146877748, 179.3357519788918], ""area_px"": 758.0, ""has_hole"": false}]",0.0,0.0,0.0,0.0
1784257940.3865454,WAITING_FOR_ARM,RESETTING,,0,491382,True,363,1,1.0,0,True,acquired,,0,325.5809146877748,179.3357519788918,758.0,"[{""bbox"": [306, 158, 38, 38], ""centroid"": [325.5809146877748, 179.3357519788918], ""area_px"": 758.0, ""has_hole"": false}]",0.0,0.0,0.0,0.0
1784257940.4064367,WAITING_FOR_ARM,RESETTING,,0,491383,True,365,1,1.0,0,True,acquired,,0,325.2456643452137,177.90400109244842,1220.5,"[{""bbox"": [306, 158, 38, 38], ""centroid"": [325.2456643452137, 177.90400109244842], ""area_px"": 1220.5, ""has_hole"": true}]",0.0,0.0,0.0,0.0
1784257940.4264936,WAITING_FOR_ARM,RESETTING,,0,491383,True,367,1,1.0,0,True,acquired,,0,325.2456643452137,177.90400109244842,1220.5,"[{""bbox"": [306, 158, 38, 38], ""centroid"": [325.2456643452137, 177.90400109244842], ""area_px"": 1220.5, ""has_hole"": true}]",0.0,0.0,0.0,0.0
1784257940.4474044,WAITING_FOR_ARM,RESETTING,,0,491384,True,369,1,1.0,0,True,acquired,,0,325.2421254450835,177.92686935086277,1217.0,"[{""bbox"": [306, 158, 38, 38], ""centroid"": [325.2421254450835, 177.92686935086277], ""area_px"": 1217.0, ""has_hole"": true}]",0.0,0.0,0.0,0.0
1784257940.467047,WAITING_FOR_ARM,RESETTING,,0,491385,True,370,1,0.9981693945123251,0,False,,0.0018306054876748388,0,325.2193779245802,178.00068813652626,1211.0,"[{""bbox"": [306, 158, 38, 38], ""centroid"": [325.2193779245802, 178.00068813652626], ""area_px"": 1211.0, ""has_hole"": true}]",0.0,0.0,0.0,0.0
1784257940.4865427,WAITING_FOR_ARM,RESETTING,,0,491385,True,373,1,1.0,0,True,acquired,,0,325.2193779245802,178.00068813652626,1211.0,"[{""bbox"": [306, 158, 38, 38], ""centroid"": [325.2193779245802, 178.00068813652626], ""area_px"": 1211.0, ""has_hole"": true}]",0.0,0.0,0.0,0.0
1784257940.5067685,WAITING_FOR_ARM,RESETTING,,0,491386,True,374,1,0.9993179797389168,0,False,,0.0006820202610832414,0,325.22277159730805,177.9818706221673,1213.5,"[{""bbox"": [306, 158, 38, 38], ""centroid"": [325.22277159730805, 177.9818706221673], ""area_px"": 1213.5, ""has_hole"": true}]",0.0,0.0,0.0,0.0
1784257940.5265772,WAITING_FOR_ARM,RESETTING,,0,491386,True,377,1,1.0,0,True,acquired,,0,325.22277159730805,177.9818706221673,1213.5,"[{""bbox"": [306, 158, 38, 38], ""centroid"": [325.22277159730805, 177.9818706221673], ""area_px"": 1213.5, ""has_hole"": true}]",0.0,0.0,0.0,0.0
1784257940.5463545,WAITING_FOR_ARM,RESETTING,,0,491387,True,379,1,1.0,0,True,acquired,,0,325.21595465228813,177.97041338310518,1205.5,"[{""bbox"": [306, 158, 38, 38], ""centroid"": [325.21595465228813, 177.97041338310518], ""area_px"": 1205.5, ""has_hole"": true}]",0.0,0.0,0.0,0.0
1784257940.5667095,WAITING_FOR_ARM,RESETTING,,0,491387,True,381,1,1.0,0,True,acquired,,0,325.21595465228813,177.97041338310518,1205.5,"[{""bbox"": [306, 158, 38, 38], ""centroid"": [325.21595465228813, 177.97041338310518], ""area_px"": 1205.5, ""has_hole"": true}]",0.0,0.0,0.0,0.0
1784257940.5868623,WAITING_FOR_ARM,RESETTING,,0,491388,True,383,1,1.0,0,True,acquired,,0,325.5594298245614,179.08947368421053,760.0,"[{""bbox"": [306, 158, 38, 38], ""centroid"": [325.5594298245614, 179.08947368421053], ""area_px"": 760.0, ""has_hole"": false}]",0.0,0.0,0.0,0.0
1784257940.606629,WAITING_FOR_ARM,RESETTING,,0,491389,True,384,1,0.9935190951170587,0,False,,0.006480904882941277,0,325.6335776149234,179.57228514323785,750.5,"[{""bbox"": [306, 158, 38, 38], ""centroid"": [325.6335776149234, 179.57228514323785], ""area_px"": 750.5, ""has_hole"": false}]",0.0,0.0,0.0,0.0
1784257940.6269374,WAITING_FOR_ARM,RESETTING,,0,491389,True,387,1,1.0,0,True,acquired,,0,325.6335776149234,179.57228514323785,750.5,"[{""bbox"": [306, 158, 38, 38], ""centroid"": [325.6335776149234, 179.57228514323785], ""area_px"": 750.5, ""has_hole"": false}]",0.0,0.0,0.0,0.0
1784257940.6467757,AWAIT_FRESH_FRAME,RESETTING,,0,491390,True,389,1,1.0,0,True,acquired,,0,325.5341683146561,179.36079982421444,758.5,"[{""bbox"": [306, 158, 38, 38], ""centroid"": [325.5341683146561, 179.36079982421444], ""area_px"": 758.5, ""has_hole"": false}]",0.0,0.0,0.0,0.0
1784257940.6674283,ACTIVE,SETTLE,0.0,0,491390,True,390,1,1.0,0,True,acquired,,0,325.5341683146561,179.36079982421444,758.5,"[{""bbox"": [306, 158, 38, 38], ""centroid"": [325.5341683146561, 179.36079982421444], ""area_px"": 758.5, ""has_hole"": false}]",0.0,0.0,0.0,0.265
1784257940.6866648,ACTIVE,SETTLE,0.01972029998432845,0,491391,True,391,1,0.9980752740341267,0,False,,0.001924725965873391,0,325.75614035087716,179.35701754385963,760.0,"[{""bbox"": [306, 158, 38, 38], ""centroid"": [325.75614035087716, 179.35701754385963], ""area_px"": 760.0, ""has_hole"": false}]",0.0,0.0,0.0,0.265
1784257940.7073662,ACTIVE,SETTLE,0.04040789999999106,0,491391,True,394,1,1.0,0,True,acquired,,0,325.75614035087716,179.35701754385963,760.0,"[{""bbox"": [306, 158, 38, 38], ""centroid"": [325.75614035087716, 179.35701754385963], ""area_px"": 760.0, ""has_hole"": false}]",0.0,0.0,0.0,0.265
1784257940.7273624,ACTIVE,SETTLE,0.060454499965999275,0,491391,True,397,1,1.0,0,True,acquired,,0,325.75614035087716,179.35701754385963,760.0,"[{""bbox"": [306, 158, 38, 38], ""centroid"": [325.75614035087716, 179.35701754385963], ""area_px"": 760.0, ""has_hole"": false}]",0.0,0.0,0.0,0.265
1784257940.7470648,ACTIVE,SETTLE,0.07992489996831864,0,491391,True,399,1,1.0,0,True,acquired,,0,325.75614035087716,179.35701754385963,760.0,"[{""bbox"": [306, 158, 38, 38], ""centroid"": [325.75614035087716, 179.35701754385963], ""area_px"": 760.0, ""has_hole"": false}]",0.0,0.0,0.0,0.265
1784257940.7672923,ACTIVE,SETTLE,0.10039370000595227,0,491391,True,401,1,1.0,0,True,acquired,,0,325.75614035087716,179.35701754385963,760.0,"[{""bbox"": [306, 158, 38, 38], ""centroid"": [325.75614035087716, 179.35701754385963], ""area_px"": 760.0, ""has_hole"": false}]",0.0,0.0,0.0,0.265
1784257940.7872043,ACTIVE,SETTLE,0.12018839997472242,0,491391,True,403,1,1.0,0,True,acquired,,0,325.75614035087716,179.35701754385963,760.0,"[{""bbox"": [306, 158, 38, 38], ""centroid"": [325.75614035087716, 179.35701754385963], ""area_px"": 760.0, ""has_hole"": false}]",0.0,0.0,0.0,0.265
1784257940.8080406,ACTIVE,SETTLE,0.1406128999660723,0,491391,True,405,1,1.0,0,True,acquired,,0,325.75614035087716,179.35701754385963,760.0,"[{""bbox"": [306, 158, 38, 38], ""centroid"": [325.75614035087716, 179.35701754385963], ""area_px"": 760.0, ""has_hole"": false}]",0.0,0.0,0.0,0.265
1784257940.82681,ACTIVE,SETTLE,0.1599836999666877,0,491391,True,408,1,1.0,0,True,acquired,,0,325.75614035087716,179.35701754385963,760.0,"[{""bbox"": [306, 158, 38, 38], ""centroid"": [325.75614035087716, 179.35701754385963], ""area_px"": 760.0, ""has_hole"": false}]",0.0,0.0,0.0,0.265
1784257940.846571,ACTIVE,SETTLE,0.17973279999569058,0,491391,True,410,1,1.0,0,True,acquired,,0,325.75614035087716,179.35701754385963,760.0,"[{""bbox"": [306, 158, 38, 38], ""centroid"": [325.75614035087716, 179.35701754385963], ""area_px"": 760.0, ""has_hole"": false}]",0.0,0.0,0.0,0.265
1784257940.8670743,ACTIVE,SETTLE,0.20018939999863505,0,491391,True,412,1,1.0,0,True,acquired,,0,325.75614035087716,179.35701754385963,760.0,"[{""bbox"": [306, 158, 38, 38], ""centroid"": [325.75614035087716, 179.35701754385963], ""area_px"": 760.0, ""has_hole"": false}]",0.0,0.0,0.0,0.265
1784257940.8870533,ACTIVE,SETTLE,0.22002469998551533,0,491391,True,415,1,1.0,0,True,acquired,,0,325.75614035087716,179.35701754385963,760.0,"[{""bbox"": [306, 158, 38, 38], ""centroid"": [325.75614035087716, 179.35701754385963], ""area_px"": 760.0, ""has_hole"": false}]",0.0,0.0,0.0,0.265
1784257940.9067721,ACTIVE,SETTLE,0.23994599998695776,0,491391,True,418,1,1.0,0,True,acquired,,0,325.75614035087716,179.35701754385963,760.0,"[{""bbox"": [306, 158, 38, 38], ""centroid"": [325.75614035087716, 179.35701754385963], ""area_px"": 760.0, ""has_hole"": false}]",0.0,0.0,0.0,0.265
1784257940.9271078,ACTIVE,SETTLE,0.26026810001349077,0,491391,True,420,1,1.0,0,True,acquired,,0,325.75614035087716,179.35701754385963,760.0,"[{""bbox"": [306, 158, 38, 38], ""centroid"": [325.75614035087716, 179.35701754385963], ""area_px"": 760.0, ""has_hole"": false}]",0.0,0.0,0.0,0.265
1784257940.9468234,ACTIVE,SETTLE,0.2798365000053309,0,491391,True,423,1,1.0,0,True,acquired,,0,325.75614035087716,179.35701754385963,760.0,"[{""bbox"": [306, 158, 38, 38], ""centroid"": [325.75614035087716, 179.35701754385963], ""area_px"": 760.0, ""has_hole"": false}]",0.0,0.0,0.0,0.265
1784257940.9670022,ACTIVE,SETTLE,0.3001092000049539,0,491391,True,425,1,1.0,0,True,acquired,,0,325.75614035087716,179.35701754385963,760.0,"[{""bbox"": [306, 158, 38, 38], ""centroid"": [325.75614035087716, 179.35701754385963], ""area_px"": 760.0, ""has_hole"": false}]",0.0,0.0,0.0,0.265
1784257940.9871156,ACTIVE,SETTLE,0.3202638999791816,0,491391,True,427,1,1.0,0,True,acquired,,0,325.75614035087716,179.35701754385963,760.0,"[{""bbox"": [306, 158, 38, 38], ""centroid"": [325.75614035087716, 179.35701754385963], ""area_px"": 760.0, ""has_hole"": false}]",0.0,0.0,0.0,0.265
1784257941.0069718,ACTIVE,SETTLE,0.3401107999961823,0,491391,True,429,1,1.0,0,True,acquired,,0,325.75614035087716,179.35701754385963,760.0,"[{""bbox"": [306, 158, 38, 38], ""centroid"": [325.75614035087716, 179.35701754385963], ""area_px"": 760.0, ""has_hole"": false}]",0.0,0.0,0.0,0.265
1784257941.0269432,ACTIVE,SETTLE,0.36002239998197183,0,491391,True,432,1,1.0,0,True,acquired,,0,325.75614035087716,179.35701754385963,760.0,"[{""bbox"": [306, 158, 38, 38], ""centroid"": [325.75614035087716, 179.35701754385963], ""area_px"": 760.0, ""has_hole"": false}]",0.0,0.0,0.0,0.265
1784257941.048189,ACTIVE,SETTLE,0.3812459000037052,0,491391,True,434,1,1.0,0,True,acquired,,0,325.75614035087716,179.35701754385963,760.0,"[{""bbox"": [306, 158, 38, 38], ""centroid"": [325.75614035087716, 179.35701754385963], ""area_px"": 760.0, ""has_hole"": false}]",0.0,0.0,0.0,0.265
1784257941.0668228,ACTIVE,SETTLE,0.3999662999995053,0,491391,True,437,1,1.0,0,True,acquired,,0,325.75614035087716,179.35701754385963,760.0,"[{""bbox"": [306, 158, 38, 38], ""centroid"": [325.75614035087716, 179.35701754385963], ""area_px"": 760.0, ""has_hole"": false}]",0.0,0.0,0.0,0.265
1784257941.0868962,ACTIVE,SETTLE,0.42006879998371005,0,491391,True,439,1,1.0,0,True,acquired,,0,325.75614035087716,179.35701754385963,760.0,"[{""bbox"": [306, 158, 38, 38], ""centroid"": [325.75614035087716, 179.35701754385963], ""area_px"": 760.0, ""has_hole"": false}]",0.0,0.0,0.0,0.265
1784257941.11559,ACTIVE,SETTLE,0.44823929999256507,0,491392,True,442,1,0.9973150914550087,0,False,,0.0026849085449912723,0,325.47392739273926,179.4041804180418,757.5,"[{""bbox"": [306, 158, 38, 38], ""centroid"": [325.47392739273926, 179.4041804180418], ""area_px"": 757.5, ""has_hole"": false}]",0.0,0.0,0.0,0.265
1784257941.127311,ACTIVE,SETTLE,0.4602584000094794,0,491395,True,442,1,1.0,0,False,,0.0,0,325.47392739273926,179.4041804180418,757.5,"[{""bbox"": [306, 158, 38, 38], ""centroid"": [325.47392739273926, 179.4041804180418], ""area_px"": 757.5, ""has_hole"": false}]",0.0,0.0,0.0,0.265
1784257941.14706,ACTIVE,SETTLE,0.48018720000982285,0,491401,True,442,1,1.0,0,False,,0.0,0,325.47392739273926,179.4041804180418,757.5,"[{""bbox"": [306, 158, 38, 38], ""centroid"": [325.47392739273926, 179.4041804180418], ""area_px"": 757.5, ""has_hole"": false}]",0.0,0.0,0.0,0.265
1784257941.1669962,ACTIVE,CLIMB,0.5001154000055976,0,491403,True,443,1,1.0,0,True,acquired,,0,325.47392739273926,179.4041804180418,757.5,"[{""bbox"": [306, 158, 38, 38], ""centroid"": [325.47392739273926, 179.4041804180418], ""area_px"": 757.5, ""has_hole"": false}]",0.0,0.0,0.0,0.28
1784257941.1873686,ACTIVE,CLIMB,0.5203911999706179,0,491405,True,444,2,1.0,0,True,acquired,,0,325.4259887005649,183.9954802259887,590.0,"[{""bbox"": [306, 165, 38, 31], ""centroid"": [325.4259887005649, 183.9954802259887], ""area_px"": 590.0, ""has_hole"": false}, {""bbox"": [328, 210, 18, 20], ""centroid"": [336.6457300275482, 219.53443526170796], ""area_px"": 302.5, ""has_hole"": true}]",0.0,0.0,0.0,0.28
1784257941.2068179,ACTIVE,CLIMB,0.5399599999655038,0,491406,True,446,2,1.0,0,True,acquired,,0,326.07766212970375,183.01414464905255,624.5,"[{""bbox"": [306, 158, 38, 38], ""centroid"": [326.07766212970375, 183.01414464905255], ""area_px"": 624.5, ""has_hole"": false}, {""bbox"": [328, 210, 18, 20], ""centroid"": [336.70700280112044, 219.72436974789915], ""area_px"": 297.5, ""has_hole"": true}]",0.0,0.0,0.0,0.28
1784257941.2269528,ACTIVE,CLIMB,0.5599346999661066,0,491406,True,449,2,1.0,0,True,acquired,,0,326.07766212970375,183.01414464905255,624.5,"[{""bbox"": [306, 158, 38, 38], ""centroid"": [326.07766212970375, 183.01414464905255], ""area_px"": 624.5, ""has_hole"": false}, {""bbox"": [328, 210, 18, 20], ""centroid"": [336.70700280112044, 219.72436974789915], ""area_px"": 297.5, ""has_hole"": true}]",0.0,0.0,0.0,0.28
1784257941.2484906,ACTIVE,CLIMB,0.5815930999815464,0,491407,True,450,1,1.0,0,True,acquired,,0,325.95756110663444,181.7088369594413,620.5,"[{""bbox"": [306, 158, 38, 37], ""centroid"": [325.95756110663444, 181.7088369594413], ""area_px"": 620.5, ""has_hole"": false}]",0.0,0.0,0.0,0.28
1784257941.2669537,ACTIVE,CLIMB,0.5999818000127561,0,491408,True,451,1,0.9973960903557705,0,False,,0.0026039096442295622,0,325.8584,181.7296,625.0,"[{""bbox"": [306, 158, 38, 37], ""centroid"": [325.8584, 181.7296], ""area_px"": 625.0, ""has_hole"": false}]",0.0,0.0,0.0,0.28
1784257941.2874234,ACTIVE,CLIMB,0.620542699994985,0,491408,True,454,1,1.0,0,True,acquired,,0,325.8584,181.7296,625.0,"[{""bbox"": [306, 158, 38, 37], ""centroid"": [325.8584, 181.7296], ""area_px"": 625.0, ""has_hole"": false}]",0.0,0.0,0.0,0.28
1784257941.3071983,ACTIVE,CLIMB,0.6401629999745637,0,491408,True,456,1,1.0,0,True,acquired,,0,325.8584,181.7296,625.0,"[{""bbox"": [306, 158, 38, 37], ""centroid"": [325.8584, 181.7296], ""area_px"": 625.0, ""has_hole"": false}]",0.0,0.0,0.0,0.28
1784257941.3265758,ACTIVE,CLIMB,0.6597535000182688,0,491410,True,457,1,0.9840511024234837,0,False,,0.01594889757651626,0,325.6134751773049,181.73977086743045,611.0,"[{""bbox"": [306, 158, 38, 37], ""centroid"": [325.6134751773049, 181.73977086743045], ""area_px"": 611.0, ""has_hole"": false}]",0.0,0.0,0.0,0.28
1784257941.3466213,ACTIVE,CLIMB,0.6798001999850385,0,491410,True,461,1,1.0,0,True,acquired,,0,325.6134751773049,181.73977086743045,611.0,"[{""bbox"": [306, 158, 38, 37], ""centroid"": [325.6134751773049, 181.73977086743045], ""area_px"": 611.0, ""has_hole"": false}]",0.0,0.0,0.0,0.28
1784257941.366814,ACTIVE,CLIMB,0.6999993000063114,0,491410,True,464,1,1.0,0,True,acquired,,0,325.6134751773049,181.73977086743045,611.0,"[{""bbox"": [306, 158, 38, 37], ""centroid"": [325.6134751773049, 181.73977086743045], ""area_px"": 611.0, ""has_hole"": false}]",0.0,0.0,0.0,0.28
1784257941.3867712,ACTIVE,CLIMB,0.7199342999956571,0,491411,True,466,1,1.0,0,True,acquired,,0,325.2028029678483,181.7257488320967,606.5,"[{""bbox"": [306, 159, 38, 36], ""centroid"": [325.2028029678483, 181.7257488320967], ""area_px"": 606.5, ""has_hole"": false}]",0.0,0.0,0.0,0.28
1784257941.4072618,ACTIVE,CLIMB,0.7402586999814957,0,491411,True,468,1,1.0,0,True,acquired,,0,325.2028029678483,181.7257488320967,606.5,"[{""bbox"": [306, 159, 38, 36], ""centroid"": [325.2028029678483, 181.7257488320967], ""area_px"": 606.5, ""has_hole"": false}]",0.0,0.0,0.0,0.28
1784257941.427035,ACTIVE,CLIMB,0.760157499986235,0,491412,True,469,1,0.9872201259240838,0,False,,0.01277987407591616,0,324.83611331744765,181.51998940958433,629.5,"[{""bbox"": [306, 159, 38, 36], ""centroid"": [324.83611331744765, 181.51998940958433], ""area_px"": 629.5, ""has_hole"": false}]",0.0,0.0,0.0,0.28
1784257941.4469278,ACTIVE,CLIMB,0.7800393999787048,0,491413,True,471,1,1.0,0,True,acquired,,0,324.8854247856586,181.18784099766174,641.5,"[{""bbox"": [306, 158, 38, 37], ""centroid"": [324.8854247856586, 181.18784099766174], ""area_px"": 641.5, ""has_hole"": false}]",0.0,0.0,0.0,0.28
1784257941.4669816,ACTIVE,CLIMB,0.8000901999766938,0,491414,True,472,1,1.0,0,True,acquired,,0,324.4860264227642,180.92809959349592,656.0,"[{""bbox"": [306, 158, 38, 38], ""centroid"": [324.4860264227642, 180.92809959349592], ""area_px"": 656.0, ""has_hole"": false}]",0.0,0.0,0.0,0.28
1784257941.487073,ACTIVE,CLIMB,0.8201721999794245,0,491414,True,475,1,1.0,0,True,acquired,,0,324.4860264227642,180.92809959349592,656.0,"[{""bbox"": [306, 158, 38, 38], ""centroid"": [324.4860264227642, 180.92809959349592], ""area_px"": 656.0, ""has_hole"": false}]",0.0,0.0,0.0,0.28
1784257941.5071423,ACTIVE,CLIMB,0.8402857999899425,0,491415,True,477,1,0.9720403606702517,0,False,,0.027959639329748286,0,324.2406468742457,180.43301955104997,690.5,"[{""bbox"": [306, 159, 38, 36], ""centroid"": [324.2406468742457, 180.43301955104997], ""area_px"": 690.5, ""has_hole"": false}]",0.0,0.0,0.0,0.28
1784257941.5272489,ACTIVE,CLIMB,0.8603898999863304,0,491415,True,480,1,1.0,0,True,acquired,,0,324.2406468742457,180.43301955104997,690.5,"[{""bbox"": [306, 159, 38, 36], ""centroid"": [324.2406468742457, 180.43301955104997], ""area_px"": 690.5, ""has_hole"": false}]",0.0,0.0,0.0,0.28
1784257941.546955,ACTIVE,CLIMB,0.8797977999784052,0,491416,True,481,1,1.0,0,True,acquired,,0,324.3046948356807,179.9830985915493,710.0,"[{""bbox"": [306, 158, 38, 37], ""centroid"": [324.3046948356807, 179.9830985915493], ""area_px"": 710.0, ""has_hole"": false}]",0.0,0.0,0.0,0.28
1784257941.5668874,ACTIVE,CLIMB,0.9000474999775179,0,491416,True,485,1,1.0,0,True,acquired,,0,324.3046948356807,179.9830985915493,710.0,"[{""bbox"": [306, 158, 38, 37], ""centroid"": [324.3046948356807, 179.9830985915493], ""area_px"": 710.0, ""has_hole"": false}]",0.0,0.0,0.0,0.28
1784257941.586728,ACTIVE,CLIMB,0.9198649000027217,0,491417,True,486,1,1.0,0,True,acquired,,0,324.57756671189503,179.5773405698779,737.0,"[{""bbox"": [306, 158, 39, 38], ""centroid"": [324.57756671189503, 179.5773405698779], ""area_px"": 737.0, ""has_hole"": false}]",0.0,0.0,0.0,0.28
1784257941.6070735,ACTIVE,CLIMB,0.9401552000199445,0,491418,True,488,1,1.0,0,True,acquired,,0,324.897149122807,179.3004385964912,760.0,"[{""bbox"": [306, 159, 39, 37], ""centroid"": [324.897149122807, 179.3004385964912], ""area_px"": 760.0, ""has_hole"": false}]",0.0,0.0,0.0,0.28
1784257941.627054,ACTIVE,CLIMB,0.9601082999724895,0,491418,True,491,1,1.0,0,True,acquired,,0,324.897149122807,179.3004385964912,760.0,"[{""bbox"": [306, 159, 39, 37], ""centroid"": [324.897149122807, 179.3004385964912], ""area_px"": 760.0, ""has_hole"": false}]",0.0,0.0,0.0,0.28
1784257941.6468308,ACTIVE,CLIMB,0.979980300005991,0,491419,True,493,2,1.0,0,True,acquired,,0,324.9739800429455,176.65934065934067,1319.5,"[{""bbox"": [306, 158, 39, 38], ""centroid"": [324.9739800429455, 176.65934065934067], ""area_px"": 1319.5, ""has_hole"": true}, {""bbox"": [328, 210, 19, 20], ""centroid"": [337.1065830721003, 219.5219435736677], ""area_px"": 319.0, ""has_hole"": true}]",0.0,0.0,0.0,0.28
1784257941.6669729,ACTIVE,CLIMB,1.000088099972345,0,491419,True,496,2,1.0,0,True,acquired,,0,324.9739800429455,176.65934065934067,1319.5,"[{""bbox"": [306, 158, 39, 38], ""centroid"": [324.9739800429455, 176.65934065934067], ""area_px"": 1319.5, ""has_hole"": true}, {""bbox"": [328, 210, 19, 20], ""centroid"": [337.1065830721003, 219.5219435736677], ""area_px"": 319.0, ""has_hole"": true}]",0.0,0.0,0.0,0.28
1784257941.6869345,ACTIVE,CLIMB,1.0199533000122756,0,491420,True,497,2,1.0,0,True,acquired,,0,325.02,176.26123456790123,1350.0,"[{""bbox"": [306, 158, 39, 38], ""centroid"": [325.02, 176.26123456790123], ""area_px"": 1350.0, ""has_hole"": true}, {""bbox"": [328, 210, 19, 20], ""centroid"": [337.12264150943395, 219.49266247379452], ""area_px"": 318.0, ""has_hole"": true}]",0.0,0.0,0.0,0.28
1784257941.7081559,ACTIVE,CLIMB,1.0401108000078239,0,491420,True,498,2,1.0,0,True,acquired,,0,325.02,176.26123456790123,1350.0,"[{""bbox"": [306, 158, 39, 38], ""centroid"": [325.02, 176.26123456790123], ""area_px"": 1350.0, ""has_hole"": true}, {""bbox"": [328, 210, 19, 20], ""centroid"": [337.12264150943395, 219.49266247379452], ""area_px"": 318.0, ""has_hole"": true}]",0.0,0.0,0.0,0.28
1784257941.727491,ACTIVE,CLIMB,1.0601333999657072,0,491421,True,499,2,1.0,0,True,acquired,,0,324.9747084100675,176.134438305709,1357.5,"[{""bbox"": [306, 157, 39, 39], ""centroid"": [324.9747084100675, 176.134438305709], ""area_px"": 1357.5, ""has_hole"": true}, {""bbox"": [328, 210, 19, 20], ""centroid"": [337.1135646687697, 219.35436382754995], ""area_px"": 317.0, ""has_hole"": true}]",0.0,0.0,0.0,0.28
1784257941.74695,ACTIVE,CLIMB,1.0800525000086054,0,491422,True,501,2,1.0,0,True,acquired,,0,324.94656952034,175.9366120218579,1372.5,"[{""bbox"": [306, 157, 39, 39], ""centroid"": [324.94656952034, 175.9366120218579], ""area_px"": 1372.5, ""has_hole"": true}, {""bbox"": [328, 210, 20, 20], ""centroid"": [337.13811007268947, 219.45171339563862], ""area_px"": 321.0, ""has_hole"": true}]",0.0,0.0,0.0,0.28
1784257941.7666886,ACTIVE,CLIMB,1.0997724999906495,0,491422,True,503,2,1.0,0,True,acquired,,0,324.94656952034,175.9366120218579,1372.5,"[{""bbox"": [306, 157, 39, 39], ""centroid"": [324.94656952034, 175.9366120218579], ""area_px"": 1372.5, ""has_hole"": true}, {""bbox"": [328, 210, 20, 20], ""centroid"": [337.13811007268947, 219.45171339563862], ""area_px"": 321.0, ""has_hole"": true}]",0.0,0.0,0.0,0.28
1784257941.7868729,ACTIVE,CLIMB,1.1199501999653876,0,491423,True,504,2,1.0,0,True,acquired,,0,325.0120495886919,175.07113891785423,1438.5,"[{""bbox"": [306, 156, 39, 40], ""centroid"": [325.0120495886919, 175.07113891785423], ""area_px"": 1438.5, ""has_hole"": true}, {""bbox"": [328, 210, 19, 20], ""centroid"": [337.0981012658228, 219.3259493670886], ""area_px"": 316.0, ""has_hole"": true}]",0.0,0.0,0.0,0.28
1784257941.806834,ACTIVE,CLIMB,1.1399429999873973,0,491424,True,506,2,0.9947741872946715,0,False,,0.005225812705328534,0,325.00417246175243,175.05169216504402,1438.0,"[{""bbox"": [306, 156, 39, 39], ""centroid"": [325.00417246175243, 175.05169216504402], ""area_px"": 1438.0, ""has_hole"": true}, {""bbox"": [328, 210, 19, 20], ""centroid"": [337.11392405063293, 219.43565400843877], ""area_px"": 316.0, ""has_hole"": true}]",0.0,0.0,0.0,0.28
1784257941.8269494,ACTIVE,CLIMB,1.1599899000138976,0,491425,True,507,2,1.0,0,False,,0.0,0,325.00417246175243,175.05169216504402,1438.0,"[{""bbox"": [306, 156, 39, 39], ""centroid"": [325.00417246175243, 175.05169216504402], ""area_px"": 1438.0, ""has_hole"": true}, {""bbox"": [328, 210, 20, 20], ""centroid"": [337.08254963427373, 219.34430512016718], ""area_px"": 319.0, ""has_hole"": true}]",0.0,0.0,0.0,0.28
1784257941.847033,ACTIVE,CLIMB,1.1801410000189207,0,491425,True,509,2,1.0,0,True,acquired,,0,325.00417246175243,175.05169216504402,1438.0,"[{""bbox"": [306, 156, 39, 39], ""centroid"": [325.00417246175243, 175.05169216504402], ""area_px"": 1438.0, ""has_hole"": true}, {""bbox"": [328, 210, 20, 20], ""centroid"": [337.08254963427373, 219.34430512016718], ""area_px"": 319.0, ""has_hole"": true}]",0.0,0.0,0.0,0.28
1784257941.8670375,ACTIVE,CLIMB,1.1998799999710172,0,491425,True,511,2,1.0,0,True,acquired,,0,325.00417246175243,175.05169216504402,1438.0,"[{""bbox"": [306, 156, 39, 39], ""centroid"": [325.00417246175243, 175.05169216504402], ""area_px"": 1438.0, ""has_hole"": true}, {""bbox"": [328, 210, 20, 20], ""centroid"": [337.08254963427373, 219.34430512016718], ""area_px"": 319.0, ""has_hole"": true}]",0.0,0.0,0.0,0.28
1784257941.8871024,ACTIVE,CLIMB,1.220119400008116,0,491426,True,513,2,1.0,0,True,acquired,,0,325.0090340514246,175.06509149872596,1439.0,"[{""bbox"": [306, 156, 39, 40], ""centroid"": [325.0090340514246, 175.06509149872596], ""area_px"": 1439.0, ""has_hole"": true}, {""bbox"": [328, 210, 19, 20], ""centroid"": [337.0843373493976, 219.7173694779116], ""area_px"": 332.0, ""has_hole"": true}]",0.0,0.0,0.0,0.28
1784257941.9073865,ACTIVE,CLIMB,1.240202999964822,0,491427,True,514,2,1.0,0,True,acquired,,0,325.0180555555556,175.05219907407405,1440.0,"[{""bbox"": [306, 156, 39, 40], ""centroid"": [325.0180555555556, 175.05219907407405], ""area_px"": 1440.0, ""has_hole"": true}, {""bbox"": [328, 210, 19, 20], ""centroid"": [337.0670731707317, 219.827743902439], ""area_px"": 328.0, ""has_hole"": true}]",0.0,0.0,0.0,0.28
1784257941.9269311,ACTIVE,CLIMB,1.2600255999714136,0,491427,True,516,2,1.0,0,True,acquired,,0,325.0180555555556,175.05219907407405,1440.0,"[{""bbox"": [306, 156, 39, 40], ""centroid"": [325.0180555555556, 175.05219907407405], ""area_px"": 1440.0, ""has_hole"": true}, {""bbox"": [328, 210, 19, 20], ""centroid"": [337.0670731707317, 219.827743902439], ""area_px"": 328.0, ""has_hole"": true}]",0.0,0.0,0.0,0.28
1784257941.9471204,ACTIVE,CLIMB,1.2801235999795608,0,491428,True,518,2,1.0,0,True,acquired,,0,325.0027758501041,175.03932454314133,1441.0,"[{""bbox"": [306, 156, 39, 40], ""centroid"": [325.0027758501041, 175.03932454314133], ""area_px"": 1441.0, ""has_hole"": true}, {""bbox"": [328, 210, 20, 20], ""centroid"": [337.12493753123437, 219.75562218890553], ""area_px"": 333.5, ""has_hole"": true}]",0.0,0.0,0.0,0.28
1784257941.9671478,ACTIVE,CLIMB,1.3001142999855801,0,491428,True,520,2,1.0,0,True,acquired,,0,325.0027758501041,175.03932454314133,1441.0,"[{""bbox"": [306, 156, 39, 40], ""centroid"": [325.0027758501041, 175.03932454314133], ""area_px"": 1441.0, ""has_hole"": true}, {""bbox"": [328, 210, 20, 20], ""centroid"": [337.12493753123437, 219.75562218890553], ""area_px"": 333.5, ""has_hole"": true}]",0.0,0.0,0.0,0.28
1784257941.9882057,ACTIVE,CLIMB,1.3211816999828443,0,491429,True,521,2,1.0,0,True,acquired,,0,325.10650546919976,175.1251583189407,1447.5,"[{""bbox"": [306, 156, 40, 39], ""centroid"": [325.10650546919976, 175.1251583189407], ""area_px"": 1447.5, ""has_hole"": true}, {""bbox"": [328, 211, 20, 19], ""centroid"": [337.2612612612612, 220.40646528881823], ""area_px"": 314.5, ""has_hole"": true}]",0.0,0.0,0.0,0.28
1784257942.0070343,ACTIVE,CLIMB,1.3399209000053816,0,491430,True,521,2,0.9968009529043523,0,False,,0.003199047095647654,0,325.3050886220697,175.19817038307602,1457.5,"[{""bbox"": [306, 156, 40, 39], ""centroid"": [325.3050886220697, 175.19817038307602], ""area_px"": 1457.5, ""has_hole"": true}, {""bbox"": [328, 211, 20, 19], ""centroid"": [337.15862808145766, 220.33601286173632], ""area_px"": 311.0, ""has_hole"": true}]",0.0,0.0,0.0,0.28
1784257942.0280087,ACTIVE,CLIMB,1.3606486999779008,0,491430,True,523,2,1.0,0,True,acquired,,0,325.3050886220697,175.19817038307602,1457.5,"[{""bbox"": [306, 156, 40, 39], ""centroid"": [325.3050886220697, 175.19817038307602], ""area_px"": 1457.5, ""has_hole"": true}, {""bbox"": [328, 211, 20, 19], ""centroid"": [337.15862808145766, 220.33601286173632], ""area_px"": 311.0, ""has_hole"": true}]",0.0,0.0,0.0,0.28
1784257942.047815,ACTIVE,CLIMB,1.3798145999899134,0,491431,True,524,2,0.9933950407706291,0,False,,0.006604959229370896,0,325.52111692844676,175.40907504363003,1432.5,"[{""bbox"": [306, 156, 40, 39], ""centroid"": [325.52111692844676, 175.40907504363003], ""area_px"": 1432.5, ""has_hole"": true}, {""bbox"": [328, 211, 20, 19], ""centroid"": [337.17228464419475, 220.35259497057248], ""area_px"": 311.5, ""has_hole"": true}]",0.0,0.0,0.0,0.28
1784257942.0670788,ACTIVE,CLIMB,1.4001445000176318,0,491432,True,525,2,0.8210413866121937,0,False,,0.17895861338780622,0,326.06032143602584,178.4863285326654,798.5,"[{""bbox"": [306, 156, 40, 39], ""centroid"": [326.06032143602584, 178.4863285326654], ""area_px"": 798.5, ""has_hole"": false}, {""bbox"": [328, 211, 20, 19], ""centroid"": [337.16961889425653, 220.38110574342457], ""area_px"": 310.5, ""has_hole"": true}]",0.0,0.0,0.0,0.28
1784257942.087321,ACTIVE,CLIMB,1.4200977999716997,0,491432,True,527,2,1.0,0,True,acquired,,0,326.06032143602584,178.4863285326654,798.5,"[{""bbox"": [306, 156, 40, 39], ""centroid"": [326.06032143602584, 178.4863285326654], ""area_px"": 798.5, ""has_hole"": false}, {""bbox"": [328, 211, 20, 19], ""centroid"": [337.16961889425653, 220.38110574342457], ""area_px"": 310.5, ""has_hole"": true}]",0.0,0.0,0.0,0.28
1784257942.1072252,ACTIVE,CLIMB,1.44012380001368,0,491433,True,529,2,0.9725145116895056,0,False,,0.027485488310494317,0,326.194259012016,179.28015131286156,749.0,"[{""bbox"": [306, 155, 40, 40], ""centroid"": [326.194259012016, 179.28015131286156], ""area_px"": 749.0, ""has_hole"": false}, {""bbox"": [328, 211, 20, 19], ""centroid"": [337.1420243773185, 220.2803391626921], ""area_px"": 314.5, ""has_hole"": true}]",0.0,0.0,0.0,0.28
1784257942.1267984,ACTIVE,CLIMB,1.459872199979145,0,491433,True,531,2,1.0,0,True,acquired,,0,326.194259012016,179.28015131286156,749.0,"[{""bbox"": [306, 155, 40, 40], ""centroid"": [326.194259012016, 179.28015131286156], ""area_px"": 749.0, ""has_hole"": false}, {""bbox"": [328, 211, 20, 19], ""centroid"": [337.1420243773185, 220.2803391626921], ""area_px"": 314.5, ""has_hole"": true}]",0.0,0.0,0.0,0.28
1784257942.1471353,ACTIVE,CLIMB,1.4802101000095718,0,491434,True,532,2,1.0,0,True,acquired,,0,326.1191249729261,180.0686593025774,769.5,"[{""bbox"": [305, 155, 41, 41], ""centroid"": [326.1191249729261, 180.0686593025774], ""area_px"": 769.5, ""has_hole"": false}, {""bbox"": [328, 211, 19, 19], ""centroid"": [337.10289389067526, 220.2952840300107], ""area_px"": 311.0, ""has_hole"": true}]",0.0,0.0,0.0,0.28
1784257942.1680794,ACTIVE,APPROACH,1.500999599986244,0,491434,True,534,2,1.0,0,True,acquired,,0,326.1191249729261,180.0686593025774,769.5,"[{""bbox"": [305, 155, 41, 41], ""centroid"": [326.1191249729261, 180.0686593025774], ""area_px"": 769.5, ""has_hole"": false}, {""bbox"": [328, 211, 19, 19], ""centroid"": [337.10289389067526, 220.2952840300107], ""area_px"": 311.0, ""has_hole"": true}]",0.0,-0.05,0.0,0.27
1784257942.1868193,ACTIVE,APPROACH,1.5198365999967791,0,491435,True,535,2,1.0,0,True,acquired,,0,325.25969962453064,179.83875677930746,799.0,"[{""bbox"": [305, 155, 41, 41], ""centroid"": [325.25969962453064, 179.83875677930746], ""area_px"": 799.0, ""has_hole"": false}, {""bbox"": [328, 211, 19, 19], ""centroid"": [337.14285714285717, 220.3685064935065], ""area_px"": 308.0, ""has_hole"": true}]",0.0,-0.05,0.0,0.27
1784257942.206914,ACTIVE,APPROACH,1.5400010999874212,0,491436,True,536,1,0.9986769948701626,0,False,,0.0013230051298374046,0,325.32035990793054,179.8828206737811,796.5,"[{""bbox"": [305, 155, 41, 41], ""centroid"": [325.32035990793054, 179.8828206737811], ""area_px"": 796.5, ""has_hole"": false}]",0.0,-0.05,0.0,0.27
1784257942.2267888,ACTIVE,APPROACH,1.5598921999917366,0,491436,True,539,1,1.0,0,True,acquired,,0,325.32035990793054,179.8828206737811,796.5,"[{""bbox"": [305, 155, 41, 41], ""centroid"": [325.32035990793054, 179.8828206737811], ""area_px"": 796.5, ""has_hole"": false}]",0.0,-0.05,0.0,0.27
1784257942.248388,ACTIVE,APPROACH,1.5812695000204258,0,491437,True,540,1,0.975539329487445,0,False,,0.024460670512554974,0,325.5075187969925,178.97827903091058,798.0,"[{""bbox"": [304, 154, 43, 41], ""centroid"": [325.5075187969925, 178.97827903091058], ""area_px"": 798.0, ""has_hole"": false}]",0.0,-0.05,0.0,0.27
1784257942.272349,ACTIVE,APPROACH,1.6053594999830239,0,491438,True,541,1,0.9696767184488602,0,False,,0.030323281551139808,0,325.989539328103,178.10259505129753,828.5,"[{""bbox"": [305, 153, 42, 41], ""centroid"": [325.989539328103, 178.10259505129753], ""area_px"": 828.5, ""has_hole"": false}]",0.0,-0.05,0.0,0.27
1784257942.2909777,ACTIVE,APPROACH,1.6239671999937855,0,491438,True,543,1,1.0,0,True,acquired,,0,325.989539328103,178.10259505129753,828.5,"[{""bbox"": [305, 153, 42, 41], ""centroid"": [325.989539328103, 178.10259505129753], ""area_px"": 828.5, ""has_hole"": false}]",0.0,-0.05,0.0,0.27
1784257942.3068674,ACTIVE,APPROACH,1.6399249999667518,0,491438,True,545,1,1.0,0,True,acquired,,0,325.989539328103,178.10259505129753,828.5,"[{""bbox"": [305, 153, 42, 41], ""centroid"": [325.989539328103, 178.10259505129753], ""area_px"": 828.5, ""has_hole"": false}]",0.0,-0.05,0.0,0.27
1784257942.327063,ACTIVE,APPROACH,1.6600618999800645,0,491439,True,546,1,1.0,0,True,acquired,,0,325.17573629803,176.31012287887654,854.5,"[{""bbox"": [304, 151, 43, 42], ""centroid"": [325.17573629803, 176.31012287887654], ""area_px"": 854.5, ""has_hole"": false}]",0.0,-0.05,0.0,0.27
1784257942.3475785,ACTIVE,APPROACH,1.680205799988471,0,491440,True,547,2,1.0,0,True,acquired,,0,325.35105204872644,175.02639350313765,903.0,"[{""bbox"": [304, 150, 43, 42], ""centroid"": [325.35105204872644, 175.02639350313765], ""area_px"": 903.0, ""has_hole"": false}, {""bbox"": [328, 207, 20, 21], ""centroid"": [338.25728155339806, 218.21035598705498], ""area_px"": 206.0, ""has_hole"": false}]",0.0,-0.05,0.0,0.27
1784257942.366901,ACTIVE,APPROACH,1.7000272999866866,0,491440,True,549,2,1.0,0,True,acquired,,0,325.35105204872644,175.02639350313765,903.0,"[{""bbox"": [304, 150, 43, 42], ""centroid"": [325.35105204872644, 175.02639350313765], ""area_px"": 903.0, ""has_hole"": false}, {""bbox"": [328, 207, 20, 21], ""centroid"": [338.25728155339806, 218.21035598705498], ""area_px"": 206.0, ""has_hole"": false}]",0.0,-0.05,0.0,0.27
1784257942.3870893,ACTIVE,APPROACH,1.7198175999801606,0,491441,True,551,1,1.0,0,True,acquired,,0,325.3723522853958,172.5492382014121,897.0,"[{""bbox"": [304, 148, 43, 42], ""centroid"": [325.3723522853958, 172.5492382014121], ""area_px"": 897.0, ""has_hole"": false}]",0.0,-0.05,0.0,0.27
1784257942.4070575,ACTIVE,APPROACH,1.7401990999933332,0,491442,True,552,2,1.0,0,True,acquired,,0,325.61636595589573,172.11827956989245,914.5,"[{""bbox"": [304, 147, 43, 43], ""centroid"": [325.61636595589573, 172.11827956989245], ""area_px"": 914.5, ""has_hole"": false}, {""bbox"": [328, 205, 20, 21], ""centroid"": [338.0566502463054, 216.29146141215105], ""area_px"": 203.0, ""has_hole"": false}]",0.0,-0.05,0.0,0.27
1784257942.4268062,ACTIVE,APPROACH,1.759892200003378,0,491442,True,554,2,1.0,0,True,acquired,,0,325.61636595589573,172.11827956989245,914.5,"[{""bbox"": [304, 147, 43, 43], ""centroid"": [325.61636595589573, 172.11827956989245], ""area_px"": 914.5, ""has_hole"": false}, {""bbox"": [328, 205, 20, 21], ""centroid"": [338.0566502463054, 216.29146141215105], ""area_px"": 203.0, ""has_hole"": false}]",0.0,-0.05,0.0,0.27
1784257942.4468212,ACTIVE,APPROACH,1.779932799981907,0,491443,True,556,2,1.0,0,True,acquired,,0,325.5073953823954,169.88041125541125,924.0,"[{""bbox"": [304, 145, 44, 43], ""centroid"": [325.5073953823954, 169.88041125541125], ""area_px"": 924.0, ""has_hole"": false}, {""bbox"": [328, 203, 20, 21], ""centroid"": [337.86963309914125, 213.78766588602653], ""area_px"": 213.5, ""has_hole"": false}]",0.0,-0.05,0.0,0.27
1784257942.466761,ACTIVE,APPROACH,1.7997857999871485,0,491444,True,557,1,0.9814559092486398,0,False,,0.018544090751360195,0,326.33669854764435,168.6960680127524,941.0,"[{""bbox"": [304, 144, 44, 44], ""centroid"": [326.33669854764435, 168.6960680127524], ""area_px"": 941.0, ""has_hole"": false}]",0.0,-0.05,0.0,0.27
1784257942.4870694,ACTIVE,APPROACH,1.8201828000019304,0,491444,True,559,1,1.0,0,True,acquired,,0,326.33669854764435,168.6960680127524,941.0,"[{""bbox"": [304, 144, 44, 44], ""centroid"": [326.33669854764435, 168.6960680127524], ""area_px"": 941.0, ""has_hole"": false}]",0.0,-0.05,0.0,0.27
1784257942.5067775,ACTIVE,APPROACH,1.8398376000113785,0,491445,True,561,2,0.9543057596182191,0,False,,0.045694240381780986,0,325.7106282634327,166.44382684857672,989.5,"[{""bbox"": [304, 142, 44, 44], ""centroid"": [325.7106282634327, 166.44382684857672], ""area_px"": 989.5, ""has_hole"": false}, {""bbox"": [328, 201, 20, 21], ""centroid"": [337.8763308763308, 211.78132678132678], ""area_px"": 203.5, ""has_hole"": false}]",0.0,-0.05,0.0,0.27
1784257942.526831,ACTIVE,APPROACH,1.860045599984005,0,491446,True,563,2,0.9814757272797039,0,False,,0.018524272720296057,0,325.6494828161495,165.9874874874875,999.0,"[{""bbox"": [304, 140, 44, 45], ""centroid"": [325.6494828161495, 165.9874874874875], ""area_px"": 999.0, ""has_hole"": false}, {""bbox"": [328, 200, 20, 20], ""centroid"": [337.58142857142855, 209.72952380952378], ""area_px"": 350.0, ""has_hole"": true}]",0.0,-0.05,0.0,0.27
1784257942.5467372,ACTIVE,APPROACH,1.879831700003706,0,491446,True,565,2,1.0,0,True,acquired,,0,325.6494828161495,165.9874874874875,999.0,"[{""bbox"": [304, 140, 44, 45], ""centroid"": [325.6494828161495, 165.9874874874875], ""area_px"": 999.0, ""has_hole"": false}, {""bbox"": [328, 200, 20, 20], ""centroid"": [337.58142857142855, 209.72952380952378], ""area_px"": 350.0, ""has_hole"": true}]",0.0,-0.05,0.0,0.27
1784257942.5670197,ACTIVE,APPROACH,1.9001152999699116,0,491446,True,568,2,1.0,0,True,acquired,,0,325.6494828161495,165.9874874874875,999.0,"[{""bbox"": [304, 140, 44, 45], ""centroid"": [325.6494828161495, 165.9874874874875], ""area_px"": 999.0, ""has_hole"": false}, {""bbox"": [328, 200, 20, 20], ""centroid"": [337.58142857142855, 209.72952380952378], ""area_px"": 350.0, ""has_hole"": true}]",0.0,-0.05,0.0,0.27
1784257942.5870857,ACTIVE,APPROACH,1.9200988999800757,0,491447,True,569,2,1.0,0,True,acquired,,0,325.5358333333333,163.77016666666665,1000.0,"[{""bbox"": [304, 138, 44, 45], ""centroid"": [325.5358333333333, 163.77016666666665], ""area_px"": 1000.0, ""has_hole"": false}, {""bbox"": [328, 198, 20, 20], ""centroid"": [337.58142857142855, 207.72952380952378], ""area_px"": 350.0, ""has_hole"": true}]",0.0,-0.05,0.0,0.27
1784257942.6070576,ACTIVE,APPROACH,1.9401643999735825,0,491448,True,570,2,1.0,0,True,acquired,,0,325.7010543390105,162.95766423357665,1027.5,"[{""bbox"": [304, 138, 44, 44], ""centroid"": [325.7010543390105, 162.95766423357665], ""area_px"": 1027.5, ""has_hole"": false}, {""bbox"": [328, 197, 20, 21], ""centroid"": [337.57340720221606, 207.33194829178208], ""area_px"": 361.0, ""has_hole"": true}]",0.0,-0.05,0.0,0.27
1784257942.6267834,ACTIVE,APPROACH,1.9598277999903075,0,491448,True,573,2,1.0,0,True,acquired,,0,325.7010543390105,162.95766423357665,1027.5,"[{""bbox"": [304, 138, 44, 44], ""centroid"": [325.7010543390105, 162.95766423357665], ""area_px"": 1027.5, ""has_hole"": false}, {""bbox"": [328, 197, 20, 21], ""centroid"": [337.57340720221606, 207.33194829178208], ""area_px"": 361.0, ""has_hole"": true}]",0.0,-0.05,0.0,0.27
1784257942.6469088,ACTIVE,APPROACH,1.9800350000150502,0,491449,True,574,2,0.9441159164718347,0,False,,0.05588408352816526,0,326.09204440333025,160.26996608078937,1081.0,"[{""bbox"": [304, 135, 45, 45], ""centroid"": [326.09204440333025, 160.26996608078937], ""area_px"": 1081.0, ""has_hole"": false}, {""bbox"": [328, 196, 20, 20], ""centroid"": [337.5740740740741, 205.7037037037037], ""area_px"": 351.0, ""has_hole"": true}]",0.0,-0.05,0.0,0.27
1784257942.6670496,ACTIVE,APPROACH,2.000113699992653,0,491450,True,575,2,0.9859200048782772,0,False,,0.014079995121722779,0,326.22845417236664,159.34306125550995,1096.5,"[{""bbox"": [304, 134, 45, 46], ""centroid"": [326.22845417236664, 159.34306125550995], ""area_px"": 1096.5, ""has_hole"": false}, {""bbox"": [328, 195, 21, 21], ""centroid"": [337.8367721228794, 204.83677212287938], ""area_px"": 363.5, ""has_hole"": true}]",0.0,0.0,0.0,0.27
1784257942.6881895,ACTIVE,APPROACH,2.0209705000161193,0,491450,True,578,2,1.0,0,True,acquired,,0,326.22845417236664,159.34306125550995,1096.5,"[{""bbox"": [304, 134, 45, 46], ""centroid"": [326.22845417236664, 159.34306125550995], ""area_px"": 1096.5, ""has_hole"": false}, {""bbox"": [328, 195, 21, 21], ""centroid"": [337.8367721228794, 204.83677212287938], ""area_px"": 363.5, ""has_hole"": true}]",0.0,0.0,0.0,0.27
1784257942.7067714,ACTIVE,APPROACH,2.0398604999645613,0,491451,True,579,2,0.9632760944457679,0,False,,0.03672390555423212,0,325.9690166142793,156.81544678940278,1113.5,"[{""bbox"": [304, 132, 45, 46], ""centroid"": [325.9690166142793, 156.81544678940278], ""area_px"": 1113.5, ""has_hole"": false}, {""bbox"": [328, 193, 21, 21], ""centroid"": [338.12266666666665, 202.87288888888887], ""area_px"": 375.0, ""has_hole"": true}]",0.0,0.0,0.0,0.27
1784257942.7268817,ACTIVE,APPROACH,2.0599670999799855,0,491452,True,580,2,0.9941080200476984,0,False,,0.005891979952301568,0,326.03523766681656,156.6441745389114,1111.5,"[{""bbox"": [304, 131, 45, 47], ""centroid"": [326.03523766681656, 156.6441745389114], ""area_px"": 1111.5, ""has_hole"": false}, {""bbox"": [328, 193, 22, 21], ""centroid"": [338.09735307312695, 202.87707492148945], ""area_px"": 371.5, ""has_hole"": true}]",0.0,0.0,0.0,0.27
1784257942.7479308,ACTIVE,APPROACH,2.081028599990532,0,491452,True,582,2,1.0,0,True,acquired,,0,326.03523766681656,156.6441745389114,1111.5,"[{""bbox"": [304, 131, 45, 47], ""centroid"": [326.03523766681656, 156.6441745389114], ""area_px"": 1111.5, ""has_hole"": false}, {""bbox"": [328, 193, 22, 21], ""centroid"": [338.09735307312695, 202.87707492148945], ""area_px"": 371.5, ""has_hole"": true}]",0.0,0.0,0.0,0.27
1784257942.7682817,ACTIVE,APPROACH,2.1012368999654427,0,491452,True,584,2,1.0,0,True,acquired,,0,326.03523766681656,156.6441745389114,1111.5,"[{""bbox"": [304, 131, 45, 47], ""centroid"": [326.03523766681656, 156.6441745389114], ""area_px"": 1111.5, ""has_hole"": false}, {""bbox"": [328, 193, 22, 21], ""centroid"": [338.09735307312695, 202.87707492148945], ""area_px"": 371.5, ""has_hole"": true}]",0.0,0.0,0.0,0.27
1784257942.789735,ACTIVE,APPROACH,2.1228534000110812,0,491453,True,585,2,0.8303969031170897,0,False,,0.16960309688291036,0,325.8671731726487,155.114662474893,1908.5,"[{""bbox"": [303, 130, 47, 48], ""centroid"": [325.8671731726487, 155.114662474893], ""area_px"": 1908.5, ""has_hole"": true}, {""bbox"": [328, 193, 22, 21], ""centroid"": [338.2146666666667, 202.868], ""area_px"": 375.0, ""has_hole"": true}]",0.0,0.0,0.0,0.27
1784257942.807889,ACTIVE,APPROACH,2.140284499968402,0,491454,True,586,2,0.8804232437636134,0,False,,0.11957675623638668,0,325.9775641025641,155.6940438034188,1248.0,"[{""bbox"": [303, 130, 47, 48], ""centroid"": [325.9775641025641, 155.6940438034188], ""area_px"": 1248.0, ""has_hole"": false}, {""bbox"": [328, 193, 22, 21], ""centroid"": [338.17466666666667, 202.86888888888888], ""area_px"": 375.0, ""has_hole"": true}]",0.0,0.0,0.0,0.27
1784257942.8271122,ACTIVE,APPROACH,2.1602148999809287,0,491454,True,588,2,1.0,0,True,acquired,,0,325.9775641025641,155.6940438034188,1248.0,"[{""bbox"": [303, 130, 47, 48], ""centroid"": [325.9775641025641, 155.6940438034188], ""area_px"": 1248.0, ""has_hole"": false}, {""bbox"": [328, 193, 22, 21], ""centroid"": [338.17466666666667, 202.86888888888888], ""area_px"": 375.0, ""has_hole"": true}]",0.0,0.0,0.0,0.27
1784257942.8471775,ACTIVE,APPROACH,2.179943799972534,0,491455,True,590,2,1.0,0,True,acquired,,0,326.12417804754676,154.31664137582194,1977.0,"[{""bbox"": [303, 130, 47, 48], ""centroid"": [326.12417804754676, 154.31664137582194], ""area_px"": 1977.0, ""has_hole"": true}, {""bbox"": [328, 193, 22, 21], ""centroid"": [338.1271111111111, 202.90177777777774], ""area_px"": 375.0, ""has_hole"": true}]",0.0,0.0,0.0,0.27
1784257942.8672402,ACTIVE,APPROACH,2.200215799966827,0,491455,True,592,2,1.0,0,True,acquired,,0,326.12417804754676,154.31664137582194,1977.0,"[{""bbox"": [303, 130, 47, 48], ""centroid"": [326.12417804754676, 154.31664137582194], ""area_px"": 1977.0, ""has_hole"": true}, {""bbox"": [328, 193, 22, 21], ""centroid"": [338.1271111111111, 202.90177777777774], ""area_px"": 375.0, ""has_hole"": true}]",0.0,0.0,0.0,0.27
1784257942.887007,ACTIVE,APPROACH,2.2200898000155576,0,491456,True,593,2,0.96472208423107,0,False,,0.03527791576893001,0,326.3054139354212,153.60273529173747,2059.5,"[{""bbox"": [302, 128, 49, 49], ""centroid"": [326.3054139354212, 153.60273529173747], ""area_px"": 2059.5, ""has_hole"": true}, {""bbox"": [328, 193, 22, 21], ""centroid"": [338.11581196581193, 203.21666666666667], ""area_px"": 390.0, ""has_hole"": true}]",0.0,0.0,0.0,0.27
1784257942.9069612,ACTIVE,APPROACH,2.2399978999746963,0,491457,True,595,2,1.0,0,True,acquired,,0,326.3575146128593,153.4330210585315,2081.5,"[{""bbox"": [302, 128, 49, 49], ""centroid"": [326.3575146128593, 153.4330210585315], ""area_px"": 2081.5, ""has_hole"": true}, {""bbox"": [328, 193, 22, 21], ""centroid"": [338.17899659863946, 203.2512755102041], ""area_px"": 392.0, ""has_hole"": true}]",0.0,0.0,0.0,0.27
1784257942.9269586,ACTIVE,APPROACH,2.2599463000078686,0,491457,True,598,2,1.0,0,True,acquired,,0,326.3575146128593,153.4330210585315,2081.5,"[{""bbox"": [302, 128, 49, 49], ""centroid"": [326.3575146128593, 153.4330210585315], ""area_px"": 2081.5, ""has_hole"": true}, {""bbox"": [328, 193, 22, 21], ""centroid"": [338.17899659863946, 203.2512755102041], ""area_px"": 392.0, ""has_hole"": true}]",0.0,0.0,0.0,0.27
1784257942.9470494,ACTIVE,APPROACH,2.28020799998194,0,491458,True,599,2,0.9800082758278218,0,False,,0.019991724172178163,0,326.41800397371236,152.27281063732232,2181.0,"[{""bbox"": [302, 128, 49, 49], ""centroid"": [326.41800397371236, 152.27281063732232], ""area_px"": 2181.0, ""has_hole"": true}, {""bbox"": [328, 193, 22, 21], ""centroid"": [338.55942806076854, 203.2149240393208], ""area_px"": 373.0, ""has_hole"": true}]",0.0,0.0,0.0,0.27
1784257942.9667864,ACTIVE,APPROACH,2.299876299977768,0,491459,True,600,2,0.998112245587846,0,False,,0.00188775441215401,0,326.40056406738313,152.0812561933074,2186.5,"[{""bbox"": [302, 128, 49, 49], ""centroid"": [326.40056406738313, 152.0812561933074], ""area_px"": 2186.5, ""has_hole"": true}, {""bbox"": [328, 193, 22, 21], ""centroid"": [338.95907172995777, 203.2206751054852], ""area_px"": 395.0, ""has_hole"": true}]",0.0,0.0,0.0,0.27
1784257942.986748,ACTIVE,APPROACH,2.3199082000064664,0,491459,True,603,2,1.0,0,True,acquired,,0,326.40056406738313,152.0812561933074,2186.5,"[{""bbox"": [302, 128, 49, 49], ""centroid"": [326.40056406738313, 152.0812561933074], ""area_px"": 2186.5, ""has_hole"": true}, {""bbox"": [328, 193, 22, 21], ""centroid"": [338.95907172995777, 203.2206751054852], ""area_px"": 395.0, ""has_hole"": true}]",0.0,0.0,0.0,0.27
1784257943.0070307,ACTIVE,APPROACH,2.3401366000180133,0,491459,True,605,2,1.0,0,True,acquired,,0,326.40056406738313,152.0812561933074,2186.5,"[{""bbox"": [302, 128, 49, 49], ""centroid"": [326.40056406738313, 152.0812561933074], ""area_px"": 2186.5, ""has_hole"": true}, {""bbox"": [328, 193, 22, 21], ""centroid"": [338.95907172995777, 203.2206751054852], ""area_px"": 395.0, ""has_hole"": true}]",0.0,0.0,0.0,0.27
1784257943.0268521,ACTIVE,APPROACH,2.3599580000154674,0,491460,True,606,2,1.0,0,True,acquired,,0,326.3175256243684,151.36603147105527,2309.0,"[{""bbox"": [302, 126, 50, 50], ""centroid"": [326.3175256243684, 151.36603147105527], ""area_px"": 2309.0, ""has_hole"": true}, {""bbox"": [328, 193, 22, 21], ""centroid"": [338.7920298879203, 203.2756330427563], ""area_px"": 401.5, ""has_hole"": true}]",0.0,0.0,0.0,0.27
1784257943.046695,ACTIVE,APPROACH,2.379788899968844,0,491461,True,607,2,1.0,0,True,acquired,,0,326.4157303370786,151.35566119273983,2314.0,"[{""bbox"": [302, 126, 50, 50], ""centroid"": [326.4157303370786, 151.35566119273983], ""area_px"": 2314.0, ""has_hole"": true}, {""bbox"": [328, 193, 22, 21], ""centroid"": [338.9222362337116, 203.23371164354768], ""area_px"": 396.5, ""has_hole"": true}]",0.0,0.0,0.0,0.27
1784257943.0668645,ACTIVE,APPROACH,2.4000711999833584,0,491462,True,608,2,0.9870939586706304,0,False,,0.012906041329369596,0,326.4884744341995,150.63097233864207,2386.0,"[{""bbox"": [302, 126, 50, 50], ""centroid"": [326.4884744341995, 150.63097233864207], ""area_px"": 2386.0, ""has_hole"": true}, {""bbox"": [328, 193, 22, 22], ""centroid"": [339.0008460236886, 203.2009306260575], ""area_px"": 394.0, ""has_hole"": true}]",0.0,0.0,0.0,0.27
1784257943.0875034,ACTIVE,APPROACH,2.4200838999822736,0,491462,True,611,2,1.0,0,True,acquired,,0,326.4884744341995,150.63097233864207,2386.0,"[{""bbox"": [302, 126, 50, 50], ""centroid"": [326.4884744341995, 150.63097233864207], ""area_px"": 2386.0, ""has_hole"": true}, {""bbox"": [328, 193, 22, 22], ""centroid"": [339.0008460236886, 203.2009306260575], ""area_px"": 394.0, ""has_hole"": true}]",0.0,0.0,0.0,0.27
1784257943.1072361,ACTIVE,APPROACH,2.44023589999415,0,491462,True,614,2,1.0,0,True,acquired,,0,326.4884744341995,150.63097233864207,2386.0,"[{""bbox"": [302, 126, 50, 50], ""centroid"": [326.4884744341995, 150.63097233864207], ""area_px"": 2386.0, ""has_hole"": true}, {""bbox"": [328, 193, 22, 22], ""centroid"": [339.0008460236886, 203.2009306260575], ""area_px"": 394.0, ""has_hole"": true}]",0.0,0.0,0.0,0.27
1784257943.1268604,ACTIVE,APPROACH,2.4597467000130564,0,491463,True,615,2,1.0,0,True,acquired,,0,326.8497207079884,150.16427754223028,2476.5,"[{""bbox"": [302, 124, 51, 52], ""centroid"": [326.8497207079884, 150.16427754223028], ""area_px"": 2476.5, ""has_hole"": true}, {""bbox"": [328, 193, 22, 21], ""centroid"": [338.90277777777777, 203.23316498316498], ""area_px"": 396.0, ""has_hole"": true}]",0.0,0.0,0.0,0.27
1784257943.147442,ACTIVE,APPROACH,2.4805683000013232,0,491464,True,616,2,1.0,0,True,acquired,,0,326.94758361820493,150.11153562571218,2486.5,"[{""bbox"": [302, 124, 51, 52], ""centroid"": [326.94758361820493, 150.11153562571218], ""area_px"": 2486.5, ""has_hole"": true}, {""bbox"": [328, 193, 22, 21], ""centroid"": [338.866413822166, 203.31605562579014], ""area_px"": 395.5, ""has_hole"": true}]",0.0,0.0,0.0,0.27
1784257943.167134,ACTIVE,APPROACH,2.5002848000149243,0,491464,True,618,2,1.0,0,True,acquired,,0,326.94758361820493,150.11153562571218,2486.5,"[{""bbox"": [302, 124, 51, 52], ""centroid"": [326.94758361820493, 150.11153562571218], ""area_px"": 2486.5, ""has_hole"": true}, {""bbox"": [328, 193, 22, 21], ""centroid"": [338.866413822166, 203.31605562579014], ""area_px"": 395.5, ""has_hole"": true}]",0.0,0.0,0.0,0.27
1784257943.18669,ACTIVE,APPROACH,2.519777100009378,0,491465,True,619,2,0.9830947184264769,0,False,,0.016905281573523133,0,326.9482926829268,150.29476422764228,2562.5,"[{""bbox"": [301, 124, 53, 52], ""centroid"": [326.9482926829268, 150.29476422764228], ""area_px"": 2562.5, ""has_hole"": true}, {""bbox"": [328, 193, 22, 22], ""centroid"": [339.0663308144416, 203.74979009235935], ""area_px"": 397.0, ""has_hole"": true}]",0.0,0.0,0.0,0.27
1784257943.2070806,ACTIVE,APPROACH,2.540112999966368,0,491466,True,621,2,1.0,0,True,acquired,,0,326.9061069700536,150.37936445664965,2549.0,"[{""bbox"": [301, 122, 53, 54], ""centroid"": [326.9061069700536, 150.37936445664965], ""area_px"": 2549.0, ""has_hole"": true}, {""bbox"": [328, 193, 23, 23], ""centroid"": [339.1757269279393, 204.0813316477033], ""area_px"": 395.5, ""has_hole"": true}]",0.0,0.0,0.0,0.27
1784257943.2270646,ACTIVE,APPROACH,2.560238100006245,0,491466,True,624,2,1.0,0,True,acquired,,0,326.9061069700536,150.37936445664965,2549.0,"[{""bbox"": [301, 122, 53, 54], ""centroid"": [326.9061069700536, 150.37936445664965], ""area_px"": 2549.0, ""has_hole"": true}, {""bbox"": [328, 193, 23, 23], ""centroid"": [339.1757269279393, 204.0813316477033], ""area_px"": 395.5, ""has_hole"": true}]",0.0,0.0,0.0,0.27
1784257943.2471416,ACTIVE,APPROACH,2.580150699999649,0,491467,True,626,2,0.8174417361793533,0,False,,0.1825582638206466,0,325.96273148148146,153.94930555555555,1440.0,"[{""bbox"": [300, 122, 54, 54], ""centroid"": [325.96273148148146, 153.94930555555555], ""area_px"": 1440.0, ""has_hole"": false}, {""bbox"": [328, 193, 24, 23], ""centroid"": [339.8789115646258, 205.19591836734693], ""area_px"": 245.0, ""has_hole"": false}]",0.0,0.0,0.0,0.27
1784257943.266943,ACTIVE,APPROACH,2.6001049000187777,0,491468,True,628,2,1.0,0,True,acquired,,0,326.6187745924677,154.0395727937043,1482.5,"[{""bbox"": [300, 122, 55, 54], ""centroid"": [326.6187745924677, 154.0395727937043], ""area_px"": 1482.5, ""has_hole"": false}, {""bbox"": [328, 193, 24, 23], ""centroid"": [340.1475295755045, 205.27279053583854], ""area_px"": 239.5, ""has_hole"": false}]",0.0,0.0,0.0,0.27
1784257943.2873988,ACTIVE,APPROACH,2.6200360999791883,0,491468,True,630,2,1.0,0,True,acquired,,0,326.6187745924677,154.0395727937043,1482.5,"[{""bbox"": [300, 122, 55, 54], ""centroid"": [326.6187745924677, 154.0395727937043], ""area_px"": 1482.5, ""has_hole"": false}, {""bbox"": [328, 193, 24, 23], ""centroid"": [340.1475295755045, 205.27279053583854], ""area_px"": 239.5, ""has_hole"": false}]",0.0,0.0,0.0,0.27
1784257943.3071625,ACTIVE,APPROACH,2.640141499985475,0,491468,True,633,2,1.0,0,True,acquired,,0,326.6187745924677,154.0395727937043,1482.5,"[{""bbox"": [300, 122, 55, 54], ""centroid"": [326.6187745924677, 154.0395727937043], ""area_px"": 1482.5, ""has_hole"": false}, {""bbox"": [328, 193, 24, 23], ""centroid"": [340.1475295755045, 205.27279053583854], ""area_px"": 239.5, ""has_hole"": false}]",0.0,0.0,0.0,0.27
1784257943.3269558,ACTIVE,APPROACH,2.6599696999765,0,491469,True,634,2,1.0,0,True,acquired,,0,326.07011723070116,153.01017474010175,1507.0,"[{""bbox"": [300, 120, 55, 55], ""centroid"": [326.07011723070116, 153.01017474010175], ""area_px"": 1507.0, ""has_hole"": false}, {""bbox"": [328, 193, 24, 23], ""centroid"": [339.8644536652835, 205.35684647302904], ""area_px"": 241.0, ""has_hole"": false}]",0.0,0.0,0.0,0.27
1784257943.3471475,ACTIVE,APPROACH,2.6799984999815933,0,491470,True,636,2,1.0,0,True,acquired,,0,326.4317118293612,152.79323103710956,1531.5,"[{""bbox"": [300, 120, 56, 55], ""centroid"": [326.4317118293612, 152.79323103710956], ""area_px"": 1531.5, ""has_hole"": false}, {""bbox"": [328, 193, 24, 23], ""centroid"": [339.8863636363636, 205.3409090909091], ""area_px"": 242.0, ""has_hole"": false}]",0.0,0.0,0.0,0.27
1784257943.366833,ACTIVE,APPROACH,2.6999380000052042,0,491471,True,638,2,0.9753169712294023,0,False,,0.024683028770597706,0,326.8982892690513,152.25391394504925,1607.5,"[{""bbox"": [300, 118, 56, 57], ""centroid"": [326.8982892690513, 152.25391394504925], ""area_px"": 1607.5, ""has_hole"": false}, {""bbox"": [328, 193, 24, 23], ""centroid"": [339.6707317073171, 205.2730352303523], ""area_px"": 246.0, ""has_hole"": false}]",0.0,0.0,0.0,0.27
1784257943.3868074,ACTIVE,APPROACH,2.7199328999849968,0,491471,True,640,2,1.0,0,True,acquired,,0,326.8982892690513,152.25391394504925,1607.5,"[{""bbox"": [300, 118, 56, 57], ""centroid"": [326.8982892690513, 152.25391394504925], ""area_px"": 1607.5, ""has_hole"": false}, {""bbox"": [328, 193, 24, 23], ""centroid"": [339.6707317073171, 205.2730352303523], ""area_px"": 246.0, ""has_hole"": false}]",0.0,0.0,0.0,0.27
1784257943.4069993,ACTIVE,APPROACH,2.7400271999649704,0,491471,True,642,2,1.0,0,True,acquired,,0,326.8982892690513,152.25391394504925,1607.5,"[{""bbox"": [300, 118, 56, 57], ""centroid"": [326.8982892690513, 152.25391394504925], ""area_px"": 1607.5, ""has_hole"": false}, {""bbox"": [328, 193, 24, 23], ""centroid"": [339.6707317073171, 205.2730352303523], ""area_px"": 246.0, ""has_hole"": false}]",0.0,0.0,0.0,0.27
1784257943.4268878,ACTIVE,APPROACH,2.7599547000136226,0,491472,True,643,2,0.9779067919544869,0,False,,0.02209320804551303,0,327.57396391037076,151.48562363672417,1681.0,"[{""bbox"": [300, 118, 57, 57], ""centroid"": [327.57396391037076, 151.48562363672417], ""area_px"": 1681.0, ""has_hole"": false}, {""bbox"": [328, 193, 24, 23], ""centroid"": [339.87783916513195, 205.54818907305093], ""area_px"": 271.5, ""has_hole"": false}]",0.0,0.0,0.0,0.27
1784257943.4482906,ACTIVE,APPROACH,2.7814046000130475,0,491473,True,645,2,1.0,0,True,acquired,,0,326.9485521506888,150.6189672945366,1778.5,"[{""bbox"": [299, 117, 58, 58], ""centroid"": [326.9485521506888, 150.6189672945366], ""area_px"": 1778.5, ""has_hole"": false}, {""bbox"": [328, 193, 24, 23], ""centroid"": [340.19178921568624, 205.7138480392157], ""area_px"": 272.0, ""has_hole"": false}]",0.0,0.0,0.0,0.27
1784257943.4671671,ACTIVE,APPROACH,2.80017509998288,0,491473,True,647,2,1.0,0,True,acquired,,0,326.9485521506888,150.6189672945366,1778.5,"[{""bbox"": [299, 117, 58, 58], ""centroid"": [326.9485521506888, 150.6189672945366], ""area_px"": 1778.5, ""has_hole"": false}, {""bbox"": [328, 193, 24, 23], ""centroid"": [340.19178921568624, 205.7138480392157], ""area_px"": 272.0, ""has_hole"": false}]",0.0,0.0,0.0,0.27
1784257943.4866881,ACTIVE,APPROACH,2.819776999996975,0,491473,True,649,2,1.0,0,True,acquired,,0,326.9485521506888,150.6189672945366,1778.5,"[{""bbox"": [299, 117, 58, 58], ""centroid"": [326.9485521506888, 150.6189672945366], ""area_px"": 1778.5, ""has_hole"": false}, {""bbox"": [328, 193, 24, 23], ""centroid"": [340.19178921568624, 205.7138480392157], ""area_px"": 272.0, ""has_hole"": false}]",0.0,0.0,0.0,0.27
1784257943.5066223,ACTIVE,APPROACH,2.8397530000074767,0,491474,True,650,2,1.0,0,True,acquired,,0,327.27186261558785,148.82536327608983,1892.5,"[{""bbox"": [298, 116, 60, 59], ""centroid"": [327.27186261558785, 148.82536327608983], ""area_px"": 1892.5, ""has_hole"": false}, {""bbox"": [328, 193, 24, 23], ""centroid"": [339.9647058823529, 204.42317290552583], ""area_px"": 467.5, ""has_hole"": true}]",0.0,0.0,0.0,0.27
1784257943.5268042,ACTIVE,APPROACH,2.859890199964866,0,491475,True,651,2,1.0,0,True,acquired,,0,327.271676300578,148.47407602031876,1903.0,"[{""bbox"": [298, 114, 60, 61], ""centroid"": [327.271676300578, 148.47407602031876], ""area_px"": 1903.0, ""has_hole"": false}, {""bbox"": [328, 193, 24, 23], ""centroid"": [339.9702444208289, 204.4204746723344], ""area_px"": 470.5, ""has_hole"": true}]",0.0,0.0,0.0,0.27
1784257943.5467286,ACTIVE,APPROACH,2.879782499978319,0,491476,True,652,2,1.0,0,True,acquired,,0,327.30826705230174,146.9812002892263,2074.5,"[{""bbox"": [298, 114, 61, 61], ""centroid"": [327.30826705230174, 146.9812002892263], ""area_px"": 2074.5, ""has_hole"": false}, {""bbox"": [329, 193, 23, 23], ""centroid"": [340.16430903155606, 204.32317736670294], ""area_px"": 459.5, ""has_hole"": true}]",0.0,0.0,0.0,0.27
1784257943.566843,ACTIVE,APPROACH,2.899938599963207,0,491476,True,654,2,1.0,0,True,acquired,,0,327.30826705230174,146.9812002892263,2074.5,"[{""bbox"": [298, 114, 61, 61], ""centroid"": [327.30826705230174, 146.9812002892263], ""area_px"": 2074.5, ""has_hole"": false}, {""bbox"": [329, 193, 23, 23], ""centroid"": [340.16430903155606, 204.32317736670294], ""area_px"": 459.5, ""has_hole"": true}]",0.0,0.0,0.0,0.27
1784257943.5866108,ACTIVE,APPROACH,2.9197445000172593,0,491477,True,656,2,1.0,0,True,acquired,,0,327.43209590100537,146.092343387471,2155.0,"[{""bbox"": [298, 112, 61, 62], ""centroid"": [327.43209590100537, 146.092343387471], ""area_px"": 2155.0, ""has_hole"": false}, {""bbox"": [329, 194, 23, 23], ""centroid"": [340.0619405656999, 204.94808449695665], ""area_px"": 465.5, ""has_hole"": true}]",0.0,0.0,0.0,0.27
1784257943.6067915,ACTIVE,APPROACH,2.9398833999875933,0,491478,True,657,2,0.8457388532787626,0,False,,0.15426114672123742,0,328.32670077695656,144.00184764070494,3518.0,"[{""bbox"": [298, 111, 62, 63], ""centroid"": [328.32670077695656, 144.00184764070494], ""area_px"": 3518.0, ""has_hole"": true}, {""bbox"": [329, 194, 24, 24], ""centroid"": [340.75920192638455, 205.05607155142758], ""area_px"": 484.5, ""has_hole"": true}]",0.0,0.0,0.0,0.27
1784257943.6269236,ACTIVE,APPROACH,2.960070299974177,0,491478,True,659,2,1.0,0,True,acquired,,0,328.32670077695656,144.00184764070494,3518.0,"[{""bbox"": [298, 111, 62, 63], ""centroid"": [328.32670077695656, 144.00184764070494], ""area_px"": 3518.0, ""has_hole"": true}, {""bbox"": [329, 194, 24, 24], ""centroid"": [340.75920192638455, 205.05607155142758], ""area_px"": 484.5, ""has_hole"": true}]",0.0,0.0,0.0,0.27
1784257943.6466346,ACTIVE,APPROACH,2.9797301999642514,0,491479,True,661,2,1.0,0,True,acquired,,0,328.28183292781836,143.20897539875642,3699.0,"[{""bbox"": [297, 110, 64, 64], ""centroid"": [328.28183292781836, 143.20897539875642], ""area_px"": 3699.0, ""has_hole"": true}, {""bbox"": [328, 194, 25, 24], ""centroid"": [340.6579826319305, 205.1813627254509], ""area_px"": 499.0, ""has_hole"": true}]",0.0,0.0,0.0,0.27
1784257943.6667166,ACTIVE,APPROACH,2.999832100002095,0,491479,True,663,2,1.0,0,True,acquired,,0,328.28183292781836,143.20897539875642,3699.0,"[{""bbox"": [297, 110, 64, 64], ""centroid"": [328.28183292781836, 143.20897539875642], ""area_px"": 3699.0, ""has_hole"": true}, {""bbox"": [328, 194, 25, 24], ""centroid"": [340.6579826319305, 205.1813627254509], ""area_px"": 499.0, ""has_hole"": true}]",0.0,0.0,0.0,0.27
1784257943.686639,ACTIVE,APPROACH,3.0197613000054844,0,491480,True,665,2,1.0,0,True,acquired,,0,328.225087226619,141.66632627010466,3917.0,"[{""bbox"": [296, 109, 65, 65], ""centroid"": [328.225087226619, 141.66632627010466], ""area_px"": 3917.0, ""has_hole"": true}, {""bbox"": [330, 194, 23, 24], ""centroid"": [341.094262295082, 205.2766393442623], ""area_px"": 488.0, ""has_hole"": true}]",0.0,0.0,0.0,0.27
1784257943.7068546,ACTIVE,APPROACH,3.0400050000171177,0,491481,True,667,2,0.9731216061172142,0,False,,0.026878393882785737,0,328.8886319376826,140.59347614410905,4108.0,"[{""bbox"": [296, 108, 66, 66], ""centroid"": [328.8886319376826, 140.59347614410905], ""area_px"": 4108.0, ""has_hole"": true}, {""bbox"": [330, 194, 24, 24], ""centroid"": [341.08120095530535, 205.18321392016378], ""area_px"": 488.5, ""has_hole"": true}]",0.0,0.0,0.0,0.27
1784257943.7274737,ACTIVE,APPROACH,3.0605497999931686,0,491481,True,669,2,1.0,0,True,acquired,,0,328.8886319376826,140.59347614410905,4108.0,"[{""bbox"": [296, 108, 66, 66], ""centroid"": [328.8886319376826, 140.59347614410905], ""area_px"": 4108.0, ""has_hole"": true}, {""bbox"": [330, 194, 24, 24], ""centroid"": [341.08120095530535, 205.18321392016378], ""area_px"": 488.5, ""has_hole"": true}]",0.0,0.0,0.0,0.27
1784257943.747552,ACTIVE,APPROACH,3.0801117999944836,0,491482,True,671,2,1.0,0,True,acquired,,0,328.76649029982366,139.59666862629823,4252.5,"[{""bbox"": [296, 106, 67, 68], ""centroid"": [328.76649029982366, 139.59666862629823], ""area_px"": 4252.5, ""has_hole"": true}, {""bbox"": [330, 194, 23, 24], ""centroid"": [341.0308641975309, 205.18484224965707], ""area_px"": 486.0, ""has_hole"": true}]",0.0,0.0,0.0,0.27
1784257943.7671041,ACTIVE,APPROACH,3.1001189000089653,0,491483,True,673,2,0.9767034892876335,0,False,,0.02329651071236645,0,329.2943390545016,138.70539747064137,4428.0,"[{""bbox"": [296, 105, 68, 69], ""centroid"": [329.2943390545016, 138.70539747064137], ""area_px"": 4428.0, ""has_hole"": true}, {""bbox"": [330, 194, 24, 25], ""centroid"": [341.50189753320683, 205.5436432637571], ""area_px"": 527.0, ""has_hole"": true}]",0.0,0.0,0.0,0.27
1784257943.78662,ACTIVE,APPROACH,3.119756600004621,0,491483,True,676,2,1.0,0,True,acquired,,0,329.2943390545016,138.70539747064137,4428.0,"[{""bbox"": [296, 105, 68, 69], ""centroid"": [329.2943390545016, 138.70539747064137], ""area_px"": 4428.0, ""has_hole"": true}, {""bbox"": [330, 194, 24, 25], ""centroid"": [341.50189753320683, 205.5436432637571], ""area_px"": 527.0, ""has_hole"": true}]",0.0,0.0,0.0,0.27
1784257943.8069744,ACTIVE,APPROACH,3.1399504999862984,0,491484,True,677,2,0.9777923537193598,0,False,,0.02220764628064026,0,329.2168556476232,138.04481029219363,4586.0,"[{""bbox"": [295, 104, 69, 69], ""centroid"": [329.2168556476232, 138.04481029219363], ""area_px"": 4586.0, ""has_hole"": true}, {""bbox"": [330, 194, 24, 25], ""centroid"": [341.5257503949447, 205.55418641390204], ""area_px"": 527.5, ""has_hole"": true}]",0.0,0.0,0.0,0.27
1784257943.8268082,ACTIVE,APPROACH,3.15987639996456,0,491484,True,680,2,1.0,0,True,acquired,,0,329.2168556476232,138.04481029219363,4586.0,"[{""bbox"": [295, 104, 69, 69], ""centroid"": [329.2168556476232, 138.04481029219363], ""area_px"": 4586.0, ""has_hole"": true}, {""bbox"": [330, 194, 24, 25], ""centroid"": [341.5257503949447, 205.55418641390204], ""area_px"": 527.5, ""has_hole"": true}]",0.0,0.0,0.0,0.27
1784257943.847261,ACTIVE,APPROACH,3.1803191999788396,0,491485,True,681,2,1.0,0,True,acquired,,0,329.2475388241819,136.59993760399334,4808.0,"[{""bbox"": [294, 102, 71, 71], ""centroid"": [329.2475388241819, 136.59993760399334], ""area_px"": 4808.0, ""has_hole"": true}, {""bbox"": [330, 194, 24, 24], ""centroid"": [341.49524714828897, 205.52122940430922], ""area_px"": 526.0, ""has_hole"": true}]",0.0,0.0,0.0,0.27
1784257943.8666954,ACTIVE,APPROACH,3.1998409999650903,0,491485,True,683,2,1.0,0,True,acquired,,0,329.2475388241819,136.59993760399334,4808.0,"[{""bbox"": [294, 102, 71, 71], ""centroid"": [329.2475388241819, 136.59993760399334], ""area_px"": 4808.0, ""has_hole"": true}, {""bbox"": [330, 194, 24, 24], ""centroid"": [341.49524714828897, 205.52122940430922], ""area_px"": 526.0, ""has_hole"": true}]",0.0,0.0,0.0,0.27
1784257943.887036,ACTIVE,APPROACH,3.2201690999791026,0,491486,True,684,2,1.0,0,True,acquired,,0,329.456015502322,136.13390798837327,4988.5,"[{""bbox"": [294, 100, 72, 73], ""centroid"": [329.456015502322, 136.13390798837327], ""area_px"": 4988.5, ""has_hole"": true}, {""bbox"": [330, 194, 24, 24], ""centroid"": [341.50286259541986, 205.56361323155215], ""area_px"": 524.0, ""has_hole"": true}]",0.0,0.0,0.0,0.27
1784257943.9069822,ACTIVE,APPROACH,3.2401041999692097,0,491487,True,686,2,0.977545429644042,0,False,,0.02245457035595802,0,329.84780278670956,135.13319692097826,5131.5,"[{""bbox"": [294, 99, 73, 73], ""centroid"": [329.84780278670956, 135.13319692097826], ""area_px"": 5131.5, ""has_hole"": true}, {""bbox"": [330, 194, 24, 25], ""centroid"": [341.5380333951762, 205.8503401360544], ""area_px"": 539.0, ""has_hole"": true}]",0.0,0.0,0.0,0.27
1784257943.9269376,ACTIVE,APPROACH,3.2600885999854654,0,491487,True,689,2,1.0,0,True,acquired,,0,329.84780278670956,135.13319692097826,5131.5,"[{""bbox"": [294, 99, 73, 73], ""centroid"": [329.84780278670956, 135.13319692097826], ""area_px"": 5131.5, ""has_hole"": true}, {""bbox"": [330, 194, 24, 25], ""centroid"": [341.5380333951762, 205.8503401360544], ""area_px"": 539.0, ""has_hole"": true}]",0.0,0.0,0.0,0.27
1784257943.9467957,ACTIVE,APPROACH,3.2799020999809727,0,491488,True,690,2,1.0,0,True,acquired,,0,330.0682056017236,134.2133887349954,5415.0,"[{""bbox"": [293, 97, 75, 75], ""centroid"": [330.0682056017236, 134.2133887349954], ""area_px"": 5415.0, ""has_hole"": true}, {""bbox"": [330, 194, 26, 26], ""centroid"": [342.13149583692217, 206.03933390755094], ""area_px"": 580.5, ""has_hole"": true}]",0.0,0.0,0.0,0.27
1784257943.967536,ACTIVE,APPROACH,3.2997408999945037,0,491488,True,693,2,1.0,0,True,acquired,,0,330.0682056017236,134.2133887349954,5415.0,"[{""bbox"": [293, 97, 75, 75], ""centroid"": [330.0682056017236, 134.2133887349954], ""area_px"": 5415.0, ""has_hole"": true}, {""bbox"": [330, 194, 26, 26], ""centroid"": [342.13149583692217, 206.03933390755094], ""area_px"": 580.5, ""has_hole"": true}]",0.0,0.0,0.0,0.27
1784257943.9866607,ACTIVE,APPROACH,3.3198261999641545,0,491489,True,694,2,1.0,0,True,acquired,,0,330.03501887689885,133.34703766461547,5606.5,"[{""bbox"": [292, 96, 77, 76], ""centroid"": [330.03501887689885, 133.34703766461547], ""area_px"": 5606.5, ""has_hole"": true}, {""bbox"": [330, 194, 26, 26], ""centroid"": [342.2374429223744, 205.99828767123287], ""area_px"": 584.0, ""has_hole"": true}]",0.0,0.0,0.0,0.27
1784257944.0069785,ACTIVE,APPROACH,3.340099199966062,0,491489,True,696,2,1.0,0,True,acquired,,0,330.03501887689885,133.34703766461547,5606.5,"[{""bbox"": [292, 96, 77, 76], ""centroid"": [330.03501887689885, 133.34703766461547], ""area_px"": 5606.5, ""has_hole"": true}, {""bbox"": [330, 194, 26, 26], ""centroid"": [342.2374429223744, 205.99828767123287], ""area_px"": 584.0, ""has_hole"": true}]",0.0,0.0,0.0,0.27
1784257944.0266297,ACTIVE,APPROACH,3.3597875999985263,0,491490,True,698,2,1.0,0,True,acquired,,0,330.4805246310303,132.35664712047816,5883.5,"[{""bbox"": [292, 94, 78, 78], ""centroid"": [330.4805246310303, 132.35664712047816], ""area_px"": 5883.5, ""has_hole"": true}, {""bbox"": [330, 194, 26, 26], ""centroid"": [342.06603229527104, 206.28777393310264], ""area_px"": 578.0, ""has_hole"": true}]",0.0,0.0,0.0,0.27
1784257944.0472817,ACTIVE,APPROACH,3.380439499975182,0,491491,True,700,2,1.0,0,True,acquired,,0,330.76353928299005,130.70556826849733,6118.0,"[{""bbox"": [291, 91, 80, 80], ""centroid"": [330.76353928299005, 130.70556826849733], ""area_px"": 6118.0, ""has_hole"": true}, {""bbox"": [330, 194, 26, 26], ""centroid"": [341.9857305936073, 206.57705479452054], ""area_px"": 584.0, ""has_hole"": true}]",0.0,0.0,0.0,0.27
1784257944.0666964,ACTIVE,APPROACH,3.3998672000016086,0,491492,True,701,2,0.9690843904037177,0,False,,0.030915609596282218,0,331.02630420711967,129.55119741100322,6437.5,"[{""bbox"": [290, 89, 82, 82], ""centroid"": [331.02630420711967, 129.55119741100322], ""area_px"": 6437.5, ""has_hole"": true}, {""bbox"": [330, 194, 26, 26], ""centroid"": [342.49198587340396, 206.62673186634066], ""area_px"": 613.5, ""has_hole"": true}]",0.0,0.0,0.0,0.27
1784257944.08696,ACTIVE,APPROACH,3.4200875000096858,0,491492,True,705,2,1.0,0,True,acquired,,0,331.02630420711967,129.55119741100322,6437.5,"[{""bbox"": [290, 89, 82, 82], ""centroid"": [331.02630420711967, 129.55119741100322], ""area_px"": 6437.5, ""has_hole"": true}, {""bbox"": [330, 194, 26, 26], ""centroid"": [342.49198587340396, 206.62673186634066], ""area_px"": 613.5, ""has_hole"": true}]",0.0,0.0,0.0,0.27
1784257944.1065989,ACTIVE,APPROACH,3.439742699963972,0,491493,True,706,2,0.967807251695114,0,False,,0.032192748304886026,0,331.2268257732977,128.3228332839213,6746.0,"[{""bbox"": [290, 86, 84, 85], ""centroid"": [331.2268257732977, 128.3228332839213], ""area_px"": 6746.0, ""has_hole"": true}, {""bbox"": [330, 195, 26, 25], ""centroid"": [342.61058923996586, 207.10361514375177], ""area_px"": 585.5, ""has_hole"": true}]",0.0,0.0,0.0,0.27
1784257944.1267312,ACTIVE,APPROACH,3.4598681000061333,0,491493,True,709,2,1.0,0,True,acquired,,0,331.2268257732977,128.3228332839213,6746.0,"[{""bbox"": [290, 86, 84, 85], ""centroid"": [331.2268257732977, 128.3228332839213], ""area_px"": 6746.0, ""has_hole"": true}, {""bbox"": [330, 195, 26, 25], ""centroid"": [342.61058923996586, 207.10361514375177], ""area_px"": 585.5, ""has_hole"": true}]",0.0,0.0,0.0,0.27
1784257944.1472406,ACTIVE,APPROACH,3.480374299979303,0,491494,True,710,2,1.0,0,True,acquired,,0,331.688906294503,127.19097123326688,7022.0,"[{""bbox"": [289, 85, 86, 86], ""centroid"": [331.688906294503, 127.19097123326688], ""area_px"": 7022.0, ""has_hole"": true}, {""bbox"": [330, 195, 26, 25], ""centroid"": [342.5765920826162, 207.3318990246701], ""area_px"": 581.0, ""has_hole"": true}]",0.0,0.0,0.0,0.27
1784257944.1669517,ACTIVE,APPROACH,3.5000672999885865,0,491494,True,712,2,1.0,0,True,acquired,,0,331.688906294503,127.19097123326688,7022.0,"[{""bbox"": [289, 85, 86, 86], ""centroid"": [331.688906294503, 127.19097123326688], ""area_px"": 7022.0, ""has_hole"": true}, {""bbox"": [330, 195, 26, 25], ""centroid"": [342.5765920826162, 207.3318990246701], ""area_px"": 581.0, ""has_hole"": true}]",0.0,0.0,0.0,0.27
1784257944.1870387,ACTIVE,APPROACH,3.520188299997244,0,491495,True,714,2,1.0,0,True,acquired,,0,331.8264643057897,125.95215289488476,7412.5,"[{""bbox"": [288, 82, 88, 88], ""centroid"": [331.8264643057897, 125.95215289488476], ""area_px"": 7412.5, ""has_hole"": true}, {""bbox"": [330, 195, 26, 26], ""centroid"": [343.12410714285716, 207.67470238095237], ""area_px"": 560.0, ""has_hole"": true}]",0.0,0.0,0.0,0.27
1784257944.2067423,ACTIVE,APPROACH,3.5399080999777652,0,491496,True,716,2,1.0,0,True,acquired,,0,332.4448270731033,124.3935123185171,7840.5,"[{""bbox"": [288, 80, 90, 90], ""centroid"": [332.4448270731033, 124.3935123185171], ""area_px"": 7840.5, ""has_hole"": true}, {""bbox"": [330, 195, 28, 27], ""centroid"": [344.02828854314004, 209.77133427628473], ""area_px"": 353.5, ""has_hole"": false}]",0.0,0.0,0.0,0.27
1784257944.2268379,ACTIVE,APPROACH,3.5598692999919876,0,491496,True,719,2,1.0,0,True,acquired,,0,332.4448270731033,124.3935123185171,7840.5,"[{""bbox"": [288, 80, 90, 90], ""centroid"": [332.4448270731033, 124.3935123185171], ""area_px"": 7840.5, ""has_hole"": true}, {""bbox"": [330, 195, 28, 27], ""centroid"": [344.02828854314004, 209.77133427628473], ""area_px"": 353.5, ""has_hole"": false}]",0.0,0.0,0.0,0.27
1784257944.2468636,ACTIVE,APPROACH,3.5800407999777235,0,491497,True,721,2,1.0,0,True,acquired,,0,332.6196092663159,122.93263977096312,8266.5,"[{""bbox"": [287, 77, 92, 93], ""centroid"": [332.6196092663159, 122.93263977096312], ""area_px"": 8266.5, ""has_hole"": true}, {""bbox"": [330, 195, 28, 27], ""centroid"": [343.6700047687172, 209.7386742966142], ""area_px"": 349.5, ""has_hole"": false}]",0.0,0.0,0.0,0.27
1784257944.2667913,ACTIVE,APPROACH,3.5999453999684192,0,491498,True,723,2,0.9575957119052793,0,False,,0.04240428809472077,0,332.7767587581886,121.06245134339693,8777.5,"[{""bbox"": [286, 74, 95, 95], ""centroid"": [332.7767587581886, 121.06245134339693], ""area_px"": 8777.5, ""has_hole"": true}, {""bbox"": [330, 194, 28, 28], ""centroid"": [343.3271251193887, 209.52196752626548], ""area_px"": 349.0, ""has_hole"": false}]",0.0,0.0,0.0,0.27
1784257944.286766,ACTIVE,APPROACH,3.619857600016985,0,491498,True,726,2,1.0,0,True,acquired,,0,332.7767587581886,121.06245134339693,8777.5,"[{""bbox"": [286, 74, 95, 95], ""centroid"": [332.7767587581886, 121.06245134339693], ""area_px"": 8777.5, ""has_hole"": true}, {""bbox"": [330, 194, 28, 28], ""centroid"": [343.3271251193887, 209.52196752626548], ""area_px"": 349.0, ""has_hole"": false}]",0.0,0.0,0.0,0.27
1784257944.3067415,ACTIVE,APPROACH,3.6399314000154845,0,491499,True,728,2,1.0,0,True,acquired,,0,333.05434076639966,119.33766327487912,9238.0,"[{""bbox"": [284, 71, 99, 98], ""centroid"": [333.05434076639966, 119.33766327487912], ""area_px"": 9238.0, ""has_hole"": true}, {""bbox"": [330, 195, 28, 27], ""centroid"": [343.914298601714, 210.1529093369418], ""area_px"": 369.5, ""has_hole"": false}]",0.0,0.0,0.0,0.27
1784257944.3266506,ACTIVE,APPROACH,3.6597003000206314,0,491499,True,731,2,1.0,0,True,acquired,,0,333.05434076639966,119.33766327487912,9238.0,"[{""bbox"": [284, 71, 99, 98], ""centroid"": [333.05434076639966, 119.33766327487912], ""area_px"": 9238.0, ""has_hole"": true}, {""bbox"": [330, 195, 28, 27], ""centroid"": [343.914298601714, 210.1529093369418], ""area_px"": 369.5, ""has_hole"": false}]",0.0,0.0,0.0,0.27
1784257944.3468316,ACTIVE,APPROACH,3.680027699971106,0,491500,True,733,2,1.0,0,True,acquired,,0,333.61470758147277,117.84186291501001,9809.0,"[{""bbox"": [284, 68, 100, 101], ""centroid"": [333.61470758147277, 117.84186291501001], ""area_px"": 9809.0, ""has_hole"": true}, {""bbox"": [330, 195, 29, 27], ""centroid"": [343.55056179775283, 210.24485018726588], ""area_px"": 356.0, ""has_hole"": false}]",0.0,0.0,0.0,0.27
1784257944.3670378,ACTIVE,APPROACH,3.700080699985847,0,491501,True,735,2,0.9763754608648997,0,False,,0.023624539135100292,0,334.0707757988126,117.51389166833432,9994.0,"[{""bbox"": [283, 64, 103, 104], ""centroid"": [334.0707757988126, 117.51389166833432], ""area_px"": 9994.0, ""has_hole"": true}, {""bbox"": [330, 195, 28, 28], ""centroid"": [343.0931567328918, 209.762472406181], ""area_px"": 377.5, ""has_hole"": false}]",0.0,0.0,0.0,0.27
1784257944.3879242,ACTIVE,APPROACH,3.720373899966944,0,491501,True,739,2,1.0,0,True,acquired,,0,334.0707757988126,117.51389166833432,9994.0,"[{""bbox"": [283, 64, 103, 104], ""centroid"": [334.0707757988126, 117.51389166833432], ""area_px"": 9994.0, ""has_hole"": true}, {""bbox"": [330, 195, 28, 28], ""centroid"": [343.0931567328918, 209.762472406181], ""area_px"": 377.5, ""has_hole"": false}]",0.0,0.0,0.0,0.27
1784257944.4069557,ACTIVE,APPROACH,3.7401007000007667,0,491502,True,741,2,1.0,0,True,acquired,,0,331.87158982728135,124.35288997688018,6127.5,"[{""bbox"": [282, 61, 106, 107], ""centroid"": [331.87158982728135, 124.35288997688018], ""area_px"": 6127.5, ""has_hole"": false}, {""bbox"": [330, 195, 29, 29], ""centroid"": [344.06226834692364, 208.6147763775636], ""area_px"": 674.5, ""has_hole"": true}]",0.0,0.0,0.0,0.27
1784257944.426704,ACTIVE,APPROACH,3.7598807999747805,0,491502,True,744,2,1.0,0,True,acquired,,0,331.87158982728135,124.35288997688018,6127.5,"[{""bbox"": [282, 61, 106, 107], ""centroid"": [331.87158982728135, 124.35288997688018], ""area_px"": 6127.5, ""has_hole"": false}, {""bbox"": [330, 195, 29, 29], ""centroid"": [344.06226834692364, 208.6147763775636], ""area_px"": 674.5, ""has_hole"": true}]",0.0,0.0,0.0,0.27
1784257944.4469535,ACTIVE,APPROACH,3.7800714999902993,0,491503,True,746,4,1.0,0,True,acquired,,0,332.3857033940636,121.59789152667139,6339.5,"[{""bbox"": [280, 57, 111, 110], ""centroid"": [332.3857033940636, 121.59789152667139], ""area_px"": 6339.5, ""has_hole"": false}, {""bbox"": [331, 57, 37, 27], ""centroid"": [347.7309156033132, 69.6124916051041], ""area_px"": 744.5, ""has_hole"": false}, {""bbox"": [330, 195, 30, 29], ""centroid"": [344.40095956134337, 209.07813570938998], ""area_px"": 729.5, ""has_hole"": true}, {""bbox"": [306, 231, 20, 15], ""centroid"": [313.83488372093024, 237.88837209302326], ""area_px"": 215.0, ""has_hole"": true}]",0.0,0.0,0.0,0.27
1784257944.4667292,ACTIVE,APPROACH,3.799760299967602,0,491504,True,748,4,0.9648424903282513,0,False,,0.03515750967174863,0,332.2722596754057,120.161847690387,6675.0,"[{""bbox"": [279, 53, 114, 114], ""centroid"": [332.2722596754057, 120.161847690387], ""area_px"": 6675.0, ""has_hole"": false}, {""bbox"": [333, 53, 38, 28], ""centroid"": [348.988005050505, 65.88699494949495], ""area_px"": 792.0, ""has_hole"": false}, {""bbox"": [331, 196, 29, 28], ""centroid"": [344.8555478018144, 209.17352872761106], ""area_px"": 716.5, ""has_hole"": true}, {""bbox"": [306, 231, 20, 15], ""centroid"": [313.4364089775561, 237.6841230257689], ""area_px"": 200.5, ""has_hole"": true}]",0.0,0.0,0.0,0.27
1784257944.4869065,ACTIVE,APPROACH,3.819959899992682,0,491504,True,751,4,1.0,0,True,acquired,,0,332.2722596754057,120.161847690387,6675.0,"[{""bbox"": [279, 53, 114, 114], ""centroid"": [332.2722596754057, 120.161847690387], ""area_px"": 6675.0, ""has_hole"": false}, {""bbox"": [333, 53, 38, 28], ""centroid"": [348.988005050505, 65.88699494949495], ""area_px"": 792.0, ""has_hole"": false}, {""bbox"": [331, 196, 29, 28], ""centroid"": [344.8555478018144, 209.17352872761106], ""area_px"": 716.5, ""has_hole"": true}, {""bbox"": [306, 231, 20, 15], ""centroid"": [313.4364089775561, 237.6841230257689], ""area_px"": 200.5, ""has_hole"": true}]",0.0,0.0,0.0,0.27
1784257944.5069907,ACTIVE,APPROACH,3.8401312999776565,0,491505,True,753,3,1.0,0,True,acquired,,0,332.800993712351,116.43301235545002,7581.0,"[{""bbox"": [278, 48, 118, 118], ""centroid"": [332.800993712351, 116.43301235545002], ""area_px"": 7581.0, ""has_hole"": false}, {""bbox"": [333, 48, 41, 29], ""centroid"": [350.3989927252378, 61.078716657340046], ""area_px"": 893.5, ""has_hole"": false}, {""bbox"": [331, 196, 29, 29], ""centroid"": [344.7352067626228, 209.4080420379255], ""area_px"": 729.5, ""has_hole"": true}]",0.0,0.0,0.0,0.27
1784257944.5265486,ACTIVE,APPROACH,3.859729799965862,0,491505,True,757,3,1.0,0,True,acquired,,0,332.800993712351,116.43301235545002,7581.0,"[{""bbox"": [278, 48, 118, 118], ""centroid"": [332.800993712351, 116.43301235545002], ""area_px"": 7581.0, ""has_hole"": false}, {""bbox"": [333, 48, 41, 29], ""centroid"": [350.3989927252378, 61.078716657340046], ""area_px"": 893.5, ""has_hole"": false}, {""bbox"": [331, 196, 29, 29], ""centroid"": [344.7352067626228, 209.4080420379255], ""area_px"": 729.5, ""has_hole"": true}]",0.0,0.0,0.0,0.27
1784257944.5471575,ACTIVE,APPROACH,3.8801854000194,0,491506,True,759,3,1.0,0,True,acquired,,0,333.12620929624484,113.91462016532915,8286.5,"[{""bbox"": [276, 43, 123, 123], ""centroid"": [333.12620929624484, 113.91462016532915], ""area_px"": 8286.5, ""has_hole"": false}, {""bbox"": [331, 196, 29, 28], ""centroid"": [345.3866849065207, 209.6016871865025], ""area_px"": 731.0, ""has_hole"": true}, {""bbox"": [306, 232, 20, 15], ""centroid"": [313.8439215686274, 238.69568627450977], ""area_px"": 212.5, ""has_hole"": true}]",0.0,0.0,0.0,0.27
1784257944.566984,ACTIVE,APPROACH,3.9001233999733813,0,491506,True,761,3,1.0,0,True,acquired,,0,333.12620929624484,113.91462016532915,8286.5,"[{""bbox"": [276, 43, 123, 123], ""centroid"": [333.12620929624484, 113.91462016532915], ""area_px"": 8286.5, ""has_hole"": false}, {""bbox"": [331, 196, 29, 28], ""centroid"": [345.3866849065207, 209.6016871865025], ""area_px"": 731.0, ""has_hole"": true}, {""bbox"": [306, 232, 20, 15], ""centroid"": [313.8439215686274, 238.69568627450977], ""area_px"": 212.5, ""has_hole"": true}]",0.0,0.0,0.0,0.27
1784257944.5868516,ACTIVE,APPROACH,3.9199163999874145,0,491507,True,763,3,1.0,0,True,acquired,,0,334.0406522266375,110.91207253596015,8933.5,"[{""bbox"": [274, 38, 127, 127], ""centroid"": [334.0406522266375, 110.91207253596015], ""area_px"": 8933.5, ""has_hole"": false}, {""bbox"": [332, 196, 28, 28], ""centroid"": [345.4910220994475, 209.55432780847144], ""area_px"": 724.0, ""has_hole"": true}, {""bbox"": [306, 232, 20, 15], ""centroid"": [314.0890410958904, 238.63622526636223], ""area_px"": 219.0, ""has_hole"": true}]",0.0,0.0,0.0,0.27
1784257944.60708,ACTIVE,APPROACH,3.9401237000129186,0,491508,True,764,3,0.7208016703258553,0,False,,0.2791983296741447,0,338.46638589923566,97.88784900951488,17096.0,"[{""bbox"": [273, 32, 132, 133], ""centroid"": [338.46638589923566, 97.88784900951488], ""area_px"": 17096.0, ""has_hole"": true}, {""bbox"": [332, 196, 29, 30], ""centroid"": [345.47603342128406, 210.09498680738787], ""area_px"": 758.0, ""has_hole"": true}, {""bbox"": [306, 232, 20, 15], ""centroid"": [314.2579185520362, 238.57767722473605], ""area_px"": 221.0, ""has_hole"": true}]",0.0,0.0,0.0,0.27
1784257944.6267238,ACTIVE,APPROACH,3.9597477999632247,0,491508,True,767,3,1.0,0,True,acquired,,0,338.46638589923566,97.88784900951488,17096.0,"[{""bbox"": [273, 32, 132, 133], ""centroid"": [338.46638589923566, 97.88784900951488], ""area_px"": 17096.0, ""has_hole"": true}, {""bbox"": [332, 196, 29, 30], ""centroid"": [345.47603342128406, 210.09498680738787], ""area_px"": 758.0, ""has_hole"": true}, {""bbox"": [306, 232, 20, 15], ""centroid"": [314.2579185520362, 238.57767722473605], ""area_px"": 221.0, ""has_hole"": true}]",0.0,0.0,0.0,0.27
1784257944.646717,ACTIVE,APPROACH,3.9798576000030152,0,491509,True,769,3,1.0,0,True,acquired,,0,339.10353780365097,94.55217766278568,18552.0,"[{""bbox"": [271, 26, 137, 138], ""centroid"": [339.10353780365097, 94.55217766278568], ""area_px"": 18552.0, ""has_hole"": true}, {""bbox"": [332, 196, 30, 30], ""centroid"": [346.3246160232461, 210.19406392694063], ""area_px"": 803.0, ""has_hole"": true}, {""bbox"": [305, 232, 21, 16], ""centroid"": [314.55624142661173, 239.25925925925927], ""area_px"": 243.0, ""has_hole"": true}]",0.0,0.0,0.0,0.27
1784257944.667003,ACTIVE,APPROACH,4.000126899976749,0,491510,True,770,3,0.9375829529328743,0,False,,0.062417047067125725,0,339.83833570353363,90.82576948346265,20040.5,"[{""bbox"": [269, 20, 143, 143], ""centroid"": [339.83833570353363, 90.82576948346265], ""area_px"": 20040.5, ""has_hole"": true}, {""bbox"": [332, 196, 30, 30], ""centroid"": [346.1738066095471, 210.51060791513666], ""area_px"": 817.0, ""has_hole"": true}, {""bbox"": [306, 233, 20, 15], ""centroid"": [314.4743024963289, 239.42364170337737], ""area_px"": 227.0, ""has_hole"": true}]",0.0,0.0,0.0,0.27
1784257944.6874154,ACTIVE,APPROACH,4.020132799982093,0,491510,True,772,3,1.0,0,True,acquired,,0,339.83833570353363,90.82576948346265,20040.5,"[{""bbox"": [269, 20, 143, 143], ""centroid"": [339.83833570353363, 90.82576948346265], ""area_px"": 20040.5, ""has_hole"": true}, {""bbox"": [332, 196, 30, 30], ""centroid"": [346.1738066095471, 210.51060791513666], ""area_px"": 817.0, ""has_hole"": true}, {""bbox"": [306, 233, 20, 15], ""centroid"": [314.4743024963289, 239.42364170337737], ""area_px"": 227.0, ""has_hole"": true}]",0.0,0.0,0.0,0.27
1784257944.707021,ACTIVE,APPROACH,4.040126200008672,0,491511,True,773,3,0.9264434398086023,0,False,,0.07355656019139771,0,340.9035163732555,86.40528748213688,21926.0,"[{""bbox"": [266, 12, 150, 150], ""centroid"": [340.9035163732555, 86.40528748213688], ""area_px"": 21926.0, ""has_hole"": true}, {""bbox"": [332, 196, 30, 31], ""centroid"": [346.50506302955154, 211.09258111179994], ""area_px"": 806.5, ""has_hole"": true}, {""bbox"": [305, 232, 21, 16], ""centroid"": [314.24035812672173, 239.46763085399448], ""area_px"": 242.0, ""has_hole"": true}]",0.0,0.0,0.0,0.27
1784257944.7266948,ACTIVE,APPROACH,4.059902400011197,0,491511,True,776,3,1.0,0,True,acquired,,0,340.9035163732555,86.40528748213688,21926.0,"[{""bbox"": [266, 12, 150, 150], ""centroid"": [340.9035163732555, 86.40528748213688], ""area_px"": 21926.0, ""has_hole"": true}, {""bbox"": [332, 196, 30, 31], ""centroid"": [346.50506302955154, 211.09258111179994], ""area_px"": 806.5, ""has_hole"": true}, {""bbox"": [305, 232, 21, 16], ""centroid"": [314.24035812672173, 239.46763085399448], ""area_px"": 242.0, ""has_hole"": true}]",0.0,0.0,0.0,0.27
1784257944.7468357,ACTIVE,APPROACH,4.079981699993368,0,491512,True,778,3,1.0,0,True,acquired,,1,346.55731385676603,211.2517752079529,821.5,"[{""bbox"": [264, 4, 157, 158], ""centroid"": [341.7472986601354, 82.51367649782864], ""area_px"": 24293.5, ""has_hole"": true}, {""bbox"": [332, 196, 30, 31], ""centroid"": [346.55731385676603, 211.2517752079529], ""area_px"": 821.5, ""has_hole"": true}, {""bbox"": [305, 232, 21, 17], ""centroid"": [314.06466666666665, 239.948], ""area_px"": 250.0, ""has_hole"": true}]",0.0,0.0,0.0,0.27
1784257944.7674184,ACTIVE,APPROACH,4.1005598999909125,0,491513,True,779,3,0.9746654861620276,0,False,,0.02533451383797231,1,346.47199373286327,211.7587152369761,851.0,"[{""bbox"": [261, 0, 165, 161], ""centroid"": [342.906002381642, 79.71129348910559], ""area_px"": 25892.5, ""has_hole"": true}, {""bbox"": [331, 196, 31, 32], ""centroid"": [346.47199373286327, 211.7587152369761], ""area_px"": 851.0, ""has_hole"": true}, {""bbox"": [304, 233, 22, 17], ""centroid"": [313.67127799736494, 240.43741765480894], ""area_px"": 253.0, ""has_hole"": true}]",0.0,0.0,0.0,0.27
1784257944.786623,ACTIVE,APPROACH,4.119749000004958,0,491513,True,782,3,1.0,0,True,acquired,,1,346.47199373286327,211.7587152369761,851.0,"[{""bbox"": [261, 0, 165, 161], ""centroid"": [342.906002381642, 79.71129348910559], ""area_px"": 25892.5, ""has_hole"": true}, {""bbox"": [331, 196, 31, 32], ""centroid"": [346.47199373286327, 211.7587152369761], ""area_px"": 851.0, ""has_hole"": true}, {""bbox"": [304, 233, 22, 17], ""centroid"": [313.67127799736494, 240.43741765480894], ""area_px"": 253.0, ""has_hole"": true}]",0.0,0.0,0.0,0.27
1784257944.806585,ACTIVE,APPROACH,4.139736599987373,0,491514,True,783,3,0.9710264628043715,0,False,,0.02897353719562848,1,346.84555618722754,211.7295812014402,879.5,"[{""bbox"": [258, 0, 174, 160], ""centroid"": [344.21895672186423, 79.59371596300467], ""area_px"": 27084.5, ""has_hole"": true}, {""bbox"": [330, 196, 34, 32], ""centroid"": [346.84555618722754, 211.7295812014402], ""area_px"": 879.5, ""has_hole"": true}, {""bbox"": [304, 234, 22, 16], ""centroid"": [313.52766251728906, 240.6528354080221], ""area_px"": 241.0, ""has_hole"": true}]",0.0,0.0,0.0,0.27
1784257944.82941,ACTIVE,APPROACH,4.162494299991522,0,491514,True,786,3,1.0,0,True,acquired,,1,346.84555618722754,211.7295812014402,879.5,"[{""bbox"": [258, 0, 174, 160], ""centroid"": [344.21895672186423, 79.59371596300467], ""area_px"": 27084.5, ""has_hole"": true}, {""bbox"": [330, 196, 34, 32], ""centroid"": [346.84555618722754, 211.7295812014402], ""area_px"": 879.5, ""has_hole"": true}, {""bbox"": [304, 234, 22, 16], ""centroid"": [313.52766251728906, 240.6528354080221], ""area_px"": 241.0, ""has_hole"": true}]",0.0,0.0,0.0,0.27
1784257944.846847,ACTIVE,APPROACH,4.179987200011965,0,491515,True,787,3,1.0,0,True,acquired,,1,347.251015134736,212.35455887781467,903.0,"[{""bbox"": [255, 0, 183, 159], ""centroid"": [345.8926760314515, 78.98988132049357], ""area_px"": 28297.5, ""has_hole"": true}, {""bbox"": [327, 197, 37, 31], ""centroid"": [347.251015134736, 212.35455887781467], ""area_px"": 903.0, ""has_hole"": true}, {""bbox"": [304, 234, 22, 16], ""centroid"": [313.5107095046854, 240.98862115127176], ""area_px"": 249.0, ""has_hole"": true}]",0.0,0.0,0.0,0.27
1784257944.867135,ACTIVE,APPROACH,4.200261799967848,0,491516,True,789,3,1.0,0,True,acquired,,1,347.784477945282,212.4325330355481,895.5,"[{""bbox"": [250, 0, 195, 157], ""centroid"": [347.3405031806723, 77.58719196887265], ""area_px"": 29684.5, ""has_hole"": true}, {""bbox"": [327, 197, 37, 31], ""centroid"": [347.784477945282, 212.4325330355481], ""area_px"": 895.5, ""has_hole"": true}, {""bbox"": [304, 234, 22, 17], ""centroid"": [313.9039440203562, 241.13931297709922], ""area_px"": 262.0, ""has_hole"": true}]",0.0,0.0,0.0,0.27
1784257944.8868225,ACTIVE,APPROACH,4.219954899977893,0,491516,True,791,3,1.0,0,True,acquired,,1,347.784477945282,212.4325330355481,895.5,"[{""bbox"": [250, 0, 195, 157], ""centroid"": [347.3405031806723, 77.58719196887265], ""area_px"": 29684.5, ""has_hole"": true}, {""bbox"": [327, 197, 37, 31], ""centroid"": [347.784477945282, 212.4325330355481], ""area_px"": 895.5, ""has_hole"": true}, {""bbox"": [304, 234, 22, 17], ""centroid"": [313.9039440203562, 241.13931297709922], ""area_px"": 262.0, ""has_hole"": true}]",0.0,0.0,0.0,0.27
1784257944.906971,ACTIVE,APPROACH,4.240012199967168,0,491517,True,793,3,1.0,0,True,acquired,,1,347.71010541621223,213.28571428571428,917.0,"[{""bbox"": [246, 0, 207, 157], ""centroid"": [350.374822593144, 91.03842436590654], ""area_px"": 19141.5, ""has_hole"": false}, {""bbox"": [330, 198, 34, 32], ""centroid"": [347.71010541621223, 213.28571428571428], ""area_px"": 917.0, ""has_hole"": true}, {""bbox"": [304, 234, 22, 17], ""centroid"": [313.92490118577075, 241.39855072463766], ""area_px"": 253.0, ""has_hole"": true}]",0.0,0.0,0.0,0.27
1784257944.9269743,ACTIVE,APPROACH,4.260135199991055,0,491517,True,795,3,1.0,0,True,acquired,,1,347.71010541621223,213.28571428571428,917.0,"[{""bbox"": [246, 0, 207, 157], ""centroid"": [350.374822593144, 91.03842436590654], ""area_px"": 19141.5, ""has_hole"": false}, {""bbox"": [330, 198, 34, 32], ""centroid"": [347.71010541621223, 213.28571428571428], ""area_px"": 917.0, ""has_hole"": true}, {""bbox"": [304, 234, 22, 17], ""centroid"": [313.92490118577075, 241.39855072463766], ""area_px"": 253.0, ""has_hole"": true}]",0.0,0.0,0.0,0.27
1784257944.9466465,ACTIVE,APPROACH,4.279828900005668,0,491518,True,796,3,1.0,0,True,acquired,,1,347.8211559432933,213.30625227190112,917.0,"[{""bbox"": [241, 0, 220, 155], ""centroid"": [351.50252018595546, 90.34924557540168], ""area_px"": 20435.0, ""has_hole"": true}, {""bbox"": [327, 198, 37, 32], ""centroid"": [347.8211559432933, 213.30625227190112], ""area_px"": 917.0, ""has_hole"": true}, {""bbox"": [304, 234, 22, 18], ""centroid"": [313.79786566227244, 241.7771500313873], ""area_px"": 265.5, ""has_hole"": true}]",0.0,0.0,0.0,0.27
1784257944.9669468,ACTIVE,APPROACH,4.300040500005707,0,491519,True,797,2,0.9456410088457697,0,False,,0.05435899115423024,0,348.479641131815,213.48481711525187,966.0,"[{""bbox"": [332, 198, 34, 32], ""centroid"": [348.479641131815, 213.48481711525187], ""area_px"": 966.0, ""has_hole"": true}, {""bbox"": [304, 235, 22, 18], ""centroid"": [313.59045848822797, 242.2719950433705], ""area_px"": 269.0, ""has_hole"": true}]",0.0,0.0,0.0,0.27
1784257944.9871128,ACTIVE,APPROACH,4.320027899986599,0,491519,True,799,2,1.0,0,True,acquired,,0,348.479641131815,213.48481711525187,966.0,"[{""bbox"": [332, 198, 34, 32], ""centroid"": [348.479641131815, 213.48481711525187], ""area_px"": 966.0, ""has_hole"": true}, {""bbox"": [304, 235, 22, 18], ""centroid"": [313.59045848822797, 242.2719950433705], ""area_px"": 269.0, ""has_hole"": true}]",0.0,0.0,0.0,0.27
1784257945.006538,ACTIVE,APPROACH,4.3397019999683835,0,491519,True,801,2,1.0,0,True,acquired,,0,348.479641131815,213.48481711525187,966.0,"[{""bbox"": [332, 198, 34, 32], ""centroid"": [348.479641131815, 213.48481711525187], ""area_px"": 966.0, ""has_hole"": true}, {""bbox"": [304, 235, 22, 18], ""centroid"": [313.59045848822797, 242.2719950433705], ""area_px"": 269.0, ""has_hole"": true}]",0.0,0.0,0.0,0.27
1784257945.0268185,ACTIVE,APPROACH,4.3600476999999955,0,491520,True,804,1,1.0,0,True,acquired,,0,348.59045183290704,213.49053708439897,977.5,"[{""bbox"": [332, 198, 34, 32], ""centroid"": [348.59045183290704, 213.49053708439897], ""area_px"": 977.5, ""has_hole"": true}]",0.0,0.0,0.0,0.27
1784257945.0474193,ACTIVE,APPROACH,4.3805289000156336,0,491521,True,806,2,1.0,0,True,acquired,,0,349.05072819505807,214.12387497954506,1018.5,"[{""bbox"": [331, 198, 35, 34], ""centroid"": [349.05072819505807, 214.12387497954506], ""area_px"": 1018.5, ""has_hole"": true}, {""bbox"": [304, 235, 22, 18], ""centroid"": [312.9803536345776, 243.21741977734118], ""area_px"": 254.5, ""has_hole"": true}]",0.0,0.0,0.0,0.27
1784257945.067072,ACTIVE,APPROACH,4.400171199988108,0,491522,True,807,2,0.9695272395083941,0,False,,0.030472760491605883,0,348.8251252808018,214.8068083635735,964.5,"[{""bbox"": [330, 199, 36, 33], ""centroid"": [348.8251252808018, 214.8068083635735], ""area_px"": 964.5, ""has_hole"": true}, {""bbox"": [304, 235, 22, 18], ""centroid"": [313.7599754450583, 242.9625537139349], ""area_px"": 271.5, ""has_hole"": true}]",0.0,0.0,0.0,0.27
1784257945.0872107,ACTIVE,APPROACH,4.4200234999880195,0,491522,True,809,2,1.0,0,True,acquired,,0,348.8251252808018,214.8068083635735,964.5,"[{""bbox"": [330, 199, 36, 33], ""centroid"": [348.8251252808018, 214.8068083635735], ""area_px"": 964.5, ""has_hole"": true}, {""bbox"": [304, 235, 22, 18], ""centroid"": [313.7599754450583, 242.9625537139349], ""area_px"": 271.5, ""has_hole"": true}]",0.0,0.0,0.0,0.27
1784257945.107441,ACTIVE,APPROACH,4.440538899973035,0,491523,True,810,2,0.9832271038426679,0,False,,0.016772896157332073,0,349.08316291751873,215.99267211997272,978.0,"[{""bbox"": [330, 199, 37, 33], ""centroid"": [349.08316291751873, 215.99267211997272], ""area_px"": 978.0, ""has_hole"": true}, {""bbox"": [305, 235, 21, 17], ""centroid"": [313.7385229540918, 242.89554224883565], ""area_px"": 250.5, ""has_hole"": true}]",0.0,0.0,0.0,0.27
1784257945.1270456,ACTIVE,APPROACH,4.460148799989838,0,491523,True,812,2,1.0,0,True,acquired,,0,349.08316291751873,215.99267211997272,978.0,"[{""bbox"": [330, 199, 37, 33], ""centroid"": [349.08316291751873, 215.99267211997272], ""area_px"": 978.0, ""has_hole"": true}, {""bbox"": [305, 235, 21, 17], ""centroid"": [313.7385229540918, 242.89554224883565], ""area_px"": 250.5, ""has_hole"": true}]",0.0,0.0,0.0,0.27
1784257945.1467319,ACTIVE,APPROACH,4.479887499997858,0,491524,True,814,2,1.0,0,True,acquired,,0,348.80111797587523,218.03442188879083,566.5,"[{""bbox"": [333, 199, 35, 34], ""centroid"": [348.80111797587523, 218.03442188879083], ""area_px"": 566.5, ""has_hole"": false}, {""bbox"": [304, 235, 22, 19], ""centroid"": [313.5178799489144, 243.7560664112388], ""area_px"": 261.0, ""has_hole"": true}]",0.0,0.0,0.0,0.27
1784257945.1670601,ACTIVE,APPROACH,4.500205899996217,0,491525,True,815,2,0.9309699361082262,0,False,,0.06903006389177377,0,346.88117573483424,220.24015009380864,533.0,"[{""bbox"": [327, 199, 41, 35], ""centroid"": [346.88117573483424, 220.24015009380864], ""area_px"": 533.0, ""has_hole"": false}, {""bbox"": [304, 235, 22, 19], ""centroid"": [312.8670447385003, 243.8601134215501], ""area_px"": 264.5, ""has_hole"": true}]",0.0,0.0,0.0,0.27
1784257945.187125,ACTIVE,APPROACH,4.520258100004867,0,491525,True,818,2,1.0,0,True,acquired,,0,346.88117573483424,220.24015009380864,533.0,"[{""bbox"": [327, 199, 41, 35], ""centroid"": [346.88117573483424, 220.24015009380864], ""area_px"": 533.0, ""has_hole"": false}, {""bbox"": [304, 235, 22, 19], ""centroid"": [312.8670447385003, 243.8601134215501], ""area_px"": 264.5, ""has_hole"": true}]",0.0,0.0,0.0,0.27
1784257945.2067933,ACTIVE,APPROACH,4.539998299966101,0,491526,True,821,2,1.0,0,True,acquired,,0,345.7476894639556,221.4845964263709,541.0,"[{""bbox"": [327, 200, 41, 34], ""centroid"": [345.7476894639556, 221.4845964263709], ""area_px"": 541.0, ""has_hole"": false}, {""bbox"": [304, 236, 22, 18], ""centroid"": [312.75, 244.4318734793187], ""area_px"": 274.0, ""has_hole"": true}]",0.0,0.0,0.0,0.27
1784257945.2266264,ACTIVE,APPROACH,4.559810100006871,0,491526,True,824,2,1.0,0,True,acquired,,0,345.7476894639556,221.4845964263709,541.0,"[{""bbox"": [327, 200, 41, 34], ""centroid"": [345.7476894639556, 221.4845964263709], ""area_px"": 541.0, ""has_hole"": false}, {""bbox"": [304, 236, 22, 18], ""centroid"": [312.75, 244.4318734793187], ""area_px"": 274.0, ""has_hole"": true}]",0.0,0.0,0.0,0.27
1784257945.2474635,ACTIVE,APPROACH,4.58042509999359,0,491527,True,826,2,1.0,0,True,acquired,,0,345.60214067278287,221.87339449541284,545.0,"[{""bbox"": [327, 200, 42, 35], ""centroid"": [345.60214067278287, 221.87339449541284], ""area_px"": 545.0, ""has_hole"": false}, {""bbox"": [304, 236, 22, 18], ""centroid"": [312.8153153153153, 244.66409266409266], ""area_px"": 259.0, ""has_hole"": true}]",0.0,0.0,0.0,0.27
1784257945.2673907,ACTIVE,APPROACH,4.600497599982191,0,491528,True,828,1,0.9819773522964601,0,False,,0.01802264770353989,0,344.66008771929825,221.87781954887217,532.0,"[{""bbox"": [327, 200, 42, 36], ""centroid"": [344.66008771929825, 221.87781954887217], ""area_px"": 532.0, ""has_hole"": false}]",0.0,0.0,0.0,0.27
1784257945.2869494,ACTIVE,APPROACH,4.6201068999944255,0,491528,True,831,1,1.0,0,True,acquired,,0,344.66008771929825,221.87781954887217,532.0,"[{""bbox"": [327, 200, 42, 36], ""centroid"": [344.66008771929825, 221.87781954887217], ""area_px"": 532.0, ""has_hole"": false}]",0.0,0.0,0.0,0.27
1784257945.3068526,ACTIVE,APPROACH,4.640025899978355,0,491529,True,833,1,1.0,0,True,acquired,,0,344.4813753581662,222.14899713467048,523.5,"[{""bbox"": [327, 200, 43, 36], ""centroid"": [344.4813753581662, 222.14899713467048], ""area_px"": 523.5, ""has_hole"": false}]",0.0,0.0,0.0,0.27
1784257945.326731,ACTIVE,APPROACH,4.659882700012531,0,491529,True,835,1,1.0,0,True,acquired,,0,344.4813753581662,222.14899713467048,523.5,"[{""bbox"": [327, 200, 43, 36], ""centroid"": [344.4813753581662, 222.14899713467048], ""area_px"": 523.5, ""has_hole"": false}]",0.0,0.0,0.0,0.27
1784257945.3465693,ACTIVE,APPROACH,4.679759199963883,0,491530,True,837,2,1.0,0,True,acquired,,0,344.85971812520484,221.38151425762047,508.5,"[{""bbox"": [327, 201, 43, 36], ""centroid"": [344.85971812520484, 221.38151425762047], ""area_px"": 508.5, ""has_hole"": false}, {""bbox"": [304, 236, 22, 20], ""centroid"": [312.85274183610596, 245.22797288971037], ""area_px"": 270.5, ""has_hole"": true}]",0.0,0.0,0.0,0.27
1784257945.3674984,ACTIVE,APPROACH,4.700146000017412,0,491531,True,839,1,0.9357610069748754,0,False,,0.0642389930251246,0,346.42620650953984,219.26599326599327,594.0,"[{""bbox"": [327, 201, 43, 37], ""centroid"": [346.42620650953984, 219.26599326599327], ""area_px"": 594.0, ""has_hole"": false}]",0.0,0.0,0.0,0.27
1784257945.3866794,ACTIVE,APPROACH,4.71980129997246,0,491531,True,842,1,1.0,0,True,acquired,,0,346.42620650953984,219.26599326599327,594.0,"[{""bbox"": [327, 201, 43, 37], ""centroid"": [346.42620650953984, 219.26599326599327], ""area_px"": 594.0, ""has_hole"": false}]",0.0,0.0,0.0,0.27
1784257945.4069579,ACTIVE,APPROACH,4.740091099985875,0,491532,True,844,2,1.0,0,True,acquired,,0,346.5763422818792,217.32438478747204,596.0,"[{""bbox"": [327, 201, 45, 37], ""centroid"": [346.5763422818792, 217.32438478747204], ""area_px"": 596.0, ""has_hole"": false}, {""bbox"": [304, 236, 22, 21], ""centroid"": [312.9266666666667, 245.55757575757573], ""area_px"": 275.0, ""has_hole"": true}]",0.0,0.0,0.0,0.27
1784257945.4265869,ACTIVE,APPROACH,4.759729899989907,0,491532,True,846,2,1.0,0,True,acquired,,0,346.5763422818792,217.32438478747204,596.0,"[{""bbox"": [327, 201, 45, 37], ""centroid"": [346.5763422818792, 217.32438478747204], ""area_px"": 596.0, ""has_hole"": false}, {""bbox"": [304, 236, 22, 21], ""centroid"": [312.9266666666667, 245.55757575757573], ""area_px"": 275.0, ""has_hole"": true}]",0.0,0.0,0.0,0.27
1784257945.4470553,ACTIVE,APPROACH,4.780188700009603,0,491533,True,848,1,1.0,0,True,acquired,,0,345.8935837245696,218.98408972352632,639.0,"[{""bbox"": [326, 202, 46, 38], ""centroid"": [345.8935837245696, 218.98408972352632], ""area_px"": 639.0, ""has_hole"": false}]",0.0,0.0,0.0,0.27
1784257945.466948,ACTIVE,APPROACH,4.800061399990227,0,491534,True,850,1,1.0,0,True,acquired,,0,349.91356411931196,220.6662312214239,765.5,"[{""bbox"": [327, 202, 46, 38], ""centroid"": [349.91356411931196, 220.6662312214239], ""area_px"": 765.5, ""has_hole"": false}]",0.0,0.0,0.0,0.27
1784257945.4871838,ACTIVE,APPROACH,4.819961900007911,0,491534,True,853,1,1.0,0,True,acquired,,0,349.91356411931196,220.6662312214239,765.5,"[{""bbox"": [327, 202, 46, 38], ""centroid"": [349.91356411931196, 220.6662312214239], ""area_px"": 765.5, ""has_hole"": false}]",0.0,0.0,0.0,0.27
1784257945.507184,ACTIVE,APPROACH,4.84035919996677,0,491535,True,855,2,1.0,0,True,acquired,,0,351.08101010101007,221.07393939393938,825.0,"[{""bbox"": [327, 202, 47, 39], ""centroid"": [351.08101010101007, 221.07393939393938], ""area_px"": 825.0, ""has_hole"": false}, {""bbox"": [304, 237, 22, 21], ""centroid"": [313.1063829787234, 247.0343698854337], ""area_px"": 305.5, ""has_hole"": true}]",0.0,0.0,0.0,0.27
1784257945.526642,ACTIVE,APPROACH,4.859755699988455,0,491535,True,858,2,1.0,0,True,acquired,,0,351.08101010101007,221.07393939393938,825.0,"[{""bbox"": [327, 202, 47, 39], ""centroid"": [351.08101010101007, 221.07393939393938], ""area_px"": 825.0, ""has_hole"": false}, {""bbox"": [304, 237, 22, 21], ""centroid"": [313.1063829787234, 247.0343698854337], ""area_px"": 305.5, ""has_hole"": true}]",0.0,0.0,0.0,0.27
1784257945.5468519,ACTIVE,APPROACH,4.880014099995606,0,491536,True,859,2,1.0,0,True,acquired,,0,351.18205435651475,221.67605915267782,834.0,"[{""bbox"": [327, 202, 47, 40], ""centroid"": [351.18205435651475, 221.67605915267782], ""area_px"": 834.0, ""has_hole"": false}, {""bbox"": [304, 237, 23, 21], ""centroid"": [313.33444444444444, 247.31666666666666], ""area_px"": 300.0, ""has_hole"": true}]",0.0,0.0,0.0,0.27
1784257945.567002,ACTIVE,APPROACH,4.900136200012639,0,491537,True,861,2,0.9697336324618562,0,False,,0.03026636753814381,0,351.77489427143405,222.6111111111111,867.0,"[{""bbox"": [327, 203, 49, 39], ""centroid"": [351.77489427143405, 222.6111111111111], ""area_px"": 867.0, ""has_hole"": false}, {""bbox"": [303, 237, 23, 23], ""centroid"": [312.7551124744376, 247.6768916155419], ""area_px"": 326.0, ""has_hole"": true}]",0.0,0.0,0.0,0.27
1784257945.5867057,ACTIVE,APPROACH,4.919850300007965,0,491537,True,864,2,1.0,0,True,acquired,,0,351.77489427143405,222.6111111111111,867.0,"[{""bbox"": [327, 203, 49, 39], ""centroid"": [351.77489427143405, 222.6111111111111], ""area_px"": 867.0, ""has_hole"": false}, {""bbox"": [303, 237, 23, 23], ""centroid"": [312.7551124744376, 247.6768916155419], ""area_px"": 326.0, ""has_hole"": true}]",0.0,0.0,0.0,0.27
1784257945.606851,ACTIVE,APPROACH,4.940042199974414,0,491538,True,866,2,1.0,0,True,acquired,,0,354.0664977069756,222.7546463915037,1381.0,"[{""bbox"": [329, 204, 47, 40], ""centroid"": [354.0664977069756, 222.7546463915037], ""area_px"": 1381.0, ""has_hole"": true}, {""bbox"": [302, 237, 25, 23], ""centroid"": [312.9584, 248.2757333333333], ""area_px"": 312.5, ""has_hole"": true}]",0.0,0.0,0.0,0.27
1784257945.6268792,ACTIVE,APPROACH,4.960086899984162,0,491539,True,868,2,0.8667455196568268,0,False,,0.13325448034317328,0,353.09981378026066,222.26983240223464,895.0,"[{""bbox"": [327, 204, 49, 40], ""centroid"": [353.09981378026066, 222.26983240223464], ""area_px"": 895.0, ""has_hole"": false}, {""bbox"": [302, 238, 25, 22], ""centroid"": [312.85055724417424, 248.93920972644378], ""area_px"": 329.0, ""has_hole"": true}]",0.0,0.0,0.0,0.27
1784257945.6466398,ACTIVE,APPROACH,4.9797868999885395,0,491539,True,871,2,1.0,0,True,acquired,,0,353.09981378026066,222.26983240223464,895.0,"[{""bbox"": [327, 204, 49, 40], ""centroid"": [353.09981378026066, 222.26983240223464], ""area_px"": 895.0, ""has_hole"": false}, {""bbox"": [302, 238, 25, 22], ""centroid"": [312.85055724417424, 248.93920972644378], ""area_px"": 329.0, ""has_hole"": true}]",0.0,0.0,0.0,0.27
1784257945.666721,ACTIVE,APPROACH,4.999871800013352,0,491540,True,873,2,0.9472620056514126,0,False,,0.05273799434858735,0,353.5848577235772,223.16581978319783,984.0,"[{""bbox"": [326, 204, 52, 42], ""centroid"": [353.5848577235772, 223.16581978319783], ""area_px"": 984.0, ""has_hole"": false}, {""bbox"": [302, 238, 25, 22], ""centroid"": [313.61775771256583, 247.69525959367945], ""area_px"": 221.5, ""has_hole"": false}]",0.0,0.0,0.0,0.27
1784257945.6872346,ACTIVE,APPROACH,5.020326900004875,0,491540,True,876,2,1.0,0,True,acquired,,0,353.5848577235772,223.16581978319783,984.0,"[{""bbox"": [326, 204, 52, 42], ""centroid"": [353.5848577235772, 223.16581978319783], ""area_px"": 984.0, ""has_hole"": false}, {""bbox"": [302, 238, 25, 22], ""centroid"": [313.61775771256583, 247.69525959367945], ""area_px"": 221.5, ""has_hole"": false}]",0.0,0.0,0.0,0.27
1784257945.7067363,ACTIVE,APPROACH,5.039896100002807,0,491541,True,877,2,0.9871015209645986,0,False,,0.012898479035401414,0,354.789287518949,223.2388411655718,989.5,"[{""bbox"": [327, 204, 51, 42], ""centroid"": [354.789287518949, 223.2388411655718], ""area_px"": 989.5, ""has_hole"": false}, {""bbox"": [302, 238, 24, 23], ""centroid"": [313.6681922196796, 248.28604118993135], ""area_px"": 218.5, ""has_hole"": false}]",0.0,0.0,0.0,0.27
1784257945.7267811,ACTIVE,APPROACH,5.059696500014979,0,491541,True,880,2,1.0,0,True,acquired,,0,354.789287518949,223.2388411655718,989.5,"[{""bbox"": [327, 204, 51, 42], ""centroid"": [354.789287518949, 223.2388411655718], ""area_px"": 989.5, ""has_hole"": false}, {""bbox"": [302, 238, 24, 23], ""centroid"": [313.6681922196796, 248.28604118993135], ""area_px"": 218.5, ""has_hole"": false}]",0.0,0.0,0.0,0.27
1784257945.7474124,ACTIVE,APPROACH,5.080542800016701,0,491542,True,882,2,1.0,0,True,acquired,,0,354.75750280853794,224.27764403787512,1038.5,"[{""bbox"": [327, 205, 52, 43], ""centroid"": [354.75750280853794, 224.27764403787512], ""area_px"": 1038.5, ""has_hole"": false}, {""bbox"": [302, 238, 25, 24], ""centroid"": [314.05399061032864, 248.49765258215962], ""area_px"": 213.0, ""has_hole"": false}]",0.0,0.0,0.0,0.27
1784257945.7674322,ACTIVE,APPROACH,5.100321699981578,0,491543,True,883,2,0.9686261349950039,0,False,,0.03137386500499603,0,356.15701593137254,225.18673406862743,1088.0,"[{""bbox"": [327, 206, 53, 42], ""centroid"": [356.15701593137254, 225.18673406862743], ""area_px"": 1088.0, ""has_hole"": false}, {""bbox"": [302, 238, 24, 25], ""centroid"": [313.8996983408748, 249.46681749622925], ""area_px"": 221.0, ""has_hole"": false}]",0.0,0.0,0.0,0.27
1784257945.787153,ACTIVE,APPROACH,5.120250999985728,0,491543,True,886,2,1.0,0,True,acquired,,0,356.15701593137254,225.18673406862743,1088.0,"[{""bbox"": [327, 206, 53, 42], ""centroid"": [356.15701593137254, 225.18673406862743], ""area_px"": 1088.0, ""has_hole"": false}, {""bbox"": [302, 238, 24, 25], ""centroid"": [313.8996983408748, 249.46681749622925], ""area_px"": 221.0, ""has_hole"": false}]",0.0,0.0,0.0,0.27
1784257945.8067966,ACTIVE,APPROACH,5.139884800009895,0,491544,True,887,2,0.8527413950132872,0,False,,0.14725860498671287,0,356.54819159335284,227.65552297165198,1705.0,"[{""bbox"": [327, 206, 53, 44], ""centroid"": [356.54819159335284, 227.65552297165198], ""area_px"": 1705.0, ""has_hole"": true}, {""bbox"": [302, 238, 25, 24], ""centroid"": [313.88377192982455, 249.4159356725146], ""area_px"": 228.0, ""has_hole"": false}]",0.0,0.0,0.0,0.27
1784257945.8270295,ACTIVE,APPROACH,5.160126100003254,0,491544,True,890,2,1.0,0,True,acquired,,0,356.54819159335284,227.65552297165198,1705.0,"[{""bbox"": [327, 206, 53, 44], ""centroid"": [356.54819159335284, 227.65552297165198], ""area_px"": 1705.0, ""has_hole"": true}, {""bbox"": [302, 238, 25, 24], ""centroid"": [313.88377192982455, 249.4159356725146], ""area_px"": 228.0, ""has_hole"": false}]",0.0,0.0,0.0,0.27
1784257945.847286,ACTIVE,APPROACH,5.180339300015476,0,491545,True,892,2,1.0,0,True,acquired,,0,357.11352859135286,228.20929800092978,1792.5,"[{""bbox"": [327, 206, 55, 53], ""centroid"": [357.11352859135286, 228.20929800092978], ""area_px"": 1792.5, ""has_hole"": true}, {""bbox"": [302, 239, 25, 24], ""centroid"": [312.9717838354854, 251.54567192730747], ""area_px"": 348.5, ""has_hole"": true}]",0.0,0.0,0.0,0.27
1784257945.866852,ACTIVE,APPROACH,5.1999752999981865,0,491546,True,893,2,0.9693578473566431,0,False,,0.030642152643356874,0,358.099597761455,229.49580272822666,1906.0,"[{""bbox"": [327, 207, 55, 52], ""centroid"": [358.099597761455, 229.49580272822666], ""area_px"": 1906.0, ""has_hole"": true}, {""bbox"": [302, 239, 25, 24], ""centroid"": [313.7753779697624, 250.5183585313175], ""area_px"": 231.5, ""has_hole"": false}]",0.0,0.0,0.0,0.27
1784257945.8878436,ACTIVE,APPROACH,5.220344399975147,0,491546,True,895,2,1.0,0,True,acquired,,0,358.099597761455,229.49580272822666,1906.0,"[{""bbox"": [327, 207, 55, 52], ""centroid"": [358.099597761455, 229.49580272822666], ""area_px"": 1906.0, ""has_hole"": true}, {""bbox"": [302, 239, 25, 24], ""centroid"": [313.7753779697624, 250.5183585313175], ""area_px"": 231.5, ""has_hole"": false}]",0.0,0.0,0.0,0.27
1784257945.9068258,ACTIVE,APPROACH,5.23997049999889,0,491547,True,897,2,1.0,0,True,acquired,,0,359.1670810542019,230.52187966185977,2011.0,"[{""bbox"": [327, 208, 57, 51], ""centroid"": [359.1670810542019, 230.52187966185977], ""area_px"": 2011.0, ""has_hole"": true}, {""bbox"": [301, 239, 25, 25], ""centroid"": [312.55309926311224, 252.35674035543994], ""area_px"": 384.5, ""has_hole"": true}]",0.0,0.0,0.0,0.27
1784257945.926761,ACTIVE,APPROACH,5.259915400005411,0,491547,True,900,2,1.0,0,True,acquired,,0,359.1670810542019,230.52187966185977,2011.0,"[{""bbox"": [327, 208, 57, 51], ""centroid"": [359.1670810542019, 230.52187966185977], ""area_px"": 2011.0, ""has_hole"": true}, {""bbox"": [301, 239, 25, 25], ""centroid"": [312.55309926311224, 252.35674035543994], ""area_px"": 384.5, ""has_hole"": true}]",0.0,0.0,0.0,0.27
1784257945.9468837,ACTIVE,APPROACH,5.280000599974301,0,491548,True,901,2,1.0,0,True,acquired,,0,358.79785247432307,232.2660286336757,2142.0,"[{""bbox"": [327, 208, 57, 58], ""centroid"": [358.79785247432307, 232.2660286336757], ""area_px"": 2142.0, ""has_hole"": true}, {""bbox"": [301, 239, 26, 26], ""centroid"": [312.6797728265618, 253.08475316732196], ""area_px"": 381.5, ""has_hole"": true}]",0.0,0.0,0.0,0.27
1784257945.966901,ACTIVE,APPROACH,5.300059699977282,0,491548,True,904,2,1.0,0,True,acquired,,0,358.79785247432307,232.2660286336757,2142.0,"[{""bbox"": [327, 208, 57, 58], ""centroid"": [358.79785247432307, 232.2660286336757], ""area_px"": 2142.0, ""has_hole"": true}, {""bbox"": [301, 239, 26, 26], ""centroid"": [312.6797728265618, 253.08475316732196], ""area_px"": 381.5, ""has_hole"": true}]",0.0,0.0,0.0,0.27
1784257945.986991,ACTIVE,APPROACH,5.320106200000737,0,491549,True,906,2,1.0,0,True,acquired,,0,360.59577085736254,233.0063052672049,2167.5,"[{""bbox"": [333, 208, 53, 58], ""centroid"": [360.59577085736254, 233.0063052672049], ""area_px"": 2167.5, ""has_hole"": true}, {""bbox"": [301, 239, 26, 27], ""centroid"": [312.4390350877193, 253.4254385964912], ""area_px"": 380.0, ""has_hole"": true}]",0.0,0.0,0.0,0.27
1784257946.0066612,ACTIVE,APPROACH,5.339785200019833,0,491550,True,908,2,0.9506825114002673,0,False,,0.04931748859973274,0,362.1051502145923,233.13678270545222,2097.0,"[{""bbox"": [334, 210, 52, 50], ""centroid"": [362.1051502145923, 233.13678270545222], ""area_px"": 2097.0, ""has_hole"": true}, {""bbox"": [302, 240, 25, 26], ""centroid"": [312.6908776480761, 254.1673151750973], ""area_px"": 385.5, ""has_hole"": true}]",0.0,0.0,0.0,0.27
1784257946.0272577,ACTIVE,APPROACH,5.360370000009425,0,491550,True,911,2,1.0,0,True,acquired,,0,362.1051502145923,233.13678270545222,2097.0,"[{""bbox"": [334, 210, 52, 50], ""centroid"": [362.1051502145923, 233.13678270545222], ""area_px"": 2097.0, ""has_hole"": true}, {""bbox"": [302, 240, 25, 26], ""centroid"": [312.6908776480761, 254.1673151750973], ""area_px"": 385.5, ""has_hole"": true}]",0.0,0.0,0.0,0.27
1784257946.0468554,ACTIVE,APPROACH,5.3797710000071675,0,491551,True,912,2,1.0,0,True,acquired,,0,362.2082971957213,234.64346631974556,2306.0,"[{""bbox"": [333, 210, 55, 57], ""centroid"": [362.2082971957213, 234.64346631974556], ""area_px"": 2306.0, ""has_hole"": true}, {""bbox"": [301, 240, 25, 26], ""centroid"": [312.54314498466925, 254.11300919842313], ""area_px"": 380.5, ""has_hole"": true}]",0.0,0.0,0.0,0.27
1784257946.066921,ACTIVE,APPROACH,5.400018799991813,0,491552,True,914,2,0.9798813123870665,0,False,,0.02011868761293348,0,362.3781062553556,236.2251499571551,2334.0,"[{""bbox"": [333, 211, 55, 57], ""centroid"": [362.3781062553556, 236.2251499571551], ""area_px"": 2334.0, ""has_hole"": true}, {""bbox"": [302, 240, 24, 27], ""centroid"": [312.6004415011037, 254.88653421633552], ""area_px"": 377.5, ""has_hole"": true}]",0.0,0.0,0.0,0.27
1784257946.0870707,ACTIVE,APPROACH,5.420172500016633,0,491552,True,916,2,1.0,0,True,acquired,,0,362.3781062553556,236.2251499571551,2334.0,"[{""bbox"": [333, 211, 55, 57], ""centroid"": [362.3781062553556, 236.2251499571551], ""area_px"": 2334.0, ""has_hole"": true}, {""bbox"": [302, 240, 24, 27], ""centroid"": [312.6004415011037, 254.88653421633552], ""area_px"": 377.5, ""has_hole"": true}]",0.0,0.0,0.0,0.27
1784257946.1070566,ACTIVE,APPROACH,5.4401368999970146,0,491553,True,918,2,0.9715053768890928,0,False,,0.02849462311090724,0,363.47444651355266,237.09379957238428,2416.5,"[{""bbox"": [333, 212, 57, 56], ""centroid"": [363.47444651355266, 237.09379957238428], ""area_px"": 2416.5, ""has_hole"": true}, {""bbox"": [302, 240, 24, 28], ""centroid"": [312.5984943538268, 255.4362191551652], ""area_px"": 398.5, ""has_hole"": true}]",0.0,0.0,0.0,0.27
1784257946.1266596,ACTIVE,APPROACH,5.459770699962974,0,491553,True,920,2,1.0,0,True,acquired,,0,363.47444651355266,237.09379957238428,2416.5,"[{""bbox"": [333, 212, 57, 56], ""centroid"": [363.47444651355266, 237.09379957238428], ""area_px"": 2416.5, ""has_hole"": true}, {""bbox"": [302, 240, 24, 28], ""centroid"": [312.5984943538268, 255.4362191551652], ""area_px"": 398.5, ""has_hole"": true}]",0.0,0.0,0.0,0.27
1784257946.1473927,ACTIVE,APPROACH,5.480440500017721,0,491554,True,923,2,1.0,0,True,acquired,,0,363.9477124183006,237.95238095238096,2499.0,"[{""bbox"": [333, 212, 58, 56], ""centroid"": [363.9477124183006, 237.95238095238096], ""area_px"": 2499.0, ""has_hole"": true}, {""bbox"": [302, 240, 24, 28], ""centroid"": [312.8573248407643, 255.69511677282378], ""area_px"": 392.5, ""has_hole"": true}]",0.0,0.0,0.0,0.27
1784257946.167027,ACTIVE,APPROACH,5.500093500013463,0,491554,True,925,2,1.0,0,True,acquired,,0,363.9477124183006,237.95238095238096,2499.0,"[{""bbox"": [333, 212, 58, 56], ""centroid"": [363.9477124183006, 237.95238095238096], ""area_px"": 2499.0, ""has_hole"": true}, {""bbox"": [302, 240, 24, 28], ""centroid"": [312.8573248407643, 255.69511677282378], ""area_px"": 392.5, ""has_hole"": true}]",0.0,0.0,0.0,0.27
1784257946.186559,ACTIVE,APPROACH,5.519697499985341,0,491555,True,927,2,1.0,0,True,acquired,,0,364.9891409734342,238.91997931613986,2578.5,"[{""bbox"": [333, 213, 60, 55], ""centroid"": [364.9891409734342, 238.91997931613986], ""area_px"": 2578.5, ""has_hole"": true}, {""bbox"": [301, 240, 25, 29], ""centroid"": [312.57142857142856, 256.3729491796719], ""area_px"": 416.5, ""has_hole"": true}]",0.0,0.0,0.0,0.27
1784257946.206625,ACTIVE,APPROACH,5.539776499965228,0,491556,True,929,2,1.0,0,True,acquired,,0,366.16238193532246,240.08425595796584,2664.5,"[{""bbox"": [334, 214, 60, 54], ""centroid"": [366.16238193532246, 240.08425595796584], ""area_px"": 2664.5, ""has_hole"": true}, {""bbox"": [300, 240, 27, 30], ""centroid"": [312.328125, 257.18990384615387], ""area_px"": 416.0, ""has_hole"": true}]",0.0,0.0,0.0,0.27
1784257946.2269213,ACTIVE,APPROACH,5.560077500005718,0,491556,True,931,2,1.0,0,True,acquired,,0,366.16238193532246,240.08425595796584,2664.5,"[{""bbox"": [334, 214, 60, 54], ""centroid"": [366.16238193532246, 240.08425595796584], ""area_px"": 2664.5, ""has_hole"": true}, {""bbox"": [300, 240, 27, 30], ""centroid"": [312.328125, 257.18990384615387], ""area_px"": 416.0, ""has_hole"": true}]",0.0,0.0,0.0,0.27
1784257946.2469552,ACTIVE,APPROACH,5.580067200004123,0,491557,True,933,2,1.0,0,True,acquired,,0,366.31838619516344,241.69449507838132,2743.0,"[{""bbox"": [334, 214, 61, 56], ""centroid"": [366.31838619516344, 241.69449507838132], ""area_px"": 2743.0, ""has_hole"": true}, {""bbox"": [300, 241, 27, 29], ""centroid"": [311.9896825396825, 257.47182539682535], ""area_px"": 420.0, ""has_hole"": true}]",0.0,0.0,0.0,0.27
1784257946.266998,ACTIVE,APPROACH,5.600125500001013,0,491558,True,934,2,0.9608963076510117,0,False,,0.03910369234898821,0,367.5834061644234,242.9946978966381,2860.5,"[{""bbox"": [334, 216, 63, 55], ""centroid"": [367.5834061644234, 242.9946978966381], ""area_px"": 2860.5, ""has_hole"": true}, {""bbox"": [300, 241, 26, 30], ""centroid"": [312.04357798165137, 258.0500764525994], ""area_px"": 436.0, ""has_hole"": true}]",0.0,0.0,0.0,0.27
1784257946.2869453,ACTIVE,APPROACH,5.620035899977665,0,491558,True,937,2,1.0,0,True,acquired,,0,367.5834061644234,242.9946978966381,2860.5,"[{""bbox"": [334, 216, 63, 55], ""centroid"": [367.5834061644234, 242.9946978966381], ""area_px"": 2860.5, ""has_hole"": true}, {""bbox"": [300, 241, 26, 30], ""centroid"": [312.04357798165137, 258.0500764525994], ""area_px"": 436.0, ""has_hole"": true}]",0.0,0.0,0.0,0.27
1784257946.3067715,ACTIVE,APPROACH,5.639998500002548,0,491559,True,940,2,1.0,0,True,acquired,,0,368.9970481380563,244.17711171662125,2936.0,"[{""bbox"": [334, 216, 64, 57], ""centroid"": [368.9970481380563, 244.17711171662125], ""area_px"": 2936.0, ""has_hole"": true}, {""bbox"": [300, 240, 26, 32], ""centroid"": [311.97183641975306, 258.81442901234567], ""area_px"": 432.0, ""has_hole"": true}]",0.0,0.0,0.0,0.27
1784257946.3271186,ACTIVE,APPROACH,5.660016699985135,0,491559,True,944,2,1.0,0,True,acquired,,0,368.9970481380563,244.17711171662125,2936.0,"[{""bbox"": [334, 216, 64, 57], ""centroid"": [368.9970481380563, 244.17711171662125], ""area_px"": 2936.0, ""has_hole"": true}, {""bbox"": [300, 240, 26, 32], ""centroid"": [311.97183641975306, 258.81442901234567], ""area_px"": 432.0, ""has_hole"": true}]",0.0,0.0,0.0,0.27
1784257946.346682,ACTIVE,APPROACH,5.679884699988179,0,491560,True,946,2,1.0,0,True,acquired,,0,369.14835940895256,245.84854411125596,3068.0,"[{""bbox"": [334, 218, 65, 56], ""centroid"": [369.14835940895256, 245.84854411125596], ""area_px"": 3068.0, ""has_hole"": true}, {""bbox"": [300, 242, 26, 30], ""centroid"": [312.10070257611244, 259.384074941452], ""area_px"": 427.0, ""has_hole"": true}]",0.0,0.0,0.0,0.27
1784257946.3667748,ACTIVE,APPROACH,5.699917000019923,0,491561,True,948,2,0.9653349055423146,0,False,,0.03466509445768534,0,370.7922697544762,247.536346091991,3109.0,"[{""bbox"": [334, 219, 66, 58], ""centroid"": [370.7922697544762, 247.536346091991], ""area_px"": 3109.0, ""has_hole"": true}, {""bbox"": [300, 242, 26, 32], ""centroid"": [311.88565891472865, 260.0751937984496], ""area_px"": 430.0, ""has_hole"": true}]",0.0,0.0,0.0,0.27
1784257946.3876393,ACTIVE,APPROACH,5.720727399981115,0,491561,True,951,2,1.0,0,True,acquired,,0,370.7922697544762,247.536346091991,3109.0,"[{""bbox"": [334, 219, 66, 58], ""centroid"": [370.7922697544762, 247.536346091991], ""area_px"": 3109.0, ""has_hole"": true}, {""bbox"": [300, 242, 26, 32], ""centroid"": [311.88565891472865, 260.0751937984496], ""area_px"": 430.0, ""has_hole"": true}]",0.0,0.0,0.0,0.27
1784257946.4068847,ACTIVE,APPROACH,5.739996399963275,0,491562,True,952,2,0.9602567381447351,0,False,,0.039743261855264854,0,371.6432038834951,248.6283879449838,3296.0,"[{""bbox"": [335, 220, 67, 58], ""centroid"": [371.6432038834951, 248.6283879449838], ""area_px"": 3296.0, ""has_hole"": true}, {""bbox"": [300, 242, 26, 32], ""centroid"": [311.78191101385846, 260.49015317286654], ""area_px"": 457.0, ""has_hole"": true}]",0.0,0.0,0.0,0.27
1784257946.4269414,ACTIVE,APPROACH,5.760026299976744,0,491562,True,954,2,1.0,0,True,acquired,,0,371.6432038834951,248.6283879449838,3296.0,"[{""bbox"": [335, 220, 67, 58], ""centroid"": [371.6432038834951, 248.6283879449838], ""area_px"": 3296.0, ""has_hole"": true}, {""bbox"": [300, 242, 26, 32], ""centroid"": [311.78191101385846, 260.49015317286654], ""area_px"": 457.0, ""has_hole"": true}]",0.0,0.0,0.0,0.27
1784257946.4468021,ACTIVE,APPROACH,5.779926699993666,0,491563,True,956,2,1.0,0,True,acquired,,0,372.81506205805266,250.65845819116845,3370.5,"[{""bbox"": [335, 221, 69, 60], ""centroid"": [372.81506205805266, 250.65845819116845], ""area_px"": 3370.5, ""has_hole"": true}, {""bbox"": [299, 247, 27, 28], ""centroid"": [310.6627358490566, 262.85888364779873], ""area_px"": 424.0, ""has_hole"": true}]",0.0,0.0,0.0,0.27
1784257946.4667244,ACTIVE,APPROACH,5.799828300019726,0,491563,True,959,2,1.0,0,True,acquired,,0,372.81506205805266,250.65845819116845,3370.5,"[{""bbox"": [335, 221, 69, 60], ""centroid"": [372.81506205805266, 250.65845819116845], ""area_px"": 3370.5, ""has_hole"": true}, {""bbox"": [299, 247, 27, 28], ""centroid"": [310.6627358490566, 262.85888364779873], ""area_px"": 424.0, ""has_hole"": true}]",0.0,0.0,0.0,0.27
1784257946.487296,ACTIVE,APPROACH,5.8202735999948345,0,491564,True,961,2,1.0,0,True,acquired,,0,373.6531070276336,251.6380511525693,3564.5,"[{""bbox"": [335, 222, 71, 61], ""centroid"": [373.6531070276336, 251.6380511525693], ""area_px"": 3564.5, ""has_hole"": true}, {""bbox"": [300, 254, 22, 22], ""centroid"": [310.0908300738809, 264.4398087787918], ""area_px"": 383.5, ""has_hole"": true}]",0.0,0.0,0.0,0.27
1784257946.5068774,ACTIVE,APPROACH,5.8399751000106335,0,491565,True,962,2,0.962184589957421,0,False,,0.03781541004257902,0,374.9879168896023,253.2770197966827,3738.0,"[{""bbox"": [335, 222, 73, 63], ""centroid"": [374.9879168896023, 253.2770197966827], ""area_px"": 3738.0, ""has_hole"": true}, {""bbox"": [300, 255, 22, 21], ""centroid"": [310.20244107744105, 265.1207912457912], ""area_px"": 396.0, ""has_hole"": true}]",0.0,0.0,0.0,0.27
1784257946.5280333,ACTIVE,APPROACH,5.860243999981321,0,491565,True,965,2,1.0,0,True,acquired,,0,374.9879168896023,253.2770197966827,3738.0,"[{""bbox"": [335, 222, 73, 63], ""centroid"": [374.9879168896023, 253.2770197966827], ""area_px"": 3738.0, ""has_hole"": true}, {""bbox"": [300, 255, 22, 21], ""centroid"": [310.20244107744105, 265.1207912457912], ""area_px"": 396.0, ""has_hole"": true}]",0.0,0.0,0.0,0.27
1784257946.5467556,ACTIVE,APPROACH,5.879916600009892,0,491566,True,967,2,1.0,0,True,acquired,,0,376.0736264678152,255.14815290991686,3889.0,"[{""bbox"": [336, 224, 74, 64], ""centroid"": [376.0736264678152, 255.14815290991686], ""area_px"": 3889.0, ""has_hole"": true}, {""bbox"": [300, 255, 22, 23], ""centroid"": [310.1527950310559, 265.88322981366457], ""area_px"": 402.5, ""has_hole"": true}]",0.0,0.0,0.0,0.27
1784257946.5667179,ACTIVE,APPROACH,5.899882900004741,0,491567,True,969,2,0.9584452882676789,0,False,,0.04155471173232107,0,377.247125,257.5983333333333,4000.0,"[{""bbox"": [335, 226, 76, 64], ""centroid"": [377.247125, 257.5983333333333], ""area_px"": 4000.0, ""has_hole"": true}, {""bbox"": [300, 256, 22, 22], ""centroid"": [310.16230158730156, 266.4706349206349], ""area_px"": 420.0, ""has_hole"": true}]",0.0,0.0,0.0,0.27
1784257946.587038,ACTIVE,APPROACH,5.920127200020943,0,491567,True,972,2,1.0,0,True,acquired,,0,377.247125,257.5983333333333,4000.0,"[{""bbox"": [335, 226, 76, 64], ""centroid"": [377.247125, 257.5983333333333], ""area_px"": 4000.0, ""has_hole"": true}, {""bbox"": [300, 256, 22, 22], ""centroid"": [310.16230158730156, 266.4706349206349], ""area_px"": 420.0, ""has_hole"": true}]",0.0,0.0,0.0,0.27
1784257946.6065876,ACTIVE,APPROACH,5.939718700014055,0,491568,True,974,2,1.0,0,True,acquired,,0,378.42371154223,259.0304526748971,4252.5,"[{""bbox"": [335, 226, 79, 68], ""centroid"": [378.42371154223, 259.0304526748971], ""area_px"": 4252.5, ""has_hole"": true}, {""bbox"": [300, 256, 22, 22], ""centroid"": [310.12746331236895, 267.08637316561845], ""area_px"": 397.5, ""has_hole"": true}]",0.0,0.0,0.0,0.27
1784257946.626752,ACTIVE,APPROACH,5.959894899977371,0,491568,True,977,2,1.0,0,True,acquired,,0,378.42371154223,259.0304526748971,4252.5,"[{""bbox"": [335, 226, 79, 68], ""centroid"": [378.42371154223, 259.0304526748971], ""area_px"": 4252.5, ""has_hole"": true}, {""bbox"": [300, 256, 22, 22], ""centroid"": [310.12746331236895, 267.08637316561845], ""area_px"": 397.5, ""has_hole"": true}]",0.0,0.0,0.0,0.27
1784257946.647176,ACTIVE,APPROACH,5.980255700007547,0,491569,True,978,2,1.0,0,True,acquired,,0,379.50092861757105,260.5598756459948,4128.0,"[{""bbox"": [336, 228, 80, 68], ""centroid"": [379.50092861757105, 260.5598756459948], ""area_px"": 4128.0, ""has_hole"": true}, {""bbox"": [300, 258, 22, 22], ""centroid"": [310.1453855878635, 267.77538980193845], ""area_px"": 395.5, ""has_hole"": true}]",0.0,0.0,0.0,0.27
1784257946.6675084,ACTIVE,APPROACH,6.000490800011903,0,491569,True,981,2,1.0,0,True,acquired,,0,379.50092861757105,260.5598756459948,4128.0,"[{""bbox"": [336, 228, 80, 68], ""centroid"": [379.50092861757105, 260.5598756459948], ""area_px"": 4128.0, ""has_hole"": true}, {""bbox"": [300, 258, 22, 22], ""centroid"": [310.1453855878635, 267.77538980193845], ""area_px"": 395.5, ""has_hole"": true}]",0.0,0.0,0.0,0.27
1784257946.6871073,ACTIVE,APPROACH,6.0197874999721535,0,491570,True,983,2,1.0,0,True,acquired,,0,380.12474860656204,261.05407113716024,2900.5,"[{""bbox"": [334, 229, 83, 71], ""centroid"": [380.12474860656204, 261.05407113716024], ""area_px"": 2900.5, ""has_hole"": false}, {""bbox"": [299, 258, 23, 22], ""centroid"": [309.6917148362235, 268.2344251766217], ""area_px"": 259.5, ""has_hole"": false}]",0.0,0.0,0.0,0.27
1784257946.70677,ACTIVE,APPROACH,6.03986989997793,0,491571,True,985,2,1.0,0,True,acquired,,0,380.6787443469007,263.7856344772546,3132.5,"[{""bbox"": [335, 231, 85, 72], ""centroid"": [380.6787443469007, 263.7856344772546], ""area_px"": 3132.5, ""has_hole"": true}, {""bbox"": [298, 258, 24, 24], ""centroid"": [309.5369335816263, 267.9770328988206], ""area_px"": 268.5, ""has_hole"": false}]",0.0,0.0,0.0,0.27
1784257946.7268293,ACTIVE,APPROACH,6.060010400018655,0,491571,True,987,2,1.0,0,True,acquired,,0,380.6787443469007,263.7856344772546,3132.5,"[{""bbox"": [335, 231, 85, 72], ""centroid"": [380.6787443469007, 263.7856344772546], ""area_px"": 3132.5, ""has_hole"": true}, {""bbox"": [298, 258, 24, 24], ""centroid"": [309.5369335816263, 267.9770328988206], ""area_px"": 268.5, ""has_hole"": false}]",0.0,0.0,0.0,0.27
1784257946.7469637,ACTIVE,APPROACH,6.080116399971303,0,491572,True,989,2,1.0,0,True,acquired,,0,382.8671508548948,264.9719574317849,3304.5,"[{""bbox"": [334, 232, 88, 74], ""centroid"": [382.8671508548948, 264.9719574317849], ""area_px"": 3304.5, ""has_hole"": false}, {""bbox"": [298, 260, 24, 23], ""centroid"": [309.4974554707379, 269.46819338422387], ""area_px"": 262.0, ""has_hole"": false}]",0.0,0.0,0.0,0.27
1784257946.766664,ACTIVE,APPROACH,6.099796700000297,0,491573,True,991,2,0.9525819780033519,0,False,,0.04741802199664813,0,384.6411554496724,267.96490966845346,3358.0,"[{""bbox"": [334, 234, 91, 76], ""centroid"": [384.6411554496724, 267.96490966845346], ""area_px"": 3358.0, ""has_hole"": false}, {""bbox"": [298, 260, 24, 24], ""centroid"": [309.61779448621553, 270.53508771929825], ""area_px"": 266.0, ""has_hole"": false}]",0.0,0.0,0.0,0.27
1784257946.7867556,ACTIVE,APPROACH,6.1198861000011675,0,491573,True,994,2,1.0,0,True,acquired,,0,384.6411554496724,267.96490966845346,3358.0,"[{""bbox"": [334, 234, 91, 76], ""centroid"": [384.6411554496724, 267.96490966845346], ""area_px"": 3358.0, ""has_hole"": false}, {""bbox"": [298, 260, 24, 24], ""centroid"": [309.61779448621553, 270.53508771929825], ""area_px"": 266.0, ""has_hole"": false}]",0.0,0.0,0.0,0.27
1784257946.807008,ACTIVE,APPROACH,6.140108299965505,0,491574,True,996,2,1.0,0,True,acquired,,0,387.09152351450297,270.370928376983,3551.0,"[{""bbox"": [334, 236, 94, 77], ""centroid"": [387.09152351450297, 270.370928376983], ""area_px"": 3551.0, ""has_hole"": false}, {""bbox"": [298, 260, 24, 24], ""centroid"": [309.5753126699293, 270.37302882001086], ""area_px"": 306.5, ""has_hole"": false}]",0.0,0.0,0.0,0.27
1784257946.8266492,ACTIVE,APPROACH,6.15978260000702,0,491574,True,998,2,1.0,0,True,acquired,,0,387.09152351450297,270.370928376983,3551.0,"[{""bbox"": [334, 236, 94, 77], ""centroid"": [387.09152351450297, 270.370928376983], ""area_px"": 3551.0, ""has_hole"": false}, {""bbox"": [298, 260, 24, 24], ""centroid"": [309.5753126699293, 270.37302882001086], ""area_px"": 306.5, ""has_hole"": false}]",0.0,0.0,0.0,0.27
1784257946.846751,ACTIVE,APPROACH,6.179940700007137,0,491575,True,1000,2,1.0,0,True,acquired,,0,388.5528154016526,273.90105630803305,3913.0,"[{""bbox"": [335, 238, 96, 80], ""centroid"": [388.5528154016526, 273.90105630803305], ""area_px"": 3913.0, ""has_hole"": false}, {""bbox"": [298, 262, 24, 24], ""centroid"": [309.5337954939341, 272.053148469093], ""area_px"": 288.5, ""has_hole"": false}]",0.0,0.0,0.0,0.27
1784257946.8669508,ACTIVE,APPROACH,6.200068600010127,0,491576,True,1002,2,0.9484937605006911,0,False,,0.051506239499308826,0,389.9638109009117,276.32526007149454,4149.5,"[{""bbox"": [335, 240, 98, 82], ""centroid"": [389.9638109009117, 276.32526007149454], ""area_px"": 4149.5, ""has_hole"": false}, {""bbox"": [298, 262, 24, 24], ""centroid"": [309.7009107468124, 273.4138433515483], ""area_px"": 457.5, ""has_hole"": true}]",0.0,0.0,0.0,0.27
1784257946.8868616,ACTIVE,APPROACH,6.219987999997102,0,491576,True,1005,2,1.0,0,True,acquired,,0,389.9638109009117,276.32526007149454,4149.5,"[{""bbox"": [335, 240, 98, 82], ""centroid"": [389.9638109009117, 276.32526007149454], ""area_px"": 4149.5, ""has_hole"": false}, {""bbox"": [298, 262, 24, 24], ""centroid"": [309.7009107468124, 273.4138433515483], ""area_px"": 457.5, ""has_hole"": true}]",0.0,0.0,0.0,0.27
1784257946.906689,ACTIVE,APPROACH,6.23981850000564,0,491577,True,1007,2,1.0,0,True,acquired,,0,393.47152055473003,281.1937364270202,4374.5,"[{""bbox"": [352, 241, 84, 85], ""centroid"": [393.47152055473003, 281.1937364270202], ""area_px"": 4374.5, ""has_hole"": false}, {""bbox"": [298, 263, 24, 24], ""centroid"": [309.27390998593523, 274.6097046413502], ""area_px"": 474.0, ""has_hole"": true}]",0.0,0.0,0.0,0.27
1784257946.9266775,ACTIVE,APPROACH,6.259845199994743,0,491577,True,1010,2,1.0,0,True,acquired,,0,393.47152055473003,281.1937364270202,4374.5,"[{""bbox"": [352, 241, 84, 85], ""centroid"": [393.47152055473003, 281.1937364270202], ""area_px"": 4374.5, ""has_hole"": false}, {""bbox"": [298, 263, 24, 24], ""centroid"": [309.27390998593523, 274.6097046413502], ""area_px"": 474.0, ""has_hole"": true}]",0.0,0.0,0.0,0.27
1784257946.9473286,ACTIVE,APPROACH,6.279949999996461,0,491578,True,1011,2,1.0,0,True,acquired,,0,395.57406398663613,285.2992337582162,4589.5,"[{""bbox"": [354, 245, 86, 85], ""centroid"": [395.57406398663613, 285.2992337582162], ""area_px"": 4589.5, ""has_hole"": false}, {""bbox"": [298, 264, 24, 24], ""centroid"": [309.183787561146, 275.09119496855345], ""area_px"": 477.0, ""has_hole"": true}]",0.0,0.0,0.0,0.27
1784257946.96718,ACTIVE,APPROACH,6.299945299979299,0,491579,True,1013,2,0.8107576771350893,0,False,,0.1892423228649107,0,398.4088627236217,290.4957785688207,7304.0,"[{""bbox"": [354, 247, 90, 89], ""centroid"": [398.4088627236217, 290.4957785688207], ""area_px"": 7304.0, ""has_hole"": true}, {""bbox"": [298, 264, 24, 24], ""centroid"": [309.2285136501517, 275.6841927873272], ""area_px"": 494.5, ""has_hole"": true}]",0.0,0.0,0.0,0.27
1784257946.987019,ACTIVE,APPROACH,6.320094999973662,0,491579,True,1016,2,1.0,0,True,acquired,,0,398.4088627236217,290.4957785688207,7304.0,"[{""bbox"": [354, 247, 90, 89], ""centroid"": [398.4088627236217, 290.4957785688207], ""area_px"": 7304.0, ""has_hole"": true}, {""bbox"": [298, 264, 24, 24], ""centroid"": [309.2285136501517, 275.6841927873272], ""area_px"": 494.5, ""has_hole"": true}]",0.0,0.0,0.0,0.27
1784257947.0067067,ACTIVE,APPROACH,6.339781799993943,0,491580,True,1017,2,1.0,0,True,acquired,,0,401.0100114781278,294.4603792033329,7841.0,"[{""bbox"": [356, 250, 91, 92], ""centroid"": [401.0100114781278, 294.4603792033329], ""area_px"": 7841.0, ""has_hole"": true}, {""bbox"": [298, 266, 24, 24], ""centroid"": [309.1154910096819, 276.9204702627939], ""area_px"": 482.0, ""has_hole"": true}]",0.0,0.0,0.0,0.27
1784257947.0287213,ACTIVE,APPROACH,6.3617570999776945,0,491580,True,1020,2,1.0,0,True,acquired,,0,401.0100114781278,294.4603792033329,7841.0,"[{""bbox"": [356, 250, 91, 92], ""centroid"": [401.0100114781278, 294.4603792033329], ""area_px"": 7841.0, ""has_hole"": true}, {""bbox"": [298, 266, 24, 24], ""centroid"": [309.1154910096819, 276.9204702627939], ""area_px"": 482.0, ""has_hole"": true}]",0.0,0.0,0.0,0.27
1784257947.04758,ACTIVE,APPROACH,6.380629299965221,0,491581,True,1021,2,0.9212773046568428,0,False,,0.07872269534315729,0,403.8471981686075,298.96607942669453,8372.5,"[{""bbox"": [357, 253, 94, 95], ""centroid"": [403.8471981686075, 298.96607942669453], ""area_px"": 8372.5, ""has_hole"": true}, {""bbox"": [298, 267, 24, 24], ""centroid"": [309.0369996636394, 278.3380423814329], ""area_px"": 495.5, ""has_hole"": true}]",0.0,0.0,0.0,0.27
1784257947.067287,ACTIVE,APPROACH,6.400479900010396,0,491582,True,1023,2,1.0,0,True,acquired,,0,404.63263101026473,300.3960214555838,8638.0,"[{""bbox"": [358, 254, 95, 96], ""centroid"": [404.63263101026473, 300.3960214555838], ""area_px"": 8638.0, ""has_hole"": true}, {""bbox"": [298, 266, 24, 26], ""centroid"": [309.1885325558795, 278.2400388726919], ""area_px"": 514.5, ""has_hole"": true}]",0.0,0.0,0.0,0.27
1784257947.0872934,ACTIVE,APPROACH,6.420079800009262,0,491582,True,1025,2,1.0,0,True,acquired,,0,404.63263101026473,300.3960214555838,8638.0,"[{""bbox"": [358, 254, 95, 96], ""centroid"": [404.63263101026473, 300.3960214555838], ""area_px"": 8638.0, ""has_hole"": true}, {""bbox"": [298, 266, 24, 26], ""centroid"": [309.1885325558795, 278.2400388726919], ""area_px"": 514.5, ""has_hole"": true}]",0.0,0.0,0.0,0.27
1784257947.107111,ACTIVE,APPROACH,6.4400061999913305,0,491582,True,1027,2,1.0,0,True,acquired,,0,404.63263101026473,300.3960214555838,8638.0,"[{""bbox"": [358, 254, 95, 96], ""centroid"": [404.63263101026473, 300.3960214555838], ""area_px"": 8638.0, ""has_hole"": true}, {""bbox"": [298, 266, 24, 26], ""centroid"": [309.1885325558795, 278.2400388726919], ""area_px"": 514.5, ""has_hole"": true}]",0.0,0.0,0.0,0.27
1784257947.1267693,ACTIVE,APPROACH,6.4598808999871835,0,491583,True,1029,2,1.0,0,True,acquired,,1,308.37033582089555,280.4860074626866,536.0,"[{""bbox"": [359, 259, 101, 101], ""centroid"": [409.2248784233427, 308.7889258595683], ""area_px"": 9767.5, ""has_hole"": true}, {""bbox"": [296, 268, 26, 26], ""centroid"": [308.37033582089555, 280.4860074626866], ""area_px"": 536.0, ""has_hole"": true}]",0.0,0.0,0.0,0.27
1784257947.147287,ACTIVE,APPROACH,6.480378000007477,0,491584,True,1030,2,1.0,0,True,acquired,,1,308.3293209876543,281.49197530864194,540.0,"[{""bbox"": [361, 263, 105, 97], ""centroid"": [412.9935687478676, 311.06195837598085], ""area_px"": 9770.0, ""has_hole"": true}, {""bbox"": [296, 270, 26, 24], ""centroid"": [308.3293209876543, 281.49197530864194], ""area_px"": 540.0, ""has_hole"": true}]",0.0,0.0,0.0,0.27
1784257947.1670296,ACTIVE,APPROACH,6.500150199979544,0,491584,True,1033,2,1.0,0,True,acquired,,1,308.3293209876543,281.49197530864194,540.0,"[{""bbox"": [361, 263, 105, 97], ""centroid"": [412.9935687478676, 311.06195837598085], ""area_px"": 9770.0, ""has_hole"": true}, {""bbox"": [296, 270, 26, 24], ""centroid"": [308.3293209876543, 281.49197530864194], ""area_px"": 540.0, ""has_hole"": true}]",0.0,0.0,0.0,0.27
1784257947.1874657,ACTIVE,APPROACH,6.52059139998164,0,491585,True,1034,2,1.0,0,True,acquired,,1,308.5813008130081,282.47967479674793,533.0,"[{""bbox"": [362, 266, 109, 94], ""centroid"": [415.8582212906634, 312.7419866060017], ""area_px"": 9780.5, ""has_hole"": true}, {""bbox"": [296, 271, 26, 25], ""centroid"": [308.5813008130081, 282.47967479674793], ""area_px"": 533.0, ""has_hole"": true}]",0.0,0.0,0.0,0.27
1784257947.206943,ACTIVE,APPROACH,6.540112799964845,0,491586,True,1036,2,0.9880618405915981,0,False,,0.01193815940840191,1,308.46144505160896,283.0877352762598,549.0,"[{""bbox"": [365, 270, 112, 90], ""centroid"": [420.13235621839374, 314.64119310876833], ""area_px"": 9722.5, ""has_hole"": true}, {""bbox"": [296, 271, 26, 25], ""centroid"": [308.46144505160896, 283.0877352762598], ""area_px"": 549.0, ""has_hole"": true}]",0.0,0.0,0.0,0.27
1784257947.2267148,ACTIVE,APPROACH,6.559896799968556,0,491587,True,1037,2,0.9668698393892179,0,False,,0.03313016061078208,1,308.62038774233895,283.5137585991244,533.0,"[{""bbox"": [365, 272, 115, 88], ""centroid"": [421.6756943008752, 315.52923644132034], ""area_px"": 9674.0, ""has_hole"": true}, {""bbox"": [297, 272, 25, 25], ""centroid"": [308.62038774233895, 283.5137585991244], ""area_px"": 533.0, ""has_hole"": true}]",0.0,0.0,0.0,0.27
1784257947.2472477,ACTIVE,APPROACH,6.580389800015837,0,491587,True,1040,2,1.0,0,True,acquired,,1,308.62038774233895,283.5137585991244,533.0,"[{""bbox"": [365, 272, 115, 88], ""centroid"": [421.6756943008752, 315.52923644132034], ""area_px"": 9674.0, ""has_hole"": true}, {""bbox"": [297, 272, 25, 25], ""centroid"": [308.62038774233895, 283.5137585991244], ""area_px"": 533.0, ""has_hole"": true}]",0.0,0.0,0.0,0.27
1784257947.267334,ACTIVE,APPROACH,6.6004119999706745,0,491588,True,1042,1,0.9477877576941849,0,False,,0.052212242305815115,0,308.0787623066104,284.7192686357243,592.5,"[{""bbox"": [296, 272, 26, 26], ""centroid"": [308.0787623066104, 284.7192686357243], ""area_px"": 592.5, ""has_hole"": true}]",0.0,0.0,0.0,0.27
1784257947.2868545,ACTIVE,APPROACH,6.620031600003131,0,491588,True,1045,1,1.0,0,True,acquired,,0,308.0787623066104,284.7192686357243,592.5,"[{""bbox"": [296, 272, 26, 26], ""centroid"": [308.0787623066104, 284.7192686357243], ""area_px"": 592.5, ""has_hole"": true}]",0.0,0.0,0.0,0.27
1784257947.3065035,ACTIVE,APPROACH,6.639707900001667,0,491589,True,1048,1,1.0,0,True,acquired,,0,308.06,286.47138888888884,600.0,"[{""bbox"": [295, 274, 27, 26], ""centroid"": [308.06, 286.47138888888884], ""area_px"": 600.0, ""has_hole"": true}]",0.0,0.0,0.0,0.27
1784257947.3268802,ACTIVE,APPROACH,6.660046199976932,0,491589,True,1052,1,1.0,0,True,acquired,,0,308.06,286.47138888888884,600.0,"[{""bbox"": [295, 274, 27, 26], ""centroid"": [308.06, 286.47138888888884], ""area_px"": 600.0, ""has_hole"": true}]",0.0,0.0,0.0,0.27
1784257947.346948,ACTIVE,APPROACH,6.680072599963751,0,491590,True,1054,1,1.0,0,True,acquired,,0,307.99325463743673,287.64502529510963,593.0,"[{""bbox"": [296, 275, 25, 27], ""centroid"": [307.99325463743673, 287.64502529510963], ""area_px"": 593.0, ""has_hole"": true}]",0.0,0.0,0.0,0.27
1784257947.3669229,ACTIVE,APPROACH,6.700064399978146,0,491590,True,1057,1,1.0,0,True,acquired,,0,307.99325463743673,287.64502529510963,593.0,"[{""bbox"": [296, 275, 25, 27], ""centroid"": [307.99325463743673, 287.64502529510963], ""area_px"": 593.0, ""has_hole"": true}]",0.0,0.0,0.0,0.27
1784257947.386745,ACTIVE,APPROACH,6.719851000001654,0,491591,True,1059,1,1.0,0,True,acquired,,0,308.0644257703081,288.54145658263303,595.0,"[{""bbox"": [296, 276, 26, 26], ""centroid"": [308.0644257703081, 288.54145658263303], ""area_px"": 595.0, ""has_hole"": true}]",0.0,0.0,0.0,0.27
1784257947.407211,ACTIVE,APPROACH,6.740110000013374,0,491591,True,1061,1,1.0,0,True,acquired,,0,308.0644257703081,288.54145658263303,595.0,"[{""bbox"": [296, 276, 26, 26], ""centroid"": [308.0644257703081, 288.54145658263303], ""area_px"": 595.0, ""has_hole"": true}]",0.0,0.0,0.0,0.27
1784257947.4267433,ACTIVE,APPROACH,6.759897199983243,0,491592,True,1064,1,1.0,0,True,acquired,,0,307.78349673202615,289.65359477124184,612.0,"[{""bbox"": [295, 277, 27, 27], ""centroid"": [307.78349673202615, 289.65359477124184], ""area_px"": 612.0, ""has_hole"": true}]",0.0,0.0,0.0,0.27
1784257947.4468448,ACTIVE,APPROACH,6.779990800016094,0,491593,True,1066,1,1.0,0,True,acquired,,0,307.1458492975734,291.0868454661558,652.5,"[{""bbox"": [294, 278, 28, 27], ""centroid"": [307.1458492975734, 291.0868454661558], ""area_px"": 652.5, ""has_hole"": true}]",0.0,0.0,0.0,0.27
1784257947.4678068,ACTIVE,APPROACH,6.800568000006024,0,491594,True,1069,1,0.9677240016835676,0,False,,0.03227599831643238,0,307.12322763598866,292.42072699149264,646.5,"[{""bbox"": [294, 280, 28, 26], ""centroid"": [307.12322763598866, 292.42072699149264], ""area_px"": 646.5, ""has_hole"": true}]",0.0,0.0,0.0,0.27
1784257947.4869733,ACTIVE,APPROACH,6.820083800004795,0,491595,True,1071,1,0.9979093734573682,0,False,,0.002090626542631866,0,307.08883708883707,292.54778554778557,643.5,"[{""bbox"": [294, 280, 28, 26], ""centroid"": [307.08883708883707, 292.54778554778557], ""area_px"": 643.5, ""has_hole"": true}]",0.0,0.0,0.0,0.27
1784257947.5071368,ACTIVE,APPROACH,6.8400393999763764,0,491595,True,1074,1,1.0,0,True,acquired,,0,307.08883708883707,292.54778554778557,643.5,"[{""bbox"": [294, 280, 28, 26], ""centroid"": [307.08883708883707, 292.54778554778557], ""area_px"": 643.5, ""has_hole"": true}]",0.0,0.0,0.0,0.27
1784257947.5271506,ACTIVE,APPROACH,6.860220499977004,0,491595,True,1076,1,1.0,0,True,acquired,,0,307.08883708883707,292.54778554778557,643.5,"[{""bbox"": [294, 280, 28, 26], ""centroid"": [307.08883708883707, 292.54778554778557], ""area_px"": 643.5, ""has_hole"": true}]",0.0,0.0,0.0,0.27
1784257947.5467358,ACTIVE,APPROACH,6.879815599997528,0,491596,True,1078,1,1.0,0,True,acquired,,0,307.2027593003203,294.9842325695984,676.5,"[{""bbox"": [294, 282, 28, 27], ""centroid"": [307.2027593003203, 294.9842325695984], ""area_px"": 676.5, ""has_hole"": true}]",0.0,0.0,0.0,0.27
1784257947.5670352,ACTIVE,APPROACH,6.900127700006124,0,491597,True,1079,1,0.9801258570495384,0,False,,0.019874142950461644,0,307.1292175161522,295.7468293850203,696.5,"[{""bbox"": [294, 282, 28, 28], ""centroid"": [307.1292175161522, 295.7468293850203], ""area_px"": 696.5, ""has_hole"": true}]",0.0,0.0,0.0,0.27
1784257947.5867507,ACTIVE,APPROACH,6.91988030000357,0,491597,True,1082,1,1.0,0,True,acquired,,0,307.1292175161522,295.7468293850203,696.5,"[{""bbox"": [294, 282, 28, 28], ""centroid"": [307.1292175161522, 295.7468293850203], ""area_px"": 696.5, ""has_hole"": true}]",0.0,0.0,0.0,0.27
1784257947.6066525,ACTIVE,APPROACH,6.939831499999855,0,491598,True,1085,1,1.0,0,True,acquired,,0,307.21171489061396,297.5344624794166,708.5,"[{""bbox"": [294, 284, 28, 28], ""centroid"": [307.21171489061396, 297.5344624794166], ""area_px"": 708.5, ""has_hole"": true}]",0.0,0.0,0.0,0.27
1784257947.6266117,ACTIVE,APPROACH,6.959738100005779,0,491598,True,1088,1,1.0,0,True,acquired,,0,307.21171489061396,297.5344624794166,708.5,"[{""bbox"": [294, 284, 28, 28], ""centroid"": [307.21171489061396, 297.5344624794166], ""area_px"": 708.5, ""has_hole"": true}]",0.0,0.0,0.0,0.27
1784257947.647176,ACTIVE,APPROACH,6.980227799969725,0,491599,True,1089,1,1.0,0,True,acquired,,0,307.1089015151515,298.76799242424244,704.0,"[{""bbox"": [294, 285, 28, 29], ""centroid"": [307.1089015151515, 298.76799242424244], ""area_px"": 704.0, ""has_hole"": true}]",0.0,0.0,0.0,0.27
1784257947.6666012,ACTIVE,APPROACH,6.999734400014859,0,491599,True,1092,1,1.0,0,True,acquired,,0,307.1089015151515,298.76799242424244,704.0,"[{""bbox"": [294, 285, 28, 29], ""centroid"": [307.1089015151515, 298.76799242424244], ""area_px"": 704.0, ""has_hole"": true}]",0.0,0.0,0.0,0.27
1784257947.687132,ACTIVE,APPROACH,7.020262599980924,0,491600,True,1094,1,1.0,0,True,acquired,,0,307.18085618085615,300.09331409331406,693.0,"[{""bbox"": [294, 286, 28, 30], ""centroid"": [307.18085618085615, 300.09331409331406], ""area_px"": 693.0, ""has_hole"": true}]",0.0,0.0,0.0,0.27
1784257947.7067637,ACTIVE,APPROACH,7.0398990999674425,0,491601,True,1096,1,1.0,0,True,acquired,,0,307.0256231073841,300.36873980899134,715.5,"[{""bbox"": [293, 286, 29, 30], ""centroid"": [307.0256231073841, 300.36873980899134], ""area_px"": 715.5, ""has_hole"": true}]",0.0,0.0,0.0,0.27
1784257947.7269783,ACTIVE,APPROACH,7.0601170000154525,0,491601,True,1099,1,1.0,0,True,acquired,,0,307.0256231073841,300.36873980899134,715.5,"[{""bbox"": [293, 286, 29, 30], ""centroid"": [307.0256231073841, 300.36873980899134], ""area_px"": 715.5, ""has_hole"": true}]",0.0,0.0,0.0,0.27
1784257947.7469609,ACTIVE,APPROACH,7.080152900016401,0,491602,True,1102,1,1.0,0,True,acquired,,0,306.05196954650773,301.8414432307183,503.5,"[{""bbox"": [292, 288, 30, 30], ""centroid"": [306.05196954650773, 301.8414432307183], ""area_px"": 503.5, ""has_hole"": false}]",0.0,0.0,0.0,0.27
1784257947.7670927,ACTIVE,APPROACH,7.100265899964143,0,491603,True,1105,1,0.9576576455830677,0,False,,0.04234235441693231,0,306.8392554991539,303.4744500846023,492.5,"[{""bbox"": [292, 290, 30, 30], ""centroid"": [306.8392554991539, 303.4744500846023], ""area_px"": 492.5, ""has_hole"": false}]",0.0,0.0,0.0,0.27
1784257947.7869842,ACTIVE,APPROACH,7.120145599998068,0,491603,True,1108,1,1.0,0,True,acquired,,0,306.8392554991539,303.4744500846023,492.5,"[{""bbox"": [292, 290, 30, 30], ""centroid"": [306.8392554991539, 303.4744500846023], ""area_px"": 492.5, ""has_hole"": false}]",0.0,0.0,0.0,0.27
1784257947.8072138,ACTIVE,APPROACH,7.1403614999726415,0,491604,True,1110,1,1.0,0,True,acquired,,0,306.46240851630074,305.1074517631404,501.0,"[{""bbox"": [292, 292, 30, 30], ""centroid"": [306.46240851630074, 305.1074517631404], ""area_px"": 501.0, ""has_hole"": false}]",0.0,0.0,0.0,0.27
1784257947.8265817,ACTIVE,APPROACH,7.159759300004225,0,491604,True,1113,1,1.0,0,True,acquired,,0,306.46240851630074,305.1074517631404,501.0,"[{""bbox"": [292, 292, 30, 30], ""centroid"": [306.46240851630074, 305.1074517631404], ""area_px"": 501.0, ""has_hole"": false}]",0.0,0.0,0.0,0.27
1784257947.8471274,ACTIVE,APPROACH,7.180264999973588,0,491605,True,1116,1,1.0,0,True,acquired,,0,306.24052540913004,306.5295004306632,774.0,"[{""bbox"": [292, 292, 30, 30], ""centroid"": [306.24052540913004, 306.5295004306632], ""area_px"": 774.0, ""has_hole"": true}]",0.0,0.0,0.0,0.27
1784257947.8666217,ACTIVE,APPROACH,7.199759699986316,0,491606,True,1118,1,1.0,0,True,acquired,,0,306.295154185022,308.8753933291378,794.5,"[{""bbox"": [292, 294, 30, 30], ""centroid"": [306.295154185022, 308.8753933291378], ""area_px"": 794.5, ""has_hole"": true}]",0.0,0.0,0.0,0.27
1784257947.886996,ACTIVE,APPROACH,7.220106799970381,0,491606,True,1122,1,1.0,0,True,acquired,,0,306.295154185022,308.8753933291378,794.5,"[{""bbox"": [292, 294, 30, 30], ""centroid"": [306.295154185022, 308.8753933291378], ""area_px"": 794.5, ""has_hole"": true}]",0.0,0.0,0.0,0.27
1784257947.9068115,ACTIVE,APPROACH,7.239764099998865,0,491607,True,1124,1,1.0,0,True,acquired,,0,306.2612994350282,310.5734463276836,826.0,"[{""bbox"": [291, 296, 31, 31], ""centroid"": [306.2612994350282, 310.5734463276836], ""area_px"": 826.0, ""has_hole"": true}]",0.0,0.0,0.0,0.27
1784257947.9267154,ACTIVE,APPROACH,7.259861700003967,0,491607,True,1128,1,1.0,0,True,acquired,,0,306.2612994350282,310.5734463276836,826.0,"[{""bbox"": [291, 296, 31, 31], ""centroid"": [306.2612994350282, 310.5734463276836], ""area_px"": 826.0, ""has_hole"": true}]",0.0,0.0,0.0,0.27
1784257947.9469082,ACTIVE,APPROACH,7.2800454999669455,0,491608,True,1130,1,1.0,0,True,acquired,,0,305.913544106167,312.35050741608114,854.0,"[{""bbox"": [291, 297, 31, 32], ""centroid"": [305.913544106167, 312.35050741608114], ""area_px"": 854.0, ""has_hole"": true}]",0.0,0.0,0.0,0.27
1784257947.9670606,ACTIVE,APPROACH,7.30010150000453,0,491608,True,1132,1,1.0,0,True,acquired,,0,305.913544106167,312.35050741608114,854.0,"[{""bbox"": [291, 297, 31, 32], ""centroid"": [305.913544106167, 312.35050741608114], ""area_px"": 854.0, ""has_hole"": true}]",0.0,0.0,0.0,0.27
1784257947.987184,ACTIVE,APPROACH,7.320234399987385,0,491609,True,1134,1,1.0,0,True,acquired,,0,305.524181547619,314.0120907738095,896.0,"[{""bbox"": [290, 298, 32, 32], ""centroid"": [305.524181547619, 314.0120907738095], ""area_px"": 896.0, ""has_hole"": true}]",0.0,0.0,0.0,0.27
1784257948.007536,ACTIVE,APPROACH,7.3405537999933586,0,491610,True,1136,1,1.0,0,True,acquired,,0,305.47571189279734,315.3070910106086,895.5,"[{""bbox"": [290, 300, 32, 32], ""centroid"": [305.47571189279734, 315.3070910106086], ""area_px"": 895.5, ""has_hole"": true}]",0.0,0.0,0.0,0.27
1784257948.0269465,ACTIVE,APPROACH,7.360109800007194,0,491610,True,1139,1,1.0,0,True,acquired,,0,305.47571189279734,315.3070910106086,895.5,"[{""bbox"": [290, 300, 32, 32], ""centroid"": [305.47571189279734, 315.3070910106086], ""area_px"": 895.5, ""has_hole"": true}]",0.0,0.0,0.0,0.27
1784257948.0467334,ACTIVE,APPROACH,7.379935099976137,0,491611,True,1141,1,1.0,0,True,acquired,,0,305.2787092121867,317.2821344871101,924.5,"[{""bbox"": [290, 302, 32, 32], ""centroid"": [305.2787092121867, 317.2821344871101], ""area_px"": 924.5, ""has_hole"": true}]",0.0,0.0,0.0,0.27
1784257948.0669317,ACTIVE,APPROACH,7.400071399984881,0,491612,True,1144,1,1.0,0,True,acquired,,0,305.2453778495782,319.23083826961044,928.5,"[{""bbox"": [289, 304, 33, 32], ""centroid"": [305.2453778495782, 319.23083826961044], ""area_px"": 928.5, ""has_hole"": true}]",0.0,0.0,0.0,0.27
1784257948.0867097,ACTIVE,APPROACH,7.419766600010917,0,491612,True,1147,1,1.0,0,True,acquired,,0,305.2453778495782,319.23083826961044,928.5,"[{""bbox"": [289, 304, 33, 32], ""centroid"": [305.2453778495782, 319.23083826961044], ""area_px"": 928.5, ""has_hole"": true}]",0.0,0.0,0.0,0.27
1784257948.1071243,ACTIVE,APPROACH,7.4402335999766365,0,491613,True,1149,1,0.9673218736581732,0,False,,0.032678126341826756,0,305.2386185243328,320.4667713239142,955.5,"[{""bbox"": [290, 304, 32, 34], ""centroid"": [305.2386185243328, 320.4667713239142], ""area_px"": 955.5, ""has_hole"": true}]",0.0,0.0,0.0,0.27
1784257948.1267278,ACTIVE,APPROACH,7.459880299982615,0,491614,True,1151,1,1.0,0,True,acquired,,0,305.1828530771967,321.49697616506575,937.0,"[{""bbox"": [290, 306, 32, 32], ""centroid"": [305.1828530771967, 321.49697616506575], ""area_px"": 937.0, ""has_hole"": true}]",0.0,0.0,0.0,0.27
1784257948.1468897,ACTIVE,APPROACH,7.480039599991869,0,491614,True,1154,1,1.0,0,True,acquired,,0,305.1828530771967,321.49697616506575,937.0,"[{""bbox"": [290, 306, 32, 32], ""centroid"": [305.1828530771967, 321.49697616506575], ""area_px"": 937.0, ""has_hole"": true}]",0.0,0.0,0.0,0.27
1784257948.1666152,ACTIVE,APPROACH,7.499751599971205,0,491615,True,1156,1,0.9208085810819413,0,False,,0.0791914189180587,0,304.68524046434493,324.2485903814262,1005.0,"[{""bbox"": [288, 308, 34, 34], ""centroid"": [304.68524046434493, 324.2485903814262], ""area_px"": 1005.0, ""has_hole"": true}]",0.0,0.0,0.0,0.27
1784257948.1903486,ACTIVE,APPROACH,7.52338069997495,0,491615,True,1159,1,1.0,0,True,acquired,,0,304.68524046434493,324.2485903814262,1005.0,"[{""bbox"": [288, 308, 34, 34], ""centroid"": [304.68524046434493, 324.2485903814262], ""area_px"": 1005.0, ""has_hole"": true}]",0.0,0.0,0.0,0.27
1784257948.2066257,ACTIVE,APPROACH,7.539766200003214,0,491616,True,1160,1,0.9580453244634467,0,False,,0.04195467553655333,0,304.7669918699187,326.5471544715447,1025.0,"[{""bbox"": [288, 310, 34, 34], ""centroid"": [304.7669918699187, 326.5471544715447], ""area_px"": 1025.0, ""has_hole"": true}]",0.0,0.0,0.0,0.27
1784257948.2278123,ACTIVE,APPROACH,7.560843700019177,0,491616,True,1163,1,1.0,0,True,acquired,,0,304.7669918699187,326.5471544715447,1025.0,"[{""bbox"": [288, 310, 34, 34], ""centroid"": [304.7669918699187, 326.5471544715447], ""area_px"": 1025.0, ""has_hole"": true}]",0.0,0.0,0.0,0.27
1784257948.2469516,ACTIVE,APPROACH,7.580077999969944,0,491617,True,1165,1,1.0,0,True,acquired,,0,304.2552255225522,328.4060977526324,1060.5,"[{""bbox"": [288, 312, 34, 34], ""centroid"": [304.2552255225522, 328.4060977526324], ""area_px"": 1060.5, ""has_hole"": true}]",0.0,0.0,0.0,0.27
1784257948.2666078,ACTIVE,APPROACH,7.599725599982776,0,491617,True,1167,1,1.0,0,True,acquired,,0,304.2552255225522,328.4060977526324,1060.5,"[{""bbox"": [288, 312, 34, 34], ""centroid"": [304.2552255225522, 328.4060977526324], ""area_px"": 1060.5, ""has_hole"": true}]",0.0,0.0,0.0,0.27
1784257948.2870548,ACTIVE,APPROACH,7.6202309000073,0,491618,True,1169,1,1.0,0,True,acquired,,0,304.214058524173,328.77131043257,1048.0,"[{""bbox"": [288, 312, 34, 34], ""centroid"": [304.214058524173, 328.77131043257], ""area_px"": 1048.0, ""has_hole"": true}]",0.0,0.0,0.0,0.27
1784257948.3065178,ACTIVE,APPROACH,7.639724400010891,0,491619,True,1171,1,1.0,0,True,acquired,,0,304.25361980382996,332.483263272614,1070.5,"[{""bbox"": [288, 316, 34, 34], ""centroid"": [304.25361980382996, 332.483263272614], ""area_px"": 1070.5, ""has_hole"": true}]",0.0,0.0,0.0,0.27
1784257948.326848,ACTIVE,APPROACH,7.659926799999084,0,491620,True,1173,1,0.9585068200310233,0,False,,0.04149317996897675,0,303.8934738074334,333.72373426982733,1139.0,"[{""bbox"": [287, 316, 35, 36], ""centroid"": [303.8934738074334, 333.72373426982733], ""area_px"": 1139.0, ""has_hole"": true}]",0.0,0.0,0.0,0.27
1784257948.3470387,ACTIVE,APPROACH,7.6801223999937065,0,491620,True,1177,1,1.0,0,True,acquired,,0,303.8934738074334,333.72373426982733,1139.0,"[{""bbox"": [287, 316, 35, 36], ""centroid"": [303.8934738074334, 333.72373426982733], ""area_px"": 1139.0, ""has_hole"": true}]",0.0,0.0,0.0,0.27
1784257948.3665807,ACTIVE,APPROACH,7.699752299988177,0,491621,False,1178,1,0.75,1,False,,,1,,,,"[{""bbox"": [286, 318, 36, 36], ""centroid"": [303.67870612126484, 335.7834348709022], ""area_px"": 1149.0, ""has_hole"": true}]",0.0,0.0,0.0,0.27
1784257948.3871133,ACTIVE,APPROACH,7.720259499968961,0,491621,False,,1,0.0,0,False,,,1,,,,"[{""bbox"": [286, 318, 36, 36], ""centroid"": [303.67870612126484, 335.7834348709022], ""area_px"": 1149.0, ""has_hole"": true}]",0.0,0.0,0.0,0.27
1784257948.4069252,ACTIVE,APPROACH,7.740009500004817,0,491622,False,,1,0.0,0,False,,,1,,,,"[{""bbox"": [286, 320, 36, 37], ""centroid"": [303.74820640176597, 338.18046357615896], ""area_px"": 1208.0, ""has_hole"": true}]",0.0,0.0,0.0,0.27
1784257948.4268663,ACTIVE,APPROACH,7.7599388000089675,0,491622,False,,1,0.0,0,False,,,1,,,,"[{""bbox"": [286, 320, 36, 37], ""centroid"": [303.74820640176597, 338.18046357615896], ""area_px"": 1208.0, ""has_hole"": true}]",0.0,0.0,0.0,0.27
1784257948.447063,ACTIVE,APPROACH,7.780266100016888,0,491623,False,,1,0.0,0,False,,,1,,,,"[{""bbox"": [286, 322, 36, 38], ""centroid"": [303.47331479274266, 341.00754866905044], ""area_px"": 1258.5, ""has_hole"": true}]",0.0,0.0,0.0,0.27
1784257948.4669755,ACTIVE,APPROACH,7.800074999977369,0,491624,False,,1,0.0,0,False,,,1,,,,"[{""bbox"": [286, 326, 36, 34], ""centroid"": [303.43395951652826, 342.64030872287753], ""area_px"": 1144.5, ""has_hole"": true}]",0.0,0.0,0.0,0.27
1784257948.486943,ACTIVE,APPROACH,7.820124100020621,0,491625,False,,1,0.0,0,False,,,1,,,,"[{""bbox"": [284, 328, 38, 32], ""centroid"": [302.98357228195937, 343.5185185185185], ""area_px"": 1116.0, ""has_hole"": true}]",0.0,0.0,0.0,0.27
1784257948.5070002,ACTIVE,APPROACH,7.840164799999911,0,491625,False,,1,0.0,0,False,,,1,,,,"[{""bbox"": [284, 328, 38, 32], ""centroid"": [302.98357228195937, 343.5185185185185], ""area_px"": 1116.0, ""has_hole"": true}]",0.0,0.0,0.0,0.27
1784257948.5269334,ACTIVE,APPROACH,7.860084199986886,0,491626,False,,1,0.0,0,False,,,1,,,,"[{""bbox"": [284, 330, 38, 30], ""centroid"": [302.99121546078896, 344.52036415908003], ""area_px"": 1043.5, ""has_hole"": true}]",0.0,0.0,0.0,0.27
1784257948.5468836,ACTIVE,APPROACH,7.879933499963954,0,491626,False,,1,0.0,0,False,,,1,,,,"[{""bbox"": [284, 330, 38, 30], ""centroid"": [302.99121546078896, 344.52036415908003], ""area_px"": 1043.5, ""has_hole"": true}]",0.0,0.0,0.0,0.27
1784257948.5667658,ACTIVE,APPROACH,7.899956899986137,0,491627,False,,1,0.0,0,False,,,1,,,,"[{""bbox"": [284, 332, 38, 28], ""centroid"": [302.7212643678161, 342.96029258098224], ""area_px"": 638.0, ""has_hole"": false}]",0.0,0.0,0.0,0.27
1784257948.586591,ACTIVE,APPROACH,7.919765600003302,0,491627,False,,1,0.0,0,False,,,1,,,,"[{""bbox"": [284, 332, 38, 28], ""centroid"": [302.7212643678161, 342.96029258098224], ""area_px"": 638.0, ""has_hole"": false}]",0.0,0.0,0.0,0.27
1784257948.606836,ACTIVE,APPROACH,7.939955400011968,0,491628,False,,0,0.0,0,False,,,0,,,,[],0.0,0.0,0.0,0.27
1784257948.6269648,ACTIVE,APPROACH,7.960167000012007,0,491628,False,,0,0.0,0,False,,,0,,,,[],0.0,0.0,0.0,0.27
1784257948.6467512,ACTIVE,APPROACH,7.97990390000632,0,491629,False,,0,0.0,0,False,,,0,,,,[],0.0,0.0,0.0,0.27
1784257948.667331,ACTIVE,APPROACH,8.000191600003745,0,491630,False,,0,0.0,0,False,,,0,,,,[],0.0,0.0,0.0,0.27
1784257948.6870618,ACTIVE,APPROACH,8.020228900015354,0,491630,False,,0,0.0,0,False,,,0,,,,[],0.0,0.0,0.0,0.27
1784257948.7067564,ACTIVE,APPROACH,8.039922199968714,0,491631,False,,0,0.0,0,False,,,0,,,,[],0.0,0.0,0.0,0.27
1784257948.7267854,ACTIVE,APPROACH,8.059943499974906,0,491632,False,,0,0.0,0,False,,,0,,,,[],0.0,0.0,0.0,0.27
1784257948.7469952,ACTIVE,APPROACH,8.080114700016566,0,491632,False,,0,0.0,0,False,,,0,,,,[],0.0,0.0,0.0,0.27
1784257948.7669957,ACTIVE,APPROACH,8.100112300016917,0,491633,True,1179,1,1.0,0,True,acquired,,0,346.9201995012469,303.2277639235245,200.5,"[{""bbox"": [340, 296, 16, 16], ""centroid"": [346.9201995012469, 303.2277639235245], ""area_px"": 200.5, ""has_hole"": true}]",0.0,0.0,0.0,0.27
1784257948.787513,ACTIVE,APPROACH,8.120596799999475,0,491633,True,1183,1,1.0,0,True,acquired,,0,346.9201995012469,303.2277639235245,200.5,"[{""bbox"": [340, 296, 16, 16], ""centroid"": [346.9201995012469, 303.2277639235245], ""area_px"": 200.5, ""has_hole"": true}]",0.0,0.0,0.0,0.27
1784257948.8066285,ACTIVE,APPROACH,8.139762600010727,0,491634,False,,0,0.0,0,False,,,0,,,,[],0.0,0.0,0.0,0.27
1784257948.826619,ACTIVE,APPROACH,8.159726099984255,0,491635,False,,0,0.0,0,False,,,0,,,,[],0.0,0.0,0.0,0.27
1784257948.8468592,ACTIVE,APPROACH,8.1799826999777,0,491635,False,,0,0.0,0,False,,,0,,,,[],0.0,0.0,0.0,0.27
1784257948.8667786,ACTIVE,APPROACH,8.199930100003257,0,491636,False,,0,0.0,0,False,,,0,,,,[],0.0,0.0,0.0,0.27
1784257948.8868165,ACTIVE,APPROACH,8.21975739998743,0,491636,False,,0,0.0,0,False,,,0,,,,[],0.0,0.0,0.0,0.27
1784257948.9067214,ACTIVE,APPROACH,8.239911500015296,0,491637,True,1186,1,1.0,0,True,acquired,,0,347.51958433253395,307.11590727418064,208.5,"[{""bbox"": [340, 300, 16, 16], ""centroid"": [347.51958433253395, 307.11590727418064], ""area_px"": 208.5, ""has_hole"": true}]",0.0,0.0,0.0,0.27
1784257948.927155,ACTIVE,APPROACH,8.26025649998337,0,491637,True,1188,1,1.0,0,True,acquired,,0,347.51958433253395,307.11590727418064,208.5,"[{""bbox"": [340, 300, 16, 16], ""centroid"": [347.51958433253395, 307.11590727418064], ""area_px"": 208.5, ""has_hole"": true}]",0.0,0.0,0.0,0.27
1784257948.9470124,ACTIVE,APPROACH,8.280056399991736,0,491638,True,1190,1,1.0,0,True,acquired,,0,348.0,307.5,208.0,"[{""bbox"": [341, 300, 15, 16], ""centroid"": [348.0, 307.5], ""area_px"": 208.0, ""has_hole"": true}]",0.0,0.0,0.0,0.27
1784257948.9670677,ACTIVE,APPROACH,8.300192900002003,0,491639,True,1193,1,1.0,0,True,acquired,,0,348.1152263374485,308.68806584362136,202.5,"[{""bbox"": [341, 301, 15, 16], ""centroid"": [348.1152263374485, 308.68806584362136], ""area_px"": 202.5, ""has_hole"": true}]",0.0,0.0,0.0,0.27
1784257948.9870768,ACTIVE,APPROACH,8.320148799975868,0,491639,True,1196,1,1.0,0,True,acquired,,0,348.1152263374485,308.68806584362136,202.5,"[{""bbox"": [341, 301, 15, 16], ""centroid"": [348.1152263374485, 308.68806584362136], ""area_px"": 202.5, ""has_hole"": true}]",0.0,0.0,0.0,0.27
1784257949.0069592,ACTIVE,APPROACH,8.340065600001253,0,491640,True,1199,1,1.0,0,True,acquired,,0,348.0,309.39674796747966,205.0,"[{""bbox"": [341, 302, 15, 16], ""centroid"": [348.0, 309.39674796747966], ""area_px"": 205.0, ""has_hole"": true}]",0.0,0.0,0.0,0.27
1784257949.0271542,ACTIVE,APPROACH,8.360301900014747,0,491641,False,1201,0,0.75,1,False,,,0,,,,[],0.0,0.0,0.0,0.27
1784257949.047498,ACTIVE,APPROACH,8.38066439999966,0,491641,False,,0,0.0,0,False,,,0,,,,[],0.0,0.0,0.0,0.27
1784257949.0669634,ACTIVE,APPROACH,8.40005709999241,0,491642,True,1202,1,1.0,0,True,acquired,,0,348.5537124802527,310.99210110584517,211.0,"[{""bbox"": [341, 304, 17, 16], ""centroid"": [348.5537124802527, 310.99210110584517], ""area_px"": 211.0, ""has_hole"": true}]",0.0,0.0,0.0,0.27
1784257949.0874438,ACTIVE,APPROACH,8.420619699987583,0,491642,True,1205,1,1.0,0,True,acquired,,0,348.5537124802527,310.99210110584517,211.0,"[{""bbox"": [341, 304, 17, 16], ""centroid"": [348.5537124802527, 310.99210110584517], ""area_px"": 211.0, ""has_hole"": true}]",0.0,0.0,0.0,0.27
1784257949.1066253,ACTIVE,APPROACH,8.439794400008395,0,491643,True,1208,1,1.0,0,True,acquired,,0,348.5,311.5,223.0,"[{""bbox"": [341, 304, 16, 16], ""centroid"": [348.5, 311.5], ""area_px"": 223.0, ""has_hole"": true}]",0.0,0.0,0.0,0.27
1784257949.1267128,ACTIVE,APPROACH,8.459906300005969,0,491644,True,1210,1,0.970228836341824,0,False,,0.02977116365817597,0,348.5,312.5,223.0,"[{""bbox"": [341, 305, 16, 16], ""centroid"": [348.5, 312.5], ""area_px"": 223.0, ""has_hole"": true}]",0.0,0.0,0.0,0.27
1784257949.147182,ACTIVE,APPROACH,8.480110800010152,0,491644,True,1214,1,1.0,0,True,acquired,,0,348.5,312.5,223.0,"[{""bbox"": [341, 305, 16, 16], ""centroid"": [348.5, 312.5], ""area_px"": 223.0, ""has_hole"": true}]",0.0,0.0,0.0,0.27
1784257949.1672478,ACTIVE,APPROACH,8.500402199977543,0,491645,True,1216,1,1.0,0,True,acquired,,0,348.7101449275362,313.64454614797864,218.5,"[{""bbox"": [341, 306, 17, 16], ""centroid"": [348.7101449275362, 313.64454614797864], ""area_px"": 218.5, ""has_hole"": true}]",0.0,0.0,0.0,0.27
1784257949.186813,ACTIVE,APPROACH,8.51982250000583,0,491646,True,1218,1,0.949701438958037,0,False,,0.05029856104196295,0,348.729792147806,314.5550423402617,216.5,"[{""bbox"": [341, 307, 16, 17], ""centroid"": [348.729792147806, 314.5550423402617], ""area_px"": 216.5, ""has_hole"": true}]",0.0,0.0,0.0,0.27
1784257949.2067485,ACTIVE,APPROACH,8.539848599990364,0,491646,True,1221,1,1.0,0,True,acquired,,0,348.729792147806,314.5550423402617,216.5,"[{""bbox"": [341, 307, 16, 17], ""centroid"": [348.729792147806, 314.5550423402617], ""area_px"": 216.5, ""has_hole"": true}]",0.0,0.0,0.0,0.27
1784257949.226938,ACTIVE,APPROACH,8.560054500005208,0,491647,True,1222,1,0.9509865320350761,0,False,,0.04901346796492387,0,349.5,315.5,223.0,"[{""bbox"": [342, 308, 16, 16], ""centroid"": [349.5, 315.5], ""area_px"": 223.0, ""has_hole"": true}]",0.0,0.0,0.0,0.27
1784257949.2469175,ACTIVE,APPROACH,8.579751999990549,0,491647,True,1226,1,1.0,0,True,acquired,,0,349.5,315.5,223.0,"[{""bbox"": [342, 308, 16, 16], ""centroid"": [349.5, 315.5], ""area_px"": 223.0, ""has_hole"": true}]",0.0,0.0,0.0,0.27
1784257949.2667465,ACTIVE,APPROACH,8.599923599977046,0,491648,True,1228,1,1.0,0,True,acquired,,0,349.47333333333336,316.57037037037037,225.0,"[{""bbox"": [342, 309, 16, 17], ""centroid"": [349.47333333333336, 316.57037037037037], ""area_px"": 225.0, ""has_hole"": true}]",0.0,0.0,0.0,0.27
1784257949.2893276,ACTIVE,APPROACH,8.621681299991906,0,491648,True,1232,1,1.0,0,True,acquired,,0,349.47333333333336,316.57037037037037,225.0,"[{""bbox"": [342, 309, 16, 17], ""centroid"": [349.47333333333336, 316.57037037037037], ""area_px"": 225.0, ""has_hole"": true}]",0.0,0.0,0.0,0.27
1784257949.3072069,ACTIVE,APPROACH,8.640175800013822,0,491649,True,1234,1,1.0,0,True,acquired,,0,349.5,317.5,223.0,"[{""bbox"": [342, 310, 16, 16], ""centroid"": [349.5, 317.5], ""area_px"": 223.0, ""has_hole"": true}]",0.0,0.0,0.0,0.27
1784257949.326726,ACTIVE,APPROACH,8.65978869999526,0,491649,True,1237,1,1.0,0,True,acquired,,0,349.5,317.5,223.0,"[{""bbox"": [342, 310, 16, 16], ""centroid"": [349.5, 317.5], ""area_px"": 223.0, ""has_hole"": true}]",0.0,0.0,0.0,0.27
1784257949.3475163,ACTIVE,APPROACH,8.680454300018027,0,491650,True,1239,1,1.0,0,True,acquired,,0,349.45353982300884,318.60545722713863,226.0,"[{""bbox"": [342, 311, 16, 17], ""centroid"": [349.45353982300884, 318.60545722713863], ""area_px"": 226.0, ""has_hole"": true}]",0.0,0.0,0.0,0.27
1784257949.3668725,ACTIVE,APPROACH,8.69992149999598,0,491651,True,1241,1,1.0,0,True,acquired,,0,349.808908045977,319.4806034482759,232.0,"[{""bbox"": [342, 312, 17, 16], ""centroid"": [349.808908045977, 319.4806034482759], ""area_px"": 232.0, ""has_hole"": true}]",0.0,0.0,0.0,0.27
1784257949.3881314,ACTIVE,APPROACH,8.721235800010618,0,491651,True,1243,1,1.0,0,True,acquired,,0,349.808908045977,319.4806034482759,232.0,"[{""bbox"": [342, 312, 17, 16], ""centroid"": [349.808908045977, 319.4806034482759], ""area_px"": 232.0, ""has_hole"": true}]",0.0,0.0,0.0,0.27
1784257949.407037,ACTIVE,APPROACH,8.740193200006615,0,491652,True,1245,1,1.0,0,True,acquired,,0,350.0436507936508,320.1507936507937,252.0,"[{""bbox"": [342, 312, 17, 18], ""centroid"": [350.0436507936508, 320.1507936507937], ""area_px"": 252.0, ""has_hole"": true}]",0.0,0.0,0.0,0.27
1784257949.4270647,ACTIVE,APPROACH,8.760206700011622,0,491653,True,1247,1,1.0,0,True,acquired,,0,350.1023513139695,321.3022130013831,241.0,"[{""bbox"": [342, 313, 17, 17], ""centroid"": [350.1023513139695, 321.3022130013831], ""area_px"": 241.0, ""has_hole"": true}]",0.0,0.0,0.0,0.27
1784257949.4466896,ACTIVE,APPROACH,8.779823200020473,0,491653,True,1250,1,1.0,0,True,acquired,,0,350.1023513139695,321.3022130013831,241.0,"[{""bbox"": [342, 313, 17, 17], ""centroid"": [350.1023513139695, 321.3022130013831], ""area_px"": 241.0, ""has_hole"": true}]",0.0,0.0,0.0,0.27
1784257949.4669728,ACTIVE,APPROACH,8.8001527999877,0,491654,True,1253,1,1.0,0,True,acquired,,0,350.2985685071575,322.04703476482615,244.5,"[{""bbox"": [342, 314, 17, 18], ""centroid"": [350.2985685071575, 322.04703476482615], ""area_px"": 244.5, ""has_hole"": true}]",0.0,0.0,0.0,0.27
1784257949.4867227,ACTIVE,APPROACH,8.819810000015423,0,491654,True,1255,1,1.0,0,True,acquired,,0,350.2985685071575,322.04703476482615,244.5,"[{""bbox"": [342, 314, 17, 18], ""centroid"": [350.2985685071575, 322.04703476482615], ""area_px"": 244.5, ""has_hole"": true}]",0.0,0.0,0.0,0.27
1784257949.5072138,ACTIVE,APPROACH,8.839937300013844,0,491655,True,1257,1,1.0,0,True,acquired,,0,350.6460481099656,322.893470790378,242.5,"[{""bbox"": [343, 315, 17, 17], ""centroid"": [350.6460481099656, 322.893470790378], ""area_px"": 242.5, ""has_hole"": true}]",0.0,0.0,0.0,0.27
1784257949.5269492,ACTIVE,APPROACH,8.860075099975802,0,491656,True,1259,1,1.0,0,True,acquired,,0,351.0,324.0,254.0,"[{""bbox"": [343, 316, 17, 17], ""centroid"": [351.0, 324.0], ""area_px"": 254.0, ""has_hole"": true}]",0.0,0.0,0.0,0.27
1784257949.5466764,ACTIVE,APPROACH,8.879813199979253,0,491656,True,1262,1,1.0,0,True,acquired,,0,351.0,324.0,254.0,"[{""bbox"": [343, 316, 17, 17], ""centroid"": [351.0, 324.0], ""area_px"": 254.0, ""has_hole"": true}]",0.0,0.0,0.0,0.27
1784257949.5665982,ACTIVE,APPROACH,8.899804299988318,0,491657,True,1264,1,1.0,0,True,acquired,,0,351.0111524163569,325.4696406443618,269.0,"[{""bbox"": [343, 317, 17, 18], ""centroid"": [351.0111524163569, 325.4696406443618], ""area_px"": 269.0, ""has_hole"": true}]",0.0,0.0,0.0,0.27
1784257949.5868924,ACTIVE,APPROACH,8.920073200017214,0,491658,True,1267,1,0.971503352855373,0,False,,0.02849664714462695,0,351.0,326.5,270.0,"[{""bbox"": [343, 318, 17, 18], ""centroid"": [351.0, 326.5], ""area_px"": 270.0, ""has_hole"": true}]",0.0,0.0,0.0,0.27
1784257949.606973,ACTIVE,APPROACH,8.940138100006152,0,491658,True,1270,1,1.0,0,True,acquired,,0,351.0,326.5,270.0,"[{""bbox"": [343, 318, 17, 18], ""centroid"": [351.0, 326.5], ""area_px"": 270.0, ""has_hole"": true}]",0.0,0.0,0.0,0.27
1784257949.6267397,ACTIVE,APPROACH,8.959874799998943,0,491658,True,1273,1,1.0,0,True,acquired,,0,351.0,326.5,270.0,"[{""bbox"": [343, 318, 17, 18], ""centroid"": [351.0, 326.5], ""area_px"": 270.0, ""has_hole"": true}]",0.0,0.0,0.0,0.27
1784257949.6470587,ACTIVE,APPROACH,8.980165500019211,0,491659,True,1275,1,1.0,0,True,acquired,,0,351.0,327.5,270.0,"[{""bbox"": [343, 319, 17, 18], ""centroid"": [351.0, 327.5], ""area_px"": 270.0, ""has_hole"": true}]",0.0,0.0,0.0,0.27
1784257949.6670408,ACTIVE,APPROACH,9.000164599972777,0,491660,True,1277,1,1.0,0,True,acquired,,0,351.7400119260584,328.6046511627907,279.5,"[{""bbox"": [343, 320, 19, 18], ""centroid"": [351.7400119260584, 328.6046511627907], ""area_px"": 279.5, ""has_hole"": true}]",0.0,0.0,0.0,0.27
1784257949.6871653,ACTIVE,APPROACH,9.020282100012992,0,491661,True,1279,1,0.9446674251120059,0,False,,0.055332574887994125,0,351.6186961869618,330.0110701107011,271.0,"[{""bbox"": [343, 321, 18, 19], ""centroid"": [351.6186961869618, 330.0110701107011], ""area_px"": 271.0, ""has_hole"": true}]",0.0,0.0,0.0,0.27
1784257949.7067215,ACTIVE,APPROACH,9.03990979999071,0,491661,True,1283,1,1.0,0,True,acquired,,0,351.6186961869618,330.0110701107011,271.0,"[{""bbox"": [343, 321, 18, 19], ""centroid"": [351.6186961869618, 330.0110701107011], ""area_px"": 271.0, ""has_hole"": true}]",0.0,0.0,0.0,0.27
1784257949.7268567,ACTIVE,APPROACH,9.060041799966712,0,491662,True,1285,1,1.0,0,True,acquired,,0,352.0326797385621,331.01960784313724,255.0,"[{""bbox"": [344, 323, 18, 17], ""centroid"": [352.0326797385621, 331.01960784313724], ""area_px"": 255.0, ""has_hole"": true}]",0.0,0.0,0.0,0.27
1784257949.746923,ACTIVE,APPROACH,9.080073299992364,0,491662,True,1288,1,1.0,0,True,acquired,,0,352.0326797385621,331.01960784313724,255.0,"[{""bbox"": [344, 323, 18, 17], ""centroid"": [352.0326797385621, 331.01960784313724], ""area_px"": 255.0, ""has_hole"": true}]",0.0,0.0,0.0,0.27
1784257949.7669156,ACTIVE,APPROACH,9.100080800009891,0,491663,True,1290,1,1.0,0,True,acquired,,0,351.98823529411766,332.0326797385621,255.0,"[{""bbox"": [344, 324, 17, 18], ""centroid"": [351.98823529411766, 332.0326797385621], ""area_px"": 255.0, ""has_hole"": true}]",0.0,0.0,0.0,0.27
1784257949.7868583,ACTIVE,APPROACH,9.119927799969446,0,491663,True,1294,1,1.0,0,True,acquired,,0,351.98823529411766,332.0326797385621,255.0,"[{""bbox"": [344, 324, 17, 18], ""centroid"": [351.98823529411766, 332.0326797385621], ""area_px"": 255.0, ""has_hole"": true}]",0.0,0.0,0.0,0.27
1784257949.8069723,ACTIVE,APPROACH,9.140030200011097,0,491664,True,1296,1,1.0,0,True,acquired,,0,352.54015020219526,333.54477180820334,288.5,"[{""bbox"": [344, 325, 18, 19], ""centroid"": [352.54015020219526, 333.54477180820334], ""area_px"": 288.5, ""has_hole"": true}]",0.0,0.0,0.0,0.27
1784257949.8270357,ACTIVE,APPROACH,9.160145199974068,0,491665,True,1298,1,0.9820838472239865,0,False,,0.017916152776013564,0,352.5,334.5,287.0,"[{""bbox"": [344, 326, 18, 18], ""centroid"": [352.5, 334.5], ""area_px"": 287.0, ""has_hole"": true}]",0.0,0.0,0.0,0.27
1784257949.84701,ACTIVE,APPROACH,9.18016649998026,0,491665,True,1301,1,1.0,0,True,acquired,,0,352.5,334.5,287.0,"[{""bbox"": [344, 326, 18, 18], ""centroid"": [352.5, 334.5], ""area_px"": 287.0, ""has_hole"": true}]",0.0,0.0,0.0,0.27
1784257949.8665276,ACTIVE,APPROACH,9.199671000009403,0,491666,True,1303,1,1.0,0,True,acquired,,0,352.54015020219526,335.54477180820334,288.5,"[{""bbox"": [344, 327, 18, 19], ""centroid"": [352.54015020219526, 335.54477180820334], ""area_px"": 288.5, ""has_hole"": true}]",0.0,0.0,0.0,0.27
1784257949.8866537,ACTIVE,APPROACH,9.219816499971785,0,491666,True,1306,1,1.0,0,True,acquired,,0,352.54015020219526,335.54477180820334,288.5,"[{""bbox"": [344, 327, 18, 19], ""centroid"": [352.54015020219526, 335.54477180820334], ""area_px"": 288.5, ""has_hole"": true}]",0.0,0.0,0.0,0.27
1784257949.9067683,ACTIVE,APPROACH,9.23991990002105,0,491667,True,1309,1,1.0,0,True,acquired,,0,353.0,336.5,304.0,"[{""bbox"": [344, 328, 19, 18], ""centroid"": [353.0, 336.5], ""area_px"": 304.0, ""has_hole"": true}]",0.0,0.0,0.0,0.27
1784257949.9270313,ACTIVE,APPROACH,9.260120099992491,0,491667,True,1311,1,1.0,0,True,acquired,,0,353.0,336.5,304.0,"[{""bbox"": [344, 328, 19, 18], ""centroid"": [353.0, 336.5], ""area_px"": 304.0, ""has_hole"": true}]",0.0,0.0,0.0,0.27
1784257949.9468884,ACTIVE,APPROACH,9.280005900014658,0,491668,True,1313,1,1.0,0,True,acquired,,0,353.5289617486339,337.98032786885244,305.0,"[{""bbox"": [345, 329, 19, 19], ""centroid"": [353.5289617486339, 337.98032786885244], ""area_px"": 305.0, ""has_hole"": true}]",0.0,0.0,0.0,0.27
1784257949.9669602,ACTIVE,APPROACH,9.300128199975006,0,491669,True,1316,1,1.0,0,True,acquired,,0,353.44625407166126,339.09229098805645,307.0,"[{""bbox"": [345, 330, 18, 20], ""centroid"": [353.44625407166126, 339.09229098805645], ""area_px"": 307.0, ""has_hole"": true}]",0.0,0.0,0.0,0.27
1784257949.9867766,ACTIVE,APPROACH,9.319845499994699,0,491669,True,1319,1,1.0,0,True,acquired,,0,353.44625407166126,339.09229098805645,307.0,"[{""bbox"": [345, 330, 18, 20], ""centroid"": [353.44625407166126, 339.09229098805645], ""area_px"": 307.0, ""has_hole"": true}]",0.0,0.0,0.0,0.27
1784257950.0069885,ACTIVE,APPROACH,9.340131199976895,0,491670,True,1322,1,1.0,0,True,acquired,,0,353.5306712962963,340.51909722222223,288.0,"[{""bbox"": [345, 332, 19, 18], ""centroid"": [353.5306712962963, 340.51909722222223], ""area_px"": 288.0, ""has_hole"": true}]",0.0,0.0,0.0,0.27
1784257950.026755,ACTIVE,APPROACH,9.359930699982215,0,491671,True,1324,1,0.9298570648426193,0,False,,0.07014293515738068,0,354.0,342.0,322.0,"[{""bbox"": [345, 333, 19, 19], ""centroid"": [354.0, 342.0], ""area_px"": 322.0, ""has_hole"": true}]",0.0,0.0,0.0,0.27
1784257950.0465736,ACTIVE,APPROACH,9.379720699973404,0,491671,True,1328,1,1.0,0,True,acquired,,0,354.0,342.0,322.0,"[{""bbox"": [345, 333, 19, 19], ""centroid"": [354.0, 342.0], ""area_px"": 322.0, ""has_hole"": true}]",0.0,0.0,0.0,0.27
1784257950.0669675,ACTIVE,APPROACH,9.40012810000917,0,491672,False,,1,0.0,0,False,,,1,,,,"[{""bbox"": [345, 334, 19, 20], ""centroid"": [353.9907120743034, 343.0288957688338], ""area_px"": 323.0, ""has_hole"": true}]",0.0,0.0,0.0,0.27
1784257950.0870025,ACTIVE,APPROACH,9.420162399997935,0,491672,False,,1,0.0,0,False,,,1,,,,"[{""bbox"": [345, 334, 19, 20], ""centroid"": [353.9907120743034, 343.0288957688338], ""area_px"": 323.0, ""has_hole"": true}]",0.0,0.0,0.0,0.27
1784257950.1068268,ACTIVE,APPROACH,9.439998499990907,0,491673,False,,1,0.0,0,False,,,1,,,,"[{""bbox"": [345, 335, 19, 19], ""centroid"": [354.0804597701149, 344.0564263322884], ""area_px"": 319.0, ""has_hole"": true}]",0.0,0.0,0.0,0.27
1784257950.1266568,ACTIVE,APPROACH,9.45977810001932,0,491674,False,,1,0.0,0,False,,,1,,,,"[{""bbox"": [345, 336, 20, 20], ""centroid"": [354.82252388134737, 345.73403720462545], ""area_px"": 331.5, ""has_hole"": true}]",0.0,0.0,0.0,0.27
1784257950.1467996,ACTIVE,APPROACH,9.479952699970454,0,491674,False,,1,0.0,0,False,,,1,,,,"[{""bbox"": [345, 336, 20, 20], ""centroid"": [354.82252388134737, 345.73403720462545], ""area_px"": 331.5, ""has_hole"": true}]",0.0,0.0,0.0,0.27
1784257950.167045,ACTIVE,APPROACH,9.50025529996492,0,491675,False,,1,0.0,0,False,,,1,,,,"[{""bbox"": [346, 338, 19, 19], ""centroid"": [355.0, 347.0], ""area_px"": 322.0, ""has_hole"": true}]",0.0,0.0,0.0,0.27
1784257950.18653,ACTIVE,APPROACH,9.519709600019269,0,491676,False,,1,0.0,0,False,,,1,,,,"[{""bbox"": [346, 339, 20, 21], ""centroid"": [355.0265151515151, 348.8390151515151], ""area_px"": 352.0, ""has_hole"": true}]",0.0,0.0,0.0,0.27
1784257950.2070901,ACTIVE,APPROACH,9.540239399997517,0,491676,False,,1,0.0,0,False,,,1,,,,"[{""bbox"": [346, 339, 20, 21], ""centroid"": [355.0265151515151, 348.8390151515151], ""area_px"": 352.0, ""has_hole"": true}]",0.0,0.0,0.0,0.27
1784257950.2270515,ACTIVE,APPROACH,9.560150999983307,0,491676,False,,1,0.0,0,False,,,1,,,,"[{""bbox"": [346, 339, 20, 21], ""centroid"": [355.0265151515151, 348.8390151515151], ""area_px"": 352.0, ""has_hole"": true}]",0.0,0.0,0.0,0.27
1784257950.2475793,ACTIVE,APPROACH,9.579708500008564,0,491677,False,,1,0.0,0,False,,,1,,,,"[{""bbox"": [346, 340, 19, 20], ""centroid"": [355.0, 349.5268817204301], ""area_px"": 341.0, ""has_hole"": true}]",0.0,0.0,0.0,0.27
1784257950.267054,ACTIVE,APPROACH,9.60019749996718,0,491678,False,,1,0.0,0,False,,,1,,,,"[{""bbox"": [346, 342, 20, 18], ""centroid"": [355.5, 350.52536231884056], ""area_px"": 322.0, ""has_hole"": true}]",0.0,0.0,0.0,0.27
1784257950.2868066,ACTIVE,APPROACH,9.619985400000587,0,491678,False,,1,0.0,0,False,,,1,,,,"[{""bbox"": [346, 342, 20, 18], ""centroid"": [355.5, 350.52536231884056], ""area_px"": 322.0, ""has_hole"": true}]",0.0,0.0,0.0,0.27
1784257950.3066034,ACTIVE,APPROACH,9.639763900020625,0,491679,False,,1,0.0,0,False,,,1,,,,"[{""bbox"": [346, 343, 20, 17], ""centroid"": [355.5, 351.025302530253], ""area_px"": 303.0, ""has_hole"": true}]",0.0,0.0,0.0,0.27
1784257950.327415,ACTIVE,APPROACH,9.660131799988449,0,491680,False,,0,0.0,0,False,,,0,,,,[],0.0,0.0,0.0,0.27
1784257950.3470283,ACTIVE,APPROACH,9.680198099988047,0,491680,False,,0,0.0,0,False,,,0,,,,[],0.0,0.0,0.0,0.27
1784257950.367061,ACTIVE,APPROACH,9.700220500002615,0,491681,False,,0,0.0,0,False,,,0,,,,[],0.0,0.0,0.0,0.27
1784257950.387187,ACTIVE,APPROACH,9.720328599971253,0,491681,False,,0,0.0,0,False,,,0,,,,[],0.0,0.0,0.0,0.27
1784257950.4079967,ACTIVE,APPROACH,9.740796700003557,0,491682,False,,0,0.0,0,False,,,0,,,,[],0.0,0.0,0.0,0.27
1784257950.4270566,ACTIVE,APPROACH,9.760155299969483,0,491683,False,,0,0.0,0,False,,,0,,,,[],0.0,0.0,0.0,0.27
1784257950.4469836,ACTIVE,APPROACH,9.779980599996634,0,491683,False,,0,0.0,0,False,,,0,,,,[],0.0,0.0,0.0,0.27
1784257950.4667513,ACTIVE,APPROACH,9.799903800012544,0,491684,False,,0,0.0,0,False,,,0,,,,[],0.0,0.0,0.0,0.27
1784257950.4869454,ACTIVE,APPROACH,9.820079599972814,0,491684,False,,0,0.0,0,False,,,0,,,,[],0.0,0.0,0.0,0.27
1784257950.5070286,ACTIVE,APPROACH,9.839729800005443,0,491685,False,,0,0.0,0,False,,,0,,,,[],0.0,0.0,0.0,0.27
1784257950.5285225,ACTIVE,APPROACH,9.861596099974122,0,491686,False,,0,0.0,0,False,,,0,,,,[],0.0,0.0,0.0,0.27
1784257950.5471034,ACTIVE,APPROACH,9.87979609996546,0,491686,False,,0,0.0,0,False,,,0,,,,[],0.0,0.0,0.0,0.27
1784257950.56689,ACTIVE,APPROACH,9.900054299971089,0,491687,False,,0,0.0,0,False,,,0,,,,[],0.0,0.0,0.0,0.27
1784257950.5869052,ACTIVE,APPROACH,9.919903600006364,0,491688,False,,0,0.0,0,False,,,0,,,,[],0.0,0.0,0.0,0.27
1784257950.607102,ACTIVE,APPROACH,9.9401878999779,0,491688,False,,0,0.0,0,False,,,0,,,,[],0.0,0.0,0.0,0.27
1784257950.626645,ACTIVE,APPROACH,9.959789099986665,0,491689,False,,0,0.0,0,False,,,0,,,,[],0.0,0.0,0.0,0.27
1784257950.6470199,ACTIVE,APPROACH,9.980121299973689,0,491689,False,,0,0.0,0,False,,,0,,,,[],0.0,0.0,0.0,0.27
1784257950.6665952,ACTIVE,APPROACH,9.999786900007166,0,491690,False,,0,0.0,0,False,,,0,,,,[],0.0,0.0,0.0,0.27
1784257950.686962,ACTIVE,APPROACH,10.020097000000533,0,491690,False,,0,0.0,0,False,,,0,,,,[],0.0,0.0,0.0,0.27
1784257950.7067664,ACTIVE,APPROACH,10.039904100005515,0,491691,False,,0,0.0,0,False,,,0,,,,[],0.0,0.0,0.0,0.27
1784257950.7267678,ACTIVE,APPROACH,10.059891199984122,0,491692,False,,0,0.0,0,False,,,0,,,,[],0.0,0.0,0.0,0.27
1784257950.7483506,ACTIVE,APPROACH,10.081388099992182,0,491692,False,,0,0.0,0,False,,,0,,,,[],0.0,0.0,0.0,0.27
1784257950.7666295,ACTIVE,APPROACH,10.099810299987439,0,491693,False,,0,0.0,0,False,,,0,,,,[],0.0,0.0,0.0,0.27
1784257950.7869105,ACTIVE,APPROACH,10.12009909999324,0,491694,False,,0,0.0,0,False,,,0,,,,[],0.0,0.0,0.0,0.27
1784257950.8069074,ACTIVE,APPROACH,10.140051900001708,0,491694,False,,0,0.0,0,False,,,0,,,,[],0.0,0.0,0.0,0.27
1784257950.8271601,ACTIVE,APPROACH,10.160170999995898,0,491694,False,,0,0.0,0,False,,,0,,,,[],0.0,0.0,0.0,0.27
1784257950.8472698,ACTIVE,APPROACH,10.180221699993126,0,491695,False,,0,0.0,0,False,,,0,,,,[],0.0,0.0,0.0,0.27
1784257950.8670404,ACTIVE,APPROACH,10.200167200004216,0,491696,False,,0,0.0,0,False,,,0,,,,[],0.0,0.0,0.0,0.27
1784257950.8879285,ACTIVE,APPROACH,10.221098000009079,0,491697,False,,0,0.0,0,False,,,0,,,,[],0.0,0.0,0.0,0.27
1784257950.9070075,ACTIVE,APPROACH,10.240096699970309,0,491697,False,,0,0.0,0,False,,,0,,,,[],0.0,0.0,0.0,0.27
1784257950.9268005,ACTIVE,APPROACH,10.259991200000513,0,491697,False,,0,0.0,0,False,,,0,,,,[],0.0,0.0,0.0,0.27
1784257950.9469368,ACTIVE,APPROACH,10.280097000009846,0,491698,False,,0,0.0,0,False,,,0,,,,[],0.0,0.0,0.0,0.27
1784257950.9666667,ACTIVE,APPROACH,10.29982580000069,0,491699,False,,0,0.0,0,False,,,0,,,,[],0.0,0.0,0.0,0.27
1784257950.9868822,ACTIVE,APPROACH,10.320014700002503,0,491699,False,,0,0.0,0,False,,,0,,,,[],0.0,0.0,0.0,0.27
1784257951.0070581,ACTIVE,APPROACH,10.340185699984431,0,491700,False,,0,0.0,0,False,,,0,,,,[],0.0,0.0,0.0,0.27
1784257951.0273485,ACTIVE,APPROACH,10.360125200008042,0,491701,False,,0,0.0,0,False,,,0,,,,[],0.0,0.0,0.0,0.27
1784257951.0470362,ACTIVE,APPROACH,10.379956200020388,0,491701,False,,0,0.0,0,False,,,0,,,,[],0.0,0.0,0.0,0.27
1784257951.0670598,ACTIVE,APPROACH,10.39988420001464,0,491702,False,,0,0.0,0,False,,,0,,,,[],0.0,0.0,0.0,0.27
1784257951.0866985,ACTIVE,APPROACH,10.41987689997768,0,491702,False,,0,0.0,0,False,,,0,,,,[],0.0,0.0,0.0,0.27
1784257951.10699,ACTIVE,APPROACH,10.440116300014779,0,491703,False,,0,0.0,0,False,,,0,,,,[],0.0,0.0,0.0,0.27
1784257951.1269186,ACTIVE,APPROACH,10.459972199983895,0,491703,False,,0,0.0,0,False,,,0,,,,[],0.0,0.0,0.0,0.27
1784257951.1468368,ACTIVE,APPROACH,10.479926100000739,0,491704,False,,0,0.0,0,False,,,0,,,,[],0.0,0.0,0.0,0.27
1784257951.166919,ACTIVE,APPROACH,10.500053099996876,0,491705,False,,0,0.0,0,False,,,0,,,,[],0.0,0.0,0.0,0.27
1784257951.186761,ACTIVE,APPROACH,10.519867399998475,0,491705,False,,0,0.0,0,False,,,0,,,,[],0.0,0.0,0.0,0.27
1784257951.2070112,ACTIVE,APPROACH,10.540101799997501,0,491706,False,,0,0.0,0,False,,,0,,,,[],0.0,0.0,0.0,0.27
1784257951.2272043,ACTIVE,APPROACH,10.560296299983747,0,491706,False,,0,0.0,0,False,,,0,,,,[],0.0,0.0,0.0,0.27
1784257951.2467098,ACTIVE,APPROACH,10.579859099991154,0,491707,False,,0,0.0,0,False,,,0,,,,[],0.0,0.0,0.0,0.27
1784257951.2667992,ACTIVE,APPROACH,10.599950900010299,0,491708,False,,0,0.0,0,False,,,0,,,,[],0.0,0.0,0.0,0.27
1784257951.2874436,ACTIVE,APPROACH,10.620493899972644,0,491708,False,,0,0.0,0,False,,,0,,,,[],0.0,0.0,0.0,0.27
1784257951.3071394,ACTIVE,APPROACH,10.640251700009685,0,491709,False,,0,0.0,0,False,,,0,,,,[],0.0,0.0,0.0,0.27
1784257951.3267298,ACTIVE,APPROACH,10.659838699968532,0,491709,False,,0,0.0,0,False,,,0,,,,[],0.0,0.0,0.0,0.27
1784257951.347036,ACTIVE,APPROACH,10.68015440000454,0,491710,False,,0,0.0,0,False,,,0,,,,[],0.0,0.0,0.0,0.27
1784257951.366591,ACTIVE,APPROACH,10.699721099983435,0,491711,False,,0,0.0,0,False,,,0,,,,[],0.0,0.0,0.0,0.27
1784257951.3867133,ACTIVE,APPROACH,10.719910299987532,0,491711,False,,0,0.0,0,False,,,0,,,,[],0.0,0.0,0.0,0.27
1784257951.4070919,ACTIVE,APPROACH,10.7398644000059,0,491712,False,,0,0.0,0,False,,,0,,,,[],0.0,0.0,0.0,0.27
1784257951.4268477,ACTIVE,APPROACH,10.759989099984523,0,491713,True,1331,1,1.0,0,True,acquired,,0,323.47522522522524,319.5322822822822,222.0,"[{""bbox"": [316, 312, 16, 16], ""centroid"": [323.47522522522524, 319.5322822822822], ""area_px"": 222.0, ""has_hole"": true}]",0.0,0.0,0.0,0.27
1784257951.447156,ACTIVE,APPROACH,10.780176999978721,0,491713,True,1334,1,1.0,0,True,acquired,,0,323.47522522522524,319.5322822822822,222.0,"[{""bbox"": [316, 312, 16, 16], ""centroid"": [323.47522522522524, 319.5322822822822], ""area_px"": 222.0, ""has_hole"": true}]",0.0,0.0,0.0,0.27
1784257951.4674811,ACTIVE,APPROACH,10.80010360002052,0,491714,True,1335,1,0.962287671537153,0,False,,0.03771232846284703,0,323.5239130434783,320.46521739130435,230.0,"[{""bbox"": [316, 312, 16, 18], ""centroid"": [323.5239130434783, 320.46521739130435], ""area_px"": 230.0, ""has_hole"": true}]",0.0,0.0,0.0,0.27
1784257951.4868724,ACTIVE,APPROACH,10.820008400012739,0,491714,True,1338,1,1.0,0,True,acquired,,0,323.5239130434783,320.46521739130435,230.0,"[{""bbox"": [316, 312, 16, 18], ""centroid"": [323.5239130434783, 320.46521739130435], ""area_px"": 230.0, ""has_hole"": true}]",0.0,0.0,0.0,0.27
1784257951.506852,ACTIVE,APPROACH,10.839999599964358,0,491715,True,1340,1,1.0,0,True,acquired,,0,323.5,321.5,223.0,"[{""bbox"": [316, 314, 16, 16], ""centroid"": [323.5, 321.5], ""area_px"": 223.0, ""has_hole"": true}]",0.0,0.0,0.0,0.27
1784257951.526839,ACTIVE,APPROACH,10.85992229997646,0,491716,True,1342,1,0.9566031936088073,0,False,,0.04339680639119266,0,323.53617021276597,322.6007092198581,235.0,"[{""bbox"": [316, 314, 16, 18], ""centroid"": [323.53617021276597, 322.6007092198581], ""area_px"": 235.0, ""has_hole"": true}]",0.0,0.0,0.0,0.27
1784257951.5471053,ACTIVE,APPROACH,10.880197099992074,0,491716,True,1345,1,1.0,0,True,acquired,,0,323.53617021276597,322.6007092198581,235.0,"[{""bbox"": [316, 314, 16, 18], ""centroid"": [323.53617021276597, 322.6007092198581], ""area_px"": 235.0, ""has_hole"": true}]",0.0,0.0,0.0,0.27
1784257951.5666366,ACTIVE,APPROACH,10.899793399963528,0,491717,True,1347,1,0.9578595675536506,0,False,,0.04214043244634931,0,323.5,323.5,223.0,"[{""bbox"": [316, 316, 16, 16], ""centroid"": [323.5, 323.5], ""area_px"": 223.0, ""has_hole"": true}]",0.0,0.0,0.0,0.27
1784257951.5869818,ACTIVE,APPROACH,10.920105499972124,0,491717,True,1349,1,1.0,0,True,acquired,,0,323.5,323.5,223.0,"[{""bbox"": [316, 316, 16, 16], ""centroid"": [323.5, 323.5], ""area_px"": 223.0, ""has_hole"": true}]",0.0,0.0,0.0,0.27
1784257951.6071773,ACTIVE,APPROACH,10.939862800005358,0,491718,True,1351,1,0.9554214567555955,0,False,,0.04457854324440444,0,323.4643119941133,324.6203090507726,226.5,"[{""bbox"": [316, 317, 16, 17], ""centroid"": [323.4643119941133, 324.6203090507726], ""area_px"": 226.5, ""has_hole"": true}]",0.0,0.0,0.0,0.27
1784257951.6270607,ACTIVE,APPROACH,10.959947999974247,0,491718,True,1353,1,1.0,0,True,acquired,,0,323.4643119941133,324.6203090507726,226.5,"[{""bbox"": [316, 317, 16, 17], ""centroid"": [323.4643119941133, 324.6203090507726], ""area_px"": 226.5, ""has_hole"": true}]",0.0,0.0,0.0,0.27
1784257951.6469736,ACTIVE,APPROACH,10.980137999984436,0,491719,True,1355,1,1.0,0,True,acquired,,0,323.5,325.5,223.0,"[{""bbox"": [316, 318, 16, 16], ""centroid"": [323.5, 325.5], ""area_px"": 223.0, ""has_hole"": true}]",0.0,0.0,0.0,0.27
1784257951.6668956,ACTIVE,APPROACH,10.99993250000989,0,491720,True,1356,1,0.952584041378334,0,False,,0.04741595862166598,0,323.4208606856309,326.68854850474105,228.5,"[{""bbox"": [316, 319, 16, 17], ""centroid"": [323.4208606856309, 326.68854850474105], ""area_px"": 228.5, ""has_hole"": true}]",0.0,0.0,0.0,0.27
1784257951.687299,ACTIVE,APPROACH,11.020117399981245,0,491720,True,1359,1,1.0,0,True,acquired,,0,323.4208606856309,326.68854850474105,228.5,"[{""bbox"": [316, 319, 16, 17], ""centroid"": [323.4208606856309, 326.68854850474105], ""area_px"": 228.5, ""has_hole"": true}]",0.0,0.0,0.0,0.27
1784257951.7068608,ACTIVE,APPROACH,11.039898499962874,0,491721,True,1361,1,1.0,0,True,acquired,,0,323.5,327.5,223.0,"[{""bbox"": [316, 320, 16, 16], ""centroid"": [323.5, 327.5], ""area_px"": 223.0, ""has_hole"": true}]",0.0,0.0,0.0,0.27
1784257951.7268918,ACTIVE,APPROACH,11.060006799991243,0,491721,True,1363,1,1.0,0,True,acquired,,0,323.5,327.5,223.0,"[{""bbox"": [316, 320, 16, 16], ""centroid"": [323.5, 327.5], ""area_px"": 223.0, ""has_hole"": true}]",0.0,0.0,0.0,0.27
1784257951.7470725,ACTIVE,APPROACH,11.080177999974694,0,491722,True,1364,1,1.0,0,True,acquired,,0,323.51521739130436,328.7427536231884,230.0,"[{""bbox"": [316, 321, 16, 17], ""centroid"": [323.51521739130436, 328.7427536231884], ""area_px"": 230.0, ""has_hole"": true}]",0.0,0.0,0.0,0.27
1784257951.7670653,ACTIVE,APPROACH,11.100211500015575,0,491723,True,1366,1,0.9667652884313309,0,False,,0.0332347115686691,0,323.57037037037037,329.5444444444444,225.0,"[{""bbox"": [316, 322, 17, 16], ""centroid"": [323.57037037037037, 329.5444444444444], ""area_px"": 225.0, ""has_hole"": true}]",0.0,0.0,0.0,0.27
1784257951.787568,ACTIVE,APPROACH,11.120686799986288,0,491723,True,1368,1,1.0,0,True,acquired,,0,323.57037037037037,329.5444444444444,225.0,"[{""bbox"": [316, 322, 17, 16], ""centroid"": [323.57037037037037, 329.5444444444444], ""area_px"": 225.0, ""has_hole"": true}]",0.0,0.0,0.0,0.27
1784257951.806729,ACTIVE,APPROACH,11.139886499964632,0,491723,True,1370,1,1.0,0,True,acquired,,0,323.57037037037037,329.5444444444444,225.0,"[{""bbox"": [316, 322, 17, 16], ""centroid"": [323.57037037037037, 329.5444444444444], ""area_px"": 225.0, ""has_hole"": true}]",0.0,0.0,0.0,0.27
1784257951.826625,ACTIVE,APPROACH,11.159772699989844,0,491724,True,1372,1,1.0,0,True,acquired,,0,323.4805194805195,330.77128427128423,231.0,"[{""bbox"": [316, 323, 16, 17], ""centroid"": [323.4805194805195, 330.77128427128423], ""area_px"": 231.0, ""has_hole"": true}]",0.0,0.0,0.0,0.27
1784257951.8477075,ACTIVE,APPROACH,11.180821699963417,0,491725,True,1374,1,1.0,0,True,acquired,,0,323.5,331.5,223.0,"[{""bbox"": [316, 324, 16, 16], ""centroid"": [323.5, 331.5], ""area_px"": 223.0, ""has_hole"": true}]",0.0,0.0,0.0,0.27
1784257951.8669732,ACTIVE,APPROACH,11.200106200005393,0,491726,True,1376,1,0.9519083932506692,0,False,,0.048091606749330724,0,323.48471615720524,332.7037845705968,229.0,"[{""bbox"": [316, 325, 16, 17], ""centroid"": [323.48471615720524, 332.7037845705968], ""area_px"": 229.0, ""has_hole"": true}]",0.0,0.0,0.0,0.27
1784257951.886959,ACTIVE,APPROACH,11.220102299994323,0,491726,True,1380,1,1.0,0,True,acquired,,0,323.48471615720524,332.7037845705968,229.0,"[{""bbox"": [316, 325, 16, 17], ""centroid"": [323.48471615720524, 332.7037845705968], ""area_px"": 229.0, ""has_hole"": true}]",0.0,0.0,0.0,0.27
1784257951.9070094,ACTIVE,APPROACH,11.240129199984949,0,491727,True,1382,1,1.0,0,True,acquired,,0,323.5,333.5,223.0,"[{""bbox"": [316, 326, 16, 16], ""centroid"": [323.5, 333.5], ""area_px"": 223.0, ""has_hole"": true}]",0.0,0.0,0.0,0.27
1784257951.9271374,ACTIVE,APPROACH,11.260290100006387,0,491728,True,1385,1,0.9015011661688598,0,False,,0.0984988338311402,0,324.06510416666663,334.984375,256.0,"[{""bbox"": [316, 327, 18, 17], ""centroid"": [324.06510416666663, 334.984375], ""area_px"": 256.0, ""has_hole"": true}]",0.0,0.0,0.0,0.27
1784257951.947061,ACTIVE,APPROACH,11.28022079996299,0,491728,True,1388,1,1.0,0,True,acquired,,0,324.06510416666663,334.984375,256.0,"[{""bbox"": [316, 327, 18, 17], ""centroid"": [324.06510416666663, 334.984375], ""area_px"": 256.0, ""has_hole"": true}]",0.0,0.0,0.0,0.27
1784257951.9668117,ACTIVE,APPROACH,11.299990699975751,0,491729,True,1390,1,1.0,0,True,acquired,,0,324.13113695090436,335.9612403100775,258.0,"[{""bbox"": [316, 328, 18, 17], ""centroid"": [324.13113695090436, 335.9612403100775], ""area_px"": 258.0, ""has_hole"": true}]",0.0,0.0,0.0,0.27
1784257951.9866195,ACTIVE,APPROACH,11.319787600019481,0,491729,True,1394,1,1.0,0,True,acquired,,0,324.13113695090436,335.9612403100775,258.0,"[{""bbox"": [316, 328, 18, 17], ""centroid"": [324.13113695090436, 335.9612403100775], ""area_px"": 258.0, ""has_hole"": true}]",0.0,0.0,0.0,0.27
1784257952.007032,ACTIVE,APPROACH,11.340158900013193,0,491730,True,1396,1,1.0,0,True,acquired,,0,324.303605313093,337.06008855154965,263.5,"[{""bbox"": [316, 329, 18, 17], ""centroid"": [324.303605313093, 337.06008855154965], ""area_px"": 263.5, ""has_hole"": true}]",0.0,0.0,0.0,0.27
1784257952.026661,ACTIVE,APPROACH,11.359789800015278,0,491731,True,1398,1,0.960601792391459,0,False,,0.03939820760854095,0,324.22010178117046,338.059796437659,262.0,"[{""bbox"": [316, 330, 18, 18], ""centroid"": [324.22010178117046, 338.059796437659], ""area_px"": 262.0, ""has_hole"": true}]",0.0,0.0,0.0,0.27
1784257952.047056,ACTIVE,APPROACH,11.380241899983957,0,491731,True,1402,1,1.0,0,True,acquired,,0,324.22010178117046,338.059796437659,262.0,"[{""bbox"": [316, 330, 18, 18], ""centroid"": [324.22010178117046, 338.059796437659], ""area_px"": 262.0, ""has_hole"": true}]",0.0,0.0,0.0,0.27
1784257952.066741,ACTIVE,APPROACH,11.399892200017348,0,491732,True,1404,1,1.0,0,True,acquired,,0,324.20921305182344,339.00319897632755,260.5,"[{""bbox"": [316, 331, 18, 17], ""centroid"": [324.20921305182344, 339.00319897632755], ""area_px"": 260.5, ""has_hole"": true}]",0.0,0.0,0.0,0.27
1784257952.0868204,ACTIVE,APPROACH,11.419937099970412,0,491732,True,1407,1,1.0,0,True,acquired,,0,324.20921305182344,339.00319897632755,260.5,"[{""bbox"": [316, 331, 18, 17], ""centroid"": [324.20921305182344, 339.00319897632755], ""area_px"": 260.5, ""has_hole"": true}]",0.0,0.0,0.0,0.27
1784257952.1069098,ACTIVE,APPROACH,11.440037599997595,0,491733,True,1410,1,1.0,0,True,acquired,,0,324.13113695090436,339.9612403100775,258.0,"[{""bbox"": [316, 332, 18, 17], ""centroid"": [324.13113695090436, 339.9612403100775], ""area_px"": 258.0, ""has_hole"": true}]",0.0,0.0,0.0,0.27
1784257952.1271636,ACTIVE,APPROACH,11.460213600017596,0,491734,True,1413,1,1.0,0,True,acquired,,0,324.2266922094508,342.0038314176245,261.0,"[{""bbox"": [316, 334, 18, 17], ""centroid"": [324.2266922094508, 342.0038314176245], ""area_px"": 261.0, ""has_hole"": true}]",0.0,0.0,0.0,0.27
1784257952.1468606,ACTIVE,APPROACH,11.479975499969441,0,491734,True,1416,1,1.0,0,True,acquired,,0,324.2266922094508,342.0038314176245,261.0,"[{""bbox"": [316, 334, 18, 17], ""centroid"": [324.2266922094508, 342.0038314176245], ""area_px"": 261.0, ""has_hole"": true}]",0.0,0.0,0.0,0.27
1784257952.1670144,ACTIVE,APPROACH,11.50011419999646,0,491735,True,1418,1,1.0,0,True,acquired,,0,324.27238095238096,343.0260317460317,262.5,"[{""bbox"": [316, 335, 18, 17], ""centroid"": [324.27238095238096, 343.0260317460317], ""area_px"": 262.5, ""has_hole"": true}]",0.0,0.0,0.0,0.27
1784257952.186853,ACTIVE,APPROACH,11.520009799976833,0,491735,True,1421,1,1.0,0,True,acquired,,0,324.27238095238096,343.0260317460317,262.5,"[{""bbox"": [316, 335, 18, 17], ""centroid"": [324.27238095238096, 343.0260317460317], ""area_px"": 262.5, ""has_hole"": true}]",0.0,0.0,0.0,0.27
1784257952.2069852,ACTIVE,APPROACH,11.540122999984305,0,491736,False,,1,0.0,0,False,,,1,,,,"[{""bbox"": [316, 336, 18, 17], ""centroid"": [324.17726396917146, 343.9877970456005], ""area_px"": 259.5, ""has_hole"": true}]",0.0,0.0,0.0,0.27
1784257952.2271574,ACTIVE,APPROACH,11.560213699995074,0,491737,False,,1,0.0,0,False,,,1,,,,"[{""bbox"": [316, 337, 18, 18], ""centroid"": [324.1493827160494, 345.52407407407406], ""area_px"": 270.0, ""has_hole"": true}]",0.0,0.0,0.0,0.27
1784257952.2473943,ACTIVE,APPROACH,11.579821499995887,0,491737,False,,1,0.0,0,False,,,1,,,,"[{""bbox"": [316, 337, 18, 18], ""centroid"": [324.1493827160494, 345.52407407407406], ""area_px"": 270.0, ""has_hole"": true}]",0.0,0.0,0.0,0.27
1784257952.2666898,ACTIVE,APPROACH,11.599877299973741,0,491738,False,,1,0.0,0,False,,,1,,,,"[{""bbox"": [316, 338, 18, 18], ""centroid"": [324.09279609279605, 346.4835164835165], ""area_px"": 273.0, ""has_hole"": true}]",0.0,0.0,0.0,0.27
1784257952.286863,ACTIVE,APPROACH,11.619969199993648,0,491739,False,,1,0.0,0,False,,,1,,,,"[{""bbox"": [316, 339, 18, 19], ""centroid"": [324.2168746286393, 347.5597147950089], ""area_px"": 280.5, ""has_hole"": true}]",0.0,0.0,0.0,0.27
1784257952.306885,ACTIVE,APPROACH,11.640054699964821,0,491739,False,,1,0.0,0,False,,,1,,,,"[{""bbox"": [316, 339, 18, 19], ""centroid"": [324.2168746286393, 347.5597147950089], ""area_px"": 280.5, ""has_hole"": true}]",0.0,0.0,0.0,0.27
1784257952.3269038,ACTIVE,APPROACH,11.660077399981674,0,491740,False,,1,0.0,0,False,,,1,,,,"[{""bbox"": [316, 341, 18, 19], ""centroid"": [324.1783625730994, 349.7134502923976], ""area_px"": 285.0, ""has_hole"": true}]",0.0,0.0,0.0,0.27
1784257952.3466654,ACTIVE,APPROACH,11.679832499998156,0,491740,False,,1,0.0,0,False,,,1,,,,"[{""bbox"": [316, 341, 18, 19], ""centroid"": [324.1783625730994, 349.7134502923976], ""area_px"": 285.0, ""has_hole"": true}]",0.0,0.0,0.0,0.27
1784257952.3665578,ACTIVE,APPROACH,11.69971610000357,0,491741,False,,1,0.0,0,False,,,1,,,,"[{""bbox"": [316, 342, 18, 18], ""centroid"": [324.5, 350.52835648148147], ""area_px"": 288.0, ""has_hole"": true}]",0.0,0.0,0.0,0.27
1784257952.3867884,ACTIVE,APPROACH,11.719911299995147,0,491741,False,,1,0.0,0,False,,,1,,,,"[{""bbox"": [316, 342, 18, 18], ""centroid"": [324.5, 350.52835648148147], ""area_px"": 288.0, ""has_hole"": true}]",0.0,0.0,0.0,0.27
1784257952.4067566,ACTIVE,APPROACH,11.739904500020202,0,491742,False,,1,0.0,0,False,,,1,,,,"[{""bbox"": [316, 342, 18, 18], ""centroid"": [324.34774436090225, 350.86716791979944], ""area_px"": 266.0, ""has_hole"": true}]",0.0,0.0,0.0,0.27
1784257952.4269583,ACTIVE,APPROACH,11.760110299976077,0,491743,False,,1,0.0,0,False,,,1,,,,"[{""bbox"": [316, 344, 18, 16], ""centroid"": [324.5, 351.52821522309705], ""area_px"": 254.0, ""has_hole"": true}]",0.0,0.0,0.0,0.27
1784257952.4470968,ACTIVE,APPROACH,11.780132699990645,0,491743,False,,1,0.0,0,False,,,1,,,,"[{""bbox"": [316, 344, 18, 16], ""centroid"": [324.5, 351.52821522309705], ""area_px"": 254.0, ""has_hole"": true}]",0.0,0.0,0.0,0.27
1784257952.466957,ACTIVE,APPROACH,11.800014399981592,0,491744,False,,1,0.0,0,False,,,1,,,,"[{""bbox"": [316, 346, 18, 14], ""centroid"": [324.5, 352.5280303030303], ""area_px"": 220.0, ""has_hole"": true}]",0.0,0.0,0.0,0.27
1784257952.4871078,ACTIVE,APPROACH,11.820040199963842,0,491744,False,,1,0.0,0,False,,,1,,,,"[{""bbox"": [316, 346, 18, 14], ""centroid"": [324.5, 352.5280303030303], ""area_px"": 220.0, ""has_hole"": true}]",0.0,0.0,0.0,0.27
1784257952.5086432,ACTIVE,APPROACH,11.841837899992242,0,491745,False,,0,0.0,0,False,,,0,,,,[],0.0,0.0,0.0,0.27
1784257952.526944,ACTIVE,APPROACH,11.860044999979436,0,491745,False,,0,0.0,0,False,,,0,,,,[],0.0,0.0,0.0,0.27
1784257952.5469162,ACTIVE,APPROACH,11.879983699996956,0,491746,False,,0,0.0,0,False,,,0,,,,[],0.0,0.0,0.0,0.27
1784257952.5668728,ACTIVE,APPROACH,11.9000147000188,0,491747,False,,0,0.0,0,False,,,0,,,,[],0.0,0.0,0.0,0.27
1784257952.5867534,ACTIVE,APPROACH,11.91989590000594,0,491747,False,,0,0.0,0,False,,,0,,,,[],0.0,0.0,0.0,0.27
1784257952.6067123,ACTIVE,APPROACH,11.939792499993928,0,491748,False,,0,0.0,0,False,,,0,,,,[],0.0,0.0,0.0,0.27
1784257952.6267443,ACTIVE,APPROACH,11.959903699986171,0,491749,False,,0,0.0,0,False,,,0,,,,[],0.0,0.0,0.0,0.27
1784257952.6470647,ACTIVE,APPROACH,11.980185699998401,0,491749,False,,0,0.0,0,False,,,0,,,,[],0.0,0.0,0.0,0.27
1784257952.666987,ACTIVE,APPROACH,11.999867699982133,0,491750,False,,0,0.0,0,False,,,0,,,,[],0.0,0.0,0.0,0.27
1784257952.6868498,RESET_REQUESTED,APPROACH,12.019714599999133,0,491750,False,,0,0.0,0,False,,,0,,,,[],0.0,0.0,0.0,0.27
